{
  "type": "FeatureCollection",
  "name": "Chennai_Surrounding_Districts",
  "features": [
    {
      "type": "Feature",
      "properties": {
        "district": "Chennai",
        "state": "Tamil Nadu",
        "country": "India",
        "source": "Survey of India / Census / OSM"
      },
      "geometry": {
        "type": "Polygon",
        "coordinates": [
          [
            [
              80.24967956542986,
              13.126361846923828
            ],
            [
              80.26257324218778,
              13.125151634216536
            ],
            [
              80.26728057861334,
              13.127729415893555
            ],
            [
              80.27487182617205,
              13.128649711608887
            ],
            [
              80.29012298584001,
              13.127129554748592
            ],
            [
              80.29196166992216,
              13.126960754394645
            ],
            [
              80.29763793945318,
              13.126619338989371
            ],
            [
              80.29763793945318,
              13.126527786254883
            ],
            [
              80.29791259765625,
              13.126529693603516
            ],
            [
              80.29791259765625,
              13.125971794128418
            ],
            [
              80.29818725585943,
              13.125971794128418
            ],
            [
              80.29818725585943,
              13.125688552856388
            ],
            [
              80.29846954345697,
              13.125694274902344
            ],
            [
              80.29846954345697,
              13.124859809875488
            ],
            [
              80.29819488525396,
              13.124859809875488
            ],
            [
              80.29819488525396,
              13.1243057250976
            ],
            [
              80.29763793945318,
              13.124311447143555
            ],
            [
              80.29763793945318,
              13.124030113220272
            ],
            [
              80.29791259765625,
              13.124030113220272
            ],
            [
              80.29791259765625,
              13.123749732971305
            ],
            [
              80.29846954345697,
              13.123749732971305
            ],
            [
              80.29846954345697,
              13.123470306396484
            ],
            [
              80.29875183105474,
              13.12347221374523
            ],
            [
              80.29875183105474,
              13.12319374084484
            ],
            [
              80.29958343505888,
              13.12319374084484
            ],
            [
              80.29958343505888,
              13.122916221618766
            ],
            [
              80.29985809326189,
              13.122920036315918
            ],
            [
              80.29985809326189,
              13.122360229492301
            ],
            [
              80.30014038085966,
              13.122362136841048
            ],
            [
              80.30014038085966,
              13.121527671814192
            ],
            [
              80.3004226684572,
              13.121529579162598
            ],
            [
              80.3004226684572,
              13.121250152587947
            ],
            [
              80.30069732666027,
              13.121250152587947
            ],
            [
              80.30069732666027,
              13.120960235595817
            ],
            [
              80.30097198486345,
              13.120971679687557
            ],
            [
              80.30097198486345,
              13.120694160461483
            ],
            [
              80.30124664306646,
              13.120694160461483
            ],
            [
              80.30124664306646,
              13.119861602783203
            ],
            [
              80.30152893066406,
              13.119861602783203
            ],
            [
              80.30152893066406,
              13.118748664855957
            ],
            [
              80.30179595947271,
              13.118748664855957
            ],
            [
              80.30179595947271,
              13.11763954162609
            ],
            [
              80.30236053466803,
              13.11763954162609
            ],
            [
              80.30236053466803,
              13.116530418395996
            ],
            [
              80.30264282226591,
              13.116530418395996
            ],
            [
              80.30264282226591,
              13.116251945495605
            ],
            [
              80.30236053466803,
              13.116251945495605
            ],
            [
              80.30236053466803,
              13.115151405334586
            ],
            [
              80.30208587646479,
              13.115151405334586
            ],
            [
              80.30208587646479,
              13.114581108093319
            ],
            [
              80.30236053466803,
              13.114583015441895
            ],
            [
              80.30236053466803,
              13.113471031188965
            ],
            [
              80.30263519287138,
              13.113471031188965
            ],
            [
              80.30263519287138,
              13.113195419311467
            ],
            [
              80.30319213867216,
              13.113195419311467
            ],
            [
              80.30319213867216,
              13.112916946411076
            ],
            [
              80.30346679687517,
              13.112921714782772
            ],
            [
              80.30346679687517,
              13.112641334533748
            ],
            [
              80.30374908447277,
              13.112641334533748
            ],
            [
              80.30374908447277,
              13.112092018127555
            ],
            [
              80.30403900146501,
              13.112092018127555
            ],
            [
              80.30403900146501,
              13.111531257629395
            ],
            [
              80.30458068847656,
              13.111531257629395
            ],
            [
              80.30458068847656,
              13.111250877380428
            ],
            [
              80.30486297607428,
              13.111250877380428
            ],
            [
              80.30486297607428,
              13.110690116882324
            ],
            [
              80.30458068847656,
              13.110694885253963
            ],
            [
              80.30458068847656,
              13.109582901001204
            ],
            [
              80.30486297607428,
              13.109582901001204
            ],
            [
              80.30486297607428,
              13.107916831970215
            ],
            [
              80.30458068847656,
              13.107920646667537
            ],
            [
              80.30458068847656,
              13.107362747192496
            ],
            [
              80.30513763427729,
              13.107362747192496
            ],
            [
              80.30513763427729,
              13.107080459594783
            ],
            [
              80.30486297607428,
              13.107083320617619
            ],
            [
              80.30486297607428,
              13.106806755066032
            ],
            [
              80.3043060302735,
              13.106810569763184
            ],
            [
              80.3043060302735,
              13.106531143188704
            ],
            [
              80.30403900146501,
              13.106531143188704
            ],
            [
              80.30403900146501,
              13.10542106628418
            ],
            [
              80.30374908447277,
              13.10542106628418
            ],
            [
              80.30374908447277,
              13.104310989379996
            ],
            [
              80.30319213867216,
              13.104304313659782
            ],
            [
              80.30319213867216,
              13.104584693908748
            ],
            [
              80.30263519287138,
              13.104584693908748
            ],
            [
              80.30263519287138,
              13.104860305786246
            ],
            [
              80.30208587646479,
              13.104860305786246
            ],
            [
              80.30208587646479,
              13.105140686035213
            ],
            [
              80.30179595947271,
              13.105140686035213
            ],
            [
              80.30179595947271,
              13.10542106628418
            ],
            [
              80.30208587646479,
              13.105417251586971
            ],
            [
              80.30208587646479,
              13.105973243713493
            ],
            [
              80.30152893066406,
              13.105960845947266
            ],
            [
              80.30152893066406,
              13.107641220092887
            ],
            [
              80.30291748046875,
              13.107641220092887
            ],
            [
              80.30291748046875,
              13.110138893127669
            ],
            [
              80.30346679687517,
              13.110138893127669
            ],
            [
              80.30346679687517,
              13.110419273376465
            ],
            [
              80.30374908447277,
              13.110419273376465
            ],
            [
              80.30374908447277,
              13.111531257629395
            ],
            [
              80.30319213867216,
              13.111531257629395
            ],
            [
              80.30319213867216,
              13.111811637878418
            ],
            [
              80.30263519287138,
              13.111804962158317
            ],
            [
              80.30264282226591,
              13.112360954284611
            ],
            [
              80.30208587646479,
              13.112360954284611
            ],
            [
              80.30208587646479,
              13.112921714782772
            ],
            [
              80.30179595947271,
              13.112921714782772
            ],
            [
              80.30179595947271,
              13.112360954284611
            ],
            [
              80.30152893066406,
              13.112360954284611
            ],
            [
              80.30152893066406,
              13.111811637878418
            ],
            [
              80.30124664306646,
              13.111811637878418
            ],
            [
              80.30124664306646,
              13.110419273376465
            ],
            [
              80.30097198486345,
              13.110419273376465
            ],
            [
              80.30097198486345,
              13.109861373901424
            ],
            [
              80.30069732666027,
              13.109861373901424
            ],
            [
              80.30069732666027,
              13.109582901001204
            ],
            [
              80.30041503906267,
              13.109582901001204
            ],
            [
              80.30041503906267,
              13.109028816223145
            ],
            [
              80.30014038085966,
              13.109028816223145
            ],
            [
              80.30014038085966,
              13.10875129699707
            ],
            [
              80.3004226684572,
              13.10875129699707
            ],
            [
              80.30041503906267,
              13.107916831970215
            ],
            [
              80.30014038085966,
              13.107920646667537
            ],
            [
              80.30014038085966,
              13.106531143188704
            ],
            [
              80.29985809326189,
              13.106531143188704
            ],
            [
              80.29985809326189,
              13.105690002441406
            ],
            [
              80.29958343505888,
              13.105694770813102
            ],
            [
              80.29958343505888,
              13.104584693908748
            ],
            [
              80.29930877685553,
              13.104584693908748
            ],
            [
              80.29930877685553,
              13.103750228881893
            ],
            [
              80.2990264892581,
              13.103750228881893
            ],
            [
              80.2990264892581,
              13.102641105651799
            ],
            [
              80.29875183105474,
              13.102641105651799
            ],
            [
              80.29875183105474,
              13.101811408996639
            ],
            [
              80.29846954345697,
              13.101811408996639
            ],
            [
              80.29846954345697,
              13.100420951843262
            ],
            [
              80.2990264892581,
              13.100420951843262
            ],
            [
              80.2990264892581,
              13.100152015686035
            ],
            [
              80.29957580566435,
              13.100152015686035
            ],
            [
              80.29957580566435,
              13.099860191345329
            ],
            [
              80.30041503906267,
              13.099862098693904
            ],
            [
              80.30041503906267,
              13.09958362579357
            ],
            [
              80.30097198486345,
              13.09958362579357
            ],
            [
              80.30097198486345,
              13.09930610656744
            ],
            [
              80.30124664306646,
              13.099310874938908
            ],
            [
              80.30124664306646,
              13.099029541015682
            ],
            [
              80.30152893066406,
              13.099029541015682
            ],
            [
              80.30152893066406,
              13.098750114440975
            ],
            [
              80.30097198486345,
              13.098750114440975
            ],
            [
              80.30097198486345,
              13.098189353942871
            ],
            [
              80.30069732666027,
              13.09819412231468
            ],
            [
              80.30069732666027,
              13.09791564941412
            ],
            [
              80.30014038085966,
              13.097920417785588
            ],
            [
              80.30014038085966,
              13.097359657287825
            ],
            [
              80.29985809326189,
              13.09736156463623
            ],
            [
              80.29985809326189,
              13.097084045410156
            ],
            [
              80.29875183105474,
              13.097084045410156
            ],
            [
              80.29875183105474,
              13.096805572509766
            ],
            [
              80.29846954345697,
              13.096805572509766
            ],
            [
              80.29846954345697,
              13.097084045410156
            ],
            [
              80.29819488525396,
              13.097084045410156
            ],
            [
              80.29819488525396,
              13.09736156463623
            ],
            [
              80.29763793945318,
              13.09736156463623
            ],
            [
              80.29763793945318,
              13.09819412231468
            ],
            [
              80.29708099365246,
              13.09819412231468
            ],
            [
              80.29708099365246,
              13.0962495803833
            ],
            [
              80.29680633544939,
              13.0962495803833
            ],
            [
              80.29680633544939,
              13.09597015380865
            ],
            [
              80.29652404785185,
              13.095972061157227
            ],
            [
              80.29652404785185,
              13.095693588256836
            ],
            [
              80.2962493896485,
              13.095693588256836
            ],
            [
              80.2962493896485,
              13.095137596130371
            ],
            [
              80.29596710205107,
              13.095140457153434
            ],
            [
              80.29596710205107,
              13.094861984253043
            ],
            [
              80.29569244384771,
              13.094861984253043
            ],
            [
              80.29569244384771,
              13.093471527099723
            ],
            [
              80.29652404785185,
              13.093471527099723
            ],
            [
              80.29652404785185,
              13.093194007873649
            ],
            [
              80.29708099365246,
              13.093194007873649
            ],
            [
              80.29708099365246,
              13.092914581298942
            ],
            [
              80.29791259765625,
              13.092920303344727
            ],
            [
              80.29791259765625,
              13.092641830444336
            ],
            [
              80.29818725585943,
              13.092641830444336
            ],
            [
              80.29818725585943,
              13.092362403869629
            ],
            [
              80.29958343505888,
              13.092362403869629
            ],
            [
              80.29958343505888,
              13.092083930969295
            ],
            [
              80.30014038085966,
              13.092083930969295
            ],
            [
              80.30014038085966,
              13.092362403869629
            ],
            [
              80.30069732666027,
              13.092362403869629
            ],
            [
              80.30069732666027,
              13.092641830444336
            ],
            [
              80.30097198486345,
              13.092641830444336
            ],
            [
              80.30097198486345,
              13.092920303344727
            ],
            [
              80.30124664306646,
              13.092914581298942
            ],
            [
              80.30124664306646,
              13.093194007873649
            ],
            [
              80.30152893066406,
              13.093194007873649
            ],
            [
              80.30152893066406,
              13.093471527099723
            ],
            [
              80.30179595947271,
              13.093471527099723
            ],
            [
              80.30179595947271,
              13.09375190734886
            ],
            [
              80.30208587646479,
              13.093750000000114
            ],
            [
              80.30208587646479,
              13.094028472900504
            ],
            [
              80.30236053466803,
              13.094020843505916
            ],
            [
              80.30236053466803,
              13.09430980682373
            ],
            [
              80.30264282226591,
              13.09430980682373
            ],
            [
              80.30264282226591,
              13.095140457153434
            ],
            [
              80.30291748046875,
              13.095140457153434
            ],
            [
              80.30291748046875,
              13.095422744750977
            ],
            [
              80.30319213867216,
              13.095417976379508
            ],
            [
              80.30319213867216,
              13.095693588256836
            ],
            [
              80.30346679687517,
              13.095690727234114
            ],
            [
              80.30346679687517,
              13.096811294555891
            ],
            [
              80.30291748046875,
              13.096805572509766
            ],
            [
              80.30291748046875,
              13.097084045410156
            ],
            [
              80.30263519287138,
              13.097084045410156
            ],
            [
              80.30263519287138,
              13.097359657287825
            ],
            [
              80.30291748046875,
              13.097359657287825
            ],
            [
              80.30291748046875,
              13.099029541015682
            ],
            [
              80.30319213867216,
              13.099027633667049
            ],
            [
              80.30319213867216,
              13.09958362579357
            ],
            [
              80.3034744262697,
              13.09958362579357
            ],
            [
              80.3034744262697,
              13.100693702697697
            ],
            [
              80.30374908447277,
              13.100691795349121
            ],
            [
              80.30374908447277,
              13.101249694824219
            ],
            [
              80.30403900146501,
              13.101249694824219
            ],
            [
              80.30403900146501,
              13.101531028747615
            ],
            [
              80.30458068847656,
              13.101531028747615
            ],
            [
              80.30458068847656,
              13.101811408996639
            ],
            [
              80.30513763427729,
              13.101811408996639
            ],
            [
              80.30513763427729,
              13.101531028747615
            ],
            [
              80.30596923828125,
              13.101531028747615
            ],
            [
              80.30596923828125,
              13.100420951843262
            ],
            [
              80.30568695068388,
              13.100420951843262
            ],
            [
              80.30568695068388,
              13.100152015686035
            ],
            [
              80.30513763427729,
              13.100152015686035
            ],
            [
              80.30513763427729,
              13.099860191345329
            ],
            [
              80.30486297607428,
              13.099862098693904
            ],
            [
              80.30486297607428,
              13.09930610656744
            ],
            [
              80.30458068847656,
              13.099310874938908
            ],
            [
              80.30458068847656,
              13.098189353942871
            ],
            [
              80.30486297607428,
              13.09819412231468
            ],
            [
              80.30486297607428,
              13.09791564941412
            ],
            [
              80.30458068847656,
              13.097920417785588
            ],
            [
              80.30458068847656,
              13.097640037536621
            ],
            [
              80.3043060302735,
              13.097640037536621
            ],
            [
              80.3043060302735,
              13.097079277038688
            ],
            [
              80.30403137207048,
              13.097084045410156
            ],
            [
              80.30403137207048,
              13.0962495803833
            ],
            [
              80.3043060302735,
              13.0962495803833
            ],
            [
              80.3043060302735,
              13.09597015380865
            ],
            [
              80.30458068847656,
              13.095972061157227
            ],
            [
              80.30458068847656,
              13.095693588256836
            ],
            [
              80.3043060302735,
              13.095693588256836
            ],
            [
              80.3043060302735,
              13.093750000000114
            ],
            [
              80.30403900146501,
              13.09375190734886
            ],
            [
              80.30403900146501,
              13.092641830444336
            ],
            [
              80.30374908447277,
              13.092641830444336
            ],
            [
              80.30374908447277,
              13.092081069946403
            ],
            [
              80.3034744262697,
              13.092083930969295
            ],
            [
              80.3034744262697,
              13.090970993042049
            ],
            [
              80.30319213867216,
              13.09097957611084
            ],
            [
              80.30319213867216,
              13.089580535888729
            ],
            [
              80.30291748046875,
              13.089583396911564
            ],
            [
              80.30291748046875,
              13.08930492401123
            ],
            [
              80.30264282226591,
              13.08930969238287
            ],
            [
              80.30264282226591,
              13.089030265808162
            ],
            [
              80.30208587646479,
              13.089030265808162
            ],
            [
              80.30208587646479,
              13.088750839233512
            ],
            [
              80.30179595947271,
              13.088750839233512
            ],
            [
              80.30179595947271,
              13.088471412658635
            ],
            [
              80.30152893066406,
              13.088473320007438
            ],
            [
              80.30152893066406,
              13.088194847107047
            ],
            [
              80.30097198486345,
              13.088194847107047
            ],
            [
              80.30097198486345,
              13.087917327880916
            ],
            [
              80.30069732666027,
              13.087920188903809
            ],
            [
              80.30069732666027,
              13.087080955505485
            ],
            [
              80.30041503906267,
              13.08708286285406
            ],
            [
              80.30041503906267,
              13.086805343627987
            ],
            [
              80.30069732666027,
              13.086812019348258
            ],
            [
              80.30069732666027,
              13.085421562194938
            ],
            [
              80.3004226684572,
              13.085421562194938
            ],
            [
              80.3004226684572,
              13.084850311279354
            ],
            [
              80.30014038085966,
              13.084860801696777
            ],
            [
              80.30014038085966,
              13.084583282470703
            ],
            [
              80.29846954345697,
              13.084583282470703
            ],
            [
              80.29846954345697,
              13.084304809570312
            ],
            [
              80.29818725585943,
              13.084308624267692
            ],
            [
              80.29818725585943,
              13.084029197692985
            ],
            [
              80.29763793945318,
              13.084029197692985
            ],
            [
              80.29763793945318,
              13.083189964294661
            ],
            [
              80.29736328125017,
              13.08319473266613
            ],
            [
              80.29736328125017,
              13.082917213440055
            ],
            [
              80.29708099365246,
              13.082921028137207
            ],
            [
              80.29708099365246,
              13.08236122131359
            ],
            [
              80.29680633544939,
              13.08236122131359
            ],
            [
              80.29680633544939,
              13.0820827484132
            ],
            [
              80.29652404785185,
              13.0820827484132
            ],
            [
              80.29652404785185,
              13.081805229187125
            ],
            [
              80.2962493896485,
              13.08181190490734
            ],
            [
              80.2962493896485,
              13.081251144409237
            ],
            [
              80.29596710205107,
              13.081251144409237
            ],
            [
              80.29596710205107,
              13.080967903137207
            ],
            [
              80.29569244384771,
              13.080972671509016
            ],
            [
              80.29569244384771,
              13.080416679382381
            ],
            [
              80.29541778564447,
              13.08042144775402
            ],
            [
              80.29541778564447,
              13.079860687255916
            ],
            [
              80.29513549804693,
              13.079860687255916
            ],
            [
              80.29513549804693,
              13.079306602478027
            ],
            [
              80.29486846923845,
              13.079311370849837
            ],
            [
              80.29486846923845,
              13.079039573669547
            ],
            [
              80.29458618164068,
              13.079039573669547
            ],
            [
              80.29458618164068,
              13.078470230102596
            ],
            [
              80.29430389404314,
              13.078473091125431
            ],
            [
              80.29430389404314,
              13.077637672424316
            ],
            [
              80.29402923583996,
              13.07764053344738
            ],
            [
              80.29402923583996,
              13.077360153198242
            ],
            [
              80.29374694824236,
              13.077360153198242
            ],
            [
              80.29374694824236,
              13.076527595520133
            ],
            [
              80.29347229003935,
              13.076531410217285
            ],
            [
              80.29347229003935,
              13.0759792327882
            ],
            [
              80.293197631836,
              13.0759792327882
            ],
            [
              80.293197631836,
              13.075690269470215
            ],
            [
              80.29291534423857,
              13.075694084167594
            ],
            [
              80.29291534423857,
              13.075415611267204
            ],
            [
              80.29264068603521,
              13.075421333312931
            ],
            [
              80.29264068603521,
              13.074580192566032
            ],
            [
              80.29235839843744,
              13.074582099914608
            ],
            [
              80.29235839843744,
              13.074028015136719
            ],
            [
              80.2920761108399,
              13.074030876159611
            ],
            [
              80.2920761108399,
              13.073749542236385
            ],
            [
              80.29180908203125,
              13.073749542236385
            ],
            [
              80.29180908203125,
              13.073191642761287
            ],
            [
              80.29152679443365,
              13.073193550109863
            ],
            [
              80.29152679443365,
              13.072916030883789
            ],
            [
              80.29125213623064,
              13.072916030883789
            ],
            [
              80.29125213623064,
              13.071528434753532
            ],
            [
              80.29096984863293,
              13.071530342102108
            ],
            [
              80.29096984863293,
              13.070969581604004
            ],
            [
              80.29069519042986,
              13.070972442627067
            ],
            [
              80.29069519042986,
              13.070693969726676
            ],
            [
              80.29041290283232,
              13.070689201355037
            ],
            [
              80.29041290283232,
              13.070139884948787
            ],
            [
              80.2901382446289,
              13.070141792297363
            ],
            [
              80.2901382446289,
              13.069581985473746
            ],
            [
              80.29041290283232,
              13.069583892822493
            ],
            [
              80.29041290283232,
              13.069306373596248
            ],
            [
              80.2901382446289,
              13.0693101882934
            ],
            [
              80.2901382446289,
              13.068471908569393
            ],
            [
              80.28986358642607,
              13.068471908569393
            ],
            [
              80.28986358642607,
              13.068194389343319
            ],
            [
              80.2890243530274,
              13.068194389343319
            ],
            [
              80.2890243530274,
              13.067917823791504
            ],
            [
              80.28819274902361,
              13.067917823791504
            ],
            [
              80.28819274902361,
              13.068194389343319
            ],
            [
              80.28736114501982,
              13.068194389343319
            ],
            [
              80.28736114501982,
              13.068471908569393
            ],
            [
              80.2867965698245,
              13.068471908569393
            ],
            [
              80.28680419921903,
              13.068750381469783
            ],
            [
              80.28630828857439,
              13.068750381469783
            ],
            [
              80.2859725952149,
              13.068750381469783
            ],
            [
              80.2859725952149,
              13.069029808044434
            ],
            [
              80.28569793701172,
              13.069029808044434
            ],
            [
              80.28569793701172,
              13.068750381469783
            ],
            [
              80.28514099121111,
              13.068750381469783
            ],
            [
              80.28514099121111,
              13.068471908569393
            ],
            [
              80.28541564941412,
              13.068471908569393
            ],
            [
              80.28541564941412,
              13.068194389343319
            ],
            [
              80.28569793701172,
              13.068194389343319
            ],
            [
              80.28569793701172,
              13.067917823791504
            ],
            [
              80.28595733642584,
              13.067917823791504
            ],
            [
              80.28624725341825,
              13.06791973114008
            ],
            [
              80.28624725341825,
              13.06764030456543
            ],
            [
              80.2867965698245,
              13.06764030456543
            ],
            [
              80.2867965698245,
              13.067361831665039
            ],
            [
              80.2870864868164,
              13.067361831665039
            ],
            [
              80.2870864868164,
              13.067081451416072
            ],
            [
              80.28736114501982,
              13.067084312438965
            ],
            [
              80.28736114501982,
              13.06624984741211
            ],
            [
              80.28763580322283,
              13.06624984741211
            ],
            [
              80.28763580322283,
              13.065690994262752
            ],
            [
              80.28736114501982,
              13.065695762634391
            ],
            [
              80.28736114501982,
              13.065139770507926
            ],
            [
              80.28763580322283,
              13.065139770507926
            ],
            [
              80.28763580322283,
              13.063749313354606
            ],
            [
              80.28736114501982,
              13.063749313354606
            ],
            [
              80.28736114501982,
              13.063470840454215
            ],
            [
              80.2867965698245,
              13.063470840454215
            ],
            [
              80.2867965698245,
              13.063191413879508
            ],
            [
              80.28541564941412,
              13.063193321228084
            ],
            [
              80.28542327880865,
              13.063470840454215
            ],
            [
              80.28485870361334,
              13.063470840454215
            ],
            [
              80.28485870361334,
              13.063191413879508
            ],
            [
              80.28430175781261,
              13.063193321228084
            ],
            [
              80.28430175781261,
              13.062639236450252
            ],
            [
              80.28402709960955,
              13.062639236450252
            ],
            [
              80.28402709960955,
              13.061532020568961
            ],
            [
              80.28375244140653,
              13.061532020568961
            ],
            [
              80.28375244140653,
              13.0609712600708
            ],
            [
              80.28347015380865,
              13.0609712600708
            ],
            [
              80.28347015380865,
              13.060417175292912
            ],
            [
              80.28375244140653,
              13.060421943664608
            ],
            [
              80.28375244140653,
              13.058470726013297
            ],
            [
              80.28347015380865,
              13.058472633361873
            ],
            [
              80.28347015380865,
              13.058195114135799
            ],
            [
              80.28319549560575,
              13.058195114135799
            ],
            [
              80.28319549560575,
              13.057639122009505
            ],
            [
              80.28291320800787,
              13.05764102935791
            ],
            [
              80.28291320800787,
              13.057360649108944
            ],
            [
              80.28263854980463,
              13.057360649108944
            ],
            [
              80.28263854980463,
              13.056809425353947
            ],
            [
              80.28235626220709,
              13.056809425353947
            ],
            [
              80.28235626220709,
              13.056530952453556
            ],
            [
              80.2820816040039,
              13.056530952453556
            ],
            [
              80.2820816040039,
              13.054869651794377
            ],
            [
              80.28180694580084,
              13.054869651794377
            ],
            [
              80.28180694580084,
              13.052640914917049
            ],
            [
              80.28151702880876,
              13.052640914917049
            ],
            [
              80.28151702880876,
              13.050689697265568
            ],
            [
              80.28125000000011,
              13.050694465637264
            ],
            [
              80.28125000000011,
              13.0498685836792
            ],
            [
              80.28125000000011,
              13.04958534240717
            ],
            [
              80.28097534179705,
              13.04958534240717
            ],
            [
              80.28097534179705,
              13.048749923706055
            ],
            [
              80.2806930541995,
              13.048749923706055
            ],
            [
              80.2806930541995,
              13.045140266418457
            ],
            [
              80.28041839599615,
              13.045140266418457
            ],
            [
              80.28041839599615,
              13.043749809265137
            ],
            [
              80.2806930541995,
              13.043749809265137
            ],
            [
              80.2806930541995,
              13.04293155670166
            ],
            [
              80.28041839599615,
              13.04293155670166
            ],
            [
              80.28041839599615,
              13.042360305786133
            ],
            [
              80.28013610839872,
              13.04236221313488
            ],
            [
              80.28013610839872,
              13.040694236755485
            ],
            [
              80.27986145019537,
              13.040694236755485
            ],
            [
              80.27986145019537,
              13.039861679077205
            ],
            [
              80.28013610839872,
              13.039871215820312
            ],
            [
              80.28013610839872,
              13.03931045532238
            ],
            [
              80.28041839599615,
              13.03931045532238
            ],
            [
              80.28041839599615,
              13.038749694824276
            ],
            [
              80.2806930541995,
              13.038749694824276
            ],
            [
              80.2806930541995,
              13.038469314575252
            ],
            [
              80.28041839599615,
              13.038471221923885
            ],
            [
              80.28041839599615,
              13.038195610046387
            ],
            [
              80.2806930541995,
              13.038195610046387
            ],
            [
              80.2806930541995,
              13.037639617919922
            ],
            [
              80.2809829711914,
              13.037639617919922
            ],
            [
              80.2809829711914,
              13.037359237670898
            ],
            [
              80.2806930541995,
              13.03736209869379
            ],
            [
              80.2806930541995,
              13.036526679992676
            ],
            [
              80.28041839599615,
              13.036529541015739
            ],
            [
              80.28041839599615,
              13.036252021789608
            ],
            [
              80.28013610839872,
              13.036252021789608
            ],
            [
              80.28013610839872,
              13.035420417785645
            ],
            [
              80.2798690795899,
              13.035420417785645
            ],
            [
              80.2798690795899,
              13.035141944885254
            ],
            [
              80.28013610839872,
              13.035141944885254
            ],
            [
              80.28013610839872,
              13.03458118438732
            ],
            [
              80.27986145019537,
              13.034583091735897
            ],
            [
              80.27986145019537,
              13.030417442321891
            ],
            [
              80.27958679199213,
              13.030419349670467
            ],
            [
              80.27958679199213,
              13.028189659118652
            ],
            [
              80.27986145019537,
              13.028195381164608
            ],
            [
              80.27986145019537,
              13.027639389038143
            ],
            [
              80.27958679199213,
              13.027641296386719
            ],
            [
              80.27958679199213,
              13.026810646057186
            ],
            [
              80.27929687500006,
              13.026810646057186
            ],
            [
              80.27929687500006,
              13.025140762329215
            ],
            [
              80.2790298461914,
              13.025140762329215
            ],
            [
              80.2790298461914,
              13.024580001831055
            ],
            [
              80.2787475585938,
              13.024581909179688
            ],
            [
              80.2787475585938,
              13.023471832275504
            ],
            [
              80.2784729003908,
              13.023471832275504
            ],
            [
              80.2784729003908,
              13.02319431304943
            ],
            [
              80.2787475585938,
              13.02319431304943
            ],
            [
              80.2787475585938,
              13.02291584014904
            ],
            [
              80.2784729003908,
              13.022920608520508
            ],
            [
              80.2784729003908,
              13.022359848022575
            ],
            [
              80.2787475585938,
              13.022359848022575
            ],
            [
              80.2787475585938,
              13.021805763244686
            ],
            [
              80.2784729003908,
              13.021805763244686
            ],
            [
              80.2784729003908,
              13.019306182861271
            ],
            [
              80.27819824218761,
              13.01931095123291
            ],
            [
              80.27819061279308,
              13.018804550170898
            ],
            [
              80.27819061279308,
              13.01846981048584
            ],
            [
              80.27791595459001,
              13.018471717834416
            ],
            [
              80.27791595459001,
              13.017359733581657
            ],
            [
              80.277641296387,
              13.017359733581657
            ],
            [
              80.277641296387,
              13.016249656677473
            ],
            [
              80.27735900878906,
              13.016249656677473
            ],
            [
              80.27735900878906,
              13.01570129394554
            ],
            [
              80.27680969238287,
              13.01570129394554
            ],
            [
              80.27680969238287,
              13.015419960021916
            ],
            [
              80.27625274658209,
              13.015419960021916
            ],
            [
              80.27625274658209,
              13.01513957977295
            ],
            [
              80.2756958007813,
              13.01513957977295
            ],
            [
              80.2756958007813,
              13.014860153198299
            ],
            [
              80.27541351318376,
              13.014862060546875
            ],
            [
              80.27541351318376,
              13.014583587646484
            ],
            [
              80.27486419677751,
              13.014583587646484
            ],
            [
              80.27486419677751,
              13.01430606842041
            ],
            [
              80.27402496337919,
              13.01430606842041
            ],
            [
              80.27402496337919,
              13.014583587646484
            ],
            [
              80.2734756469726,
              13.014583587646484
            ],
            [
              80.2734756469726,
              13.014862060546875
            ],
            [
              80.27291870117188,
              13.014862060546875
            ],
            [
              80.27291870117188,
              13.014583587646484
            ],
            [
              80.27180480957048,
              13.014583587646484
            ],
            [
              80.27180480957048,
              13.014862060546875
            ],
            [
              80.27041625976591,
              13.014862060546875
            ],
            [
              80.27041625976591,
              13.014583587646484
            ],
            [
              80.26985931396479,
              13.014583587646484
            ],
            [
              80.26985931396479,
              13.01430606842041
            ],
            [
              80.26957702636724,
              13.014312744140625
            ],
            [
              80.26957702636724,
              13.014030456543082
            ],
            [
              80.26790618896513,
              13.014030456543082
            ],
            [
              80.26790618896513,
              13.013751983642692
            ],
            [
              80.26772308349638,
              13.013750076293945
            ],
            [
              80.2676391601563,
              13.013750076293945
            ],
            [
              80.2676391601563,
              13.013471603393555
            ],
            [
              80.26708221435553,
              13.013471603393555
            ],
            [
              80.26708221435553,
              13.013194084167424
            ],
            [
              80.26680755615229,
              13.013194084167424
            ],
            [
              80.26680755615229,
              13.012639999389762
            ],
            [
              80.26735687255888,
              13.012641906738509
            ],
            [
              80.26735687255888,
              13.012930870056152
            ],
            [
              80.26747894287115,
              13.01291561126709
            ],
            [
              80.2712478637697,
              13.012930870056152
            ],
            [
              80.2712478637697,
              13.012641906738509
            ],
            [
              80.27097320556669,
              13.012641906738509
            ],
            [
              80.27097320556669,
              13.011810302734375
            ],
            [
              80.2712478637697,
              13.011810302734375
            ],
            [
              80.2712478637697,
              13.011248588562125
            ],
            [
              80.27179718017595,
              13.011248588562125
            ],
            [
              80.27179718017595,
              13.010971069336051
            ],
            [
              80.27236175537126,
              13.010971069336051
            ],
            [
              80.27236175537126,
              13.01069259643566
            ],
            [
              80.27263641357428,
              13.01069259643566
            ],
            [
              80.27263641357428,
              13.010971069336051
            ],
            [
              80.27458190917997,
              13.010971069336051
            ],
            [
              80.27458190917997,
              13.011248588562125
            ],
            [
              80.27513885498058,
              13.011248588562125
            ],
            [
              80.27513885498058,
              13.011529922485408
            ],
            [
              80.27540588378906,
              13.011529922485408
            ],
            [
              80.27540588378906,
              13.011810302734375
            ],
            [
              80.2756958007813,
              13.011805534362907
            ],
            [
              80.2756958007813,
              13.012084007263297
            ],
            [
              80.27597045898438,
              13.012084007263297
            ],
            [
              80.27597045898438,
              13.012361526489371
            ],
            [
              80.27625274658209,
              13.012361526489371
            ],
            [
              80.27625274658209,
              13.012641906738509
            ],
            [
              80.2765274047851,
              13.012641906738509
            ],
            [
              80.2765274047851,
              13.012361526489371
            ],
            [
              80.27680206298834,
              13.012361526489371
            ],
            [
              80.27680206298834,
              13.012084007263297
            ],
            [
              80.27708435058622,
              13.012084007263297
            ],
            [
              80.27708435058622,
              13.010971069336051
            ],
            [
              80.27680206298834,
              13.010971069336051
            ],
            [
              80.27680206298834,
              13.010417938232422
            ],
            [
              80.2765274047851,
              13.010421752929801
            ],
            [
              80.2765274047851,
              13.009309768676871
            ],
            [
              80.27625274658209,
              13.009309768676871
            ],
            [
              80.27625274658209,
              13.008470535278377
            ],
            [
              80.27597045898438,
              13.008473396301213
            ],
            [
              80.27597045898438,
              13.008194923400879
            ],
            [
              80.27540588378906,
              13.00819110870384
            ],
            [
              80.27541351318376,
              13.007917404174748
            ],
            [
              80.27485656738298,
              13.00792026519781
            ],
            [
              80.27485656738298,
              13.00764179229742
            ],
            [
              80.27458190917997,
              13.00764179229742
            ],
            [
              80.27458190917997,
              13.007081031799316
            ],
            [
              80.27430725097656,
              13.007082939147892
            ],
            [
              80.27430725097656,
              13.005695343017635
            ],
            [
              80.27458190917997,
              13.005695343017635
            ],
            [
              80.27458190917997,
              13.00513935089134
            ],
            [
              80.27485656738298,
              13.005141258239746
            ],
            [
              80.27485656738298,
              13.00458145141613
            ],
            [
              80.27458190917997,
              13.004583358764876
            ],
            [
              80.27458190917997,
              13.00402736663824
            ],
            [
              80.27430725097656,
              13.004029273986816
            ],
            [
              80.27430725097656,
              13.00376033782959
            ],
            [
              80.27401733398466,
              13.00376033782959
            ],
            [
              80.27401733398466,
              13.003471374511776
            ],
            [
              80.27375030517584,
              13.003473281860352
            ],
            [
              80.27375030517584,
              13.003194808959961
            ],
            [
              80.2734756469726,
              13.003194808959961
            ],
            [
              80.2734756469726,
              13.002638816833496
            ],
            [
              80.27319335937506,
              13.002640724182072
            ],
            [
              80.27319335937506,
              13.002361297607422
            ],
            [
              80.27263641357428,
              13.002361297607422
            ],
            [
              80.27263641357428,
              13.002082824707031
            ],
            [
              80.27236175537126,
              13.002082824707031
            ],
            [
              80.27236175537126,
              13.001805305480957
            ],
            [
              80.27208709716808,
              13.001811981201172
            ],
            [
              80.27208709716808,
              13.001530647277889
            ],
            [
              80.27179718017595,
              13.001530647277889
            ],
            [
              80.27179718017595,
              13.000972747802848
            ],
            [
              80.27153015136747,
              13.000972747802848
            ],
            [
              80.27153015136747,
              13.000420570373535
            ],
            [
              80.2712478637697,
              13.000420570373535
            ],
            [
              80.2712478637697,
              13.000141143798885
            ],
            [
              80.2712478637697,
              12.999857902526855
            ],
            [
              80.27153015136747,
              12.999860763549918
            ],
            [
              80.27153015136747,
              12.997917175292969
            ],
            [
              80.27208709716808,
              12.997920989990348
            ],
            [
              80.27208709716808,
              12.99625015258789
            ],
            [
              80.27179718017595,
              12.99625015258789
            ],
            [
              80.27179718017595,
              12.995141029357967
            ],
            [
              80.27153015136747,
              12.995141029357967
            ],
            [
              80.27153015136747,
              12.993749618530387
            ],
            [
              80.2712478637697,
              12.993749618530387
            ],
            [
              80.2712478637697,
              12.992639541626033
            ],
            [
              80.27097320556669,
              12.992639541626033
            ],
            [
              80.27097320556669,
              12.991250038146973
            ],
            [
              80.27068328857422,
              12.991250038146973
            ],
            [
              80.27068328857422,
              12.99013996124279
            ],
            [
              80.27041625976591,
              12.99013996124279
            ],
            [
              80.27041625976591,
              12.989311218261719
            ],
            [
              80.27014160156256,
              12.989311218261719
            ],
            [
              80.27014160156256,
              12.98876094818121
            ],
            [
              80.26985931396479,
              12.98876094818121
            ],
            [
              80.26985931396479,
              12.988190650939941
            ],
            [
              80.26958465576178,
              12.98819446563732
            ],
            [
              80.26958465576178,
              12.987361907959041
            ],
            [
              80.26930236816406,
              12.987361907959041
            ],
            [
              80.26930236816406,
              12.985691070556754
            ],
            [
              80.269027709961,
              12.985695838928223
            ],
            [
              80.269027709961,
              12.984306335449162
            ],
            [
              80.26875305175798,
              12.984310150146541
            ],
            [
              80.26875305175798,
              12.98262977600109
            ],
            [
              80.26847076416027,
              12.982639312744254
            ],
            [
              80.26847076416027,
              12.981248855590877
            ],
            [
              80.2681961059572,
              12.98125076293951
            ],
            [
              80.2681961059572,
              12.97986125946045
            ],
            [
              80.26791381835966,
              12.97986125946045
            ],
            [
              80.26791381835966,
              12.978751182556096
            ],
            [
              80.2676391601563,
              12.978751182556096
            ],
            [
              80.2676391601563,
              12.977360725402946
            ],
            [
              80.26735687255888,
              12.977360725402946
            ],
            [
              80.26735687255888,
              12.975971221923942
            ],
            [
              80.26708221435553,
              12.975973129272688
            ],
            [
              80.26708221435553,
              12.974861145019588
            ],
            [
              80.26680755615229,
              12.974861145019588
            ],
            [
              80.26680755615229,
              12.973751068115234
            ],
            [
              80.26653289794928,
              12.973751068115234
            ],
            [
              80.26653289794928,
              12.972921371460188
            ],
            [
              80.26625061035156,
              12.972921371460188
            ],
            [
              80.26625061035156,
              12.971811294555664
            ],
            [
              80.2659759521485,
              12.971811294555664
            ],
            [
              80.2659759521485,
              12.970970153808537
            ],
            [
              80.26569366455095,
              12.9709730148316
            ],
            [
              80.26569366455095,
              12.970137596130485
            ],
            [
              80.26541900634777,
              12.970141410827637
            ],
            [
              80.26541900634777,
              12.96931076049816
            ],
            [
              80.26513671875017,
              12.96931076049816
            ],
            [
              80.26513671875017,
              12.968190193176383
            ],
            [
              80.26486206054716,
              12.968194007873535
            ],
            [
              80.26486206054716,
              12.967082023620605
            ],
            [
              80.26457977294922,
              12.967082023620605
            ],
            [
              80.26457977294922,
              12.965694427490348
            ],
            [
              80.26430511474638,
              12.965694427490348
            ],
            [
              80.26430511474638,
              12.964584350586165
            ],
            [
              80.26403045654303,
              12.964591026306266
            ],
            [
              80.26403045654303,
              12.963751792907715
            ],
            [
              80.26374816894526,
              12.963751792907715
            ],
            [
              80.26374816894526,
              12.961521148681584
            ],
            [
              80.26347351074224,
              12.961527824401855
            ],
            [
              80.26347351074224,
              12.959861755371207
            ],
            [
              80.26319122314453,
              12.959861755371207
            ],
            [
              80.26319122314453,
              12.958472251892147
            ],
            [
              80.26291656494146,
              12.958472251892147
            ],
            [
              80.26291656494146,
              12.956805229187069
            ],
            [
              80.26264190673845,
              12.956809997558707
            ],
            [
              80.26264190673845,
              12.955419540405387
            ],
            [
              80.26235961914074,
              12.955419540405387
            ],
            [
              80.26235961914074,
              12.954460144043026
            ],
            [
              80.25994873046875,
              12.95505142211914
            ],
            [
              80.25633239746094,
              12.95621109008789
            ],
            [
              80.2545700073245,
              12.956652641296444
            ],
            [
              80.24874877929688,
              12.958459854125977
            ],
            [
              80.2434768676759,
              12.958539962768555
            ],
            [
              80.23987579345732,
              12.960780143737793
            ],
            [
              80.23468780517584,
              12.969199180603141
            ],
            [
              80.23345184326189,
              12.969090461731184
            ],
            [
              80.2239608764649,
              12.95902061462408
            ],
            [
              80.21888732910185,
              12.957421302795524
            ],
            [
              80.214096069336,
              12.953410148620662
            ],
            [
              80.2097778320312,
              12.951759338378906
            ],
            [
              80.20349884033203,
              12.954210281372184
            ],
            [
              80.20037078857433,
              12.96017169952404
            ],
            [
              80.19223022460932,
              12.964269638061523
            ],
            [
              80.19097137451178,
              12.96946239471447
            ],
            [
              80.19386291503912,
              12.979200363159237
            ],
            [
              80.19715118408232,
              12.986169815063533
            ],
            [
              80.1983718872072,
              12.98841857910179
            ],
            [
              80.20130157470709,
              12.991141319275016
            ],
            [
              80.18720245361334,
              13.001359939575195
            ],
            [
              80.18769836425798,
              13.007000923156738
            ],
            [
              80.19787597656256,
              13.011689186096248
            ],
            [
              80.19486999511747,
              13.013620376586971
            ],
            [
              80.18811798095709,
              13.014540672302303
            ],
            [
              80.17637634277372,
              13.011269569396973
            ],
            [
              80.17453002929705,
              13.013791084289664
            ],
            [
              80.17430114746088,
              13.014476776123104
            ],
            [
              80.17291259765636,
              13.018610954284725
            ],
            [
              80.17295074462919,
              13.02521133422863
            ],
            [
              80.1705932617188,
              13.029161453247184
            ],
            [
              80.16964721679693,
              13.033582687378157
            ],
            [
              80.17179107666044,
              13.043320655822754
            ],
            [
              80.17276000976591,
              13.047750473022575
            ],
            [
              80.17413330078142,
              13.049831390380803
            ],
            [
              80.17473602294939,
              13.054559707641545
            ],
            [
              80.17311859130888,
              13.060700416564941
            ],
            [
              80.18033599853521,
              13.068929672241325
            ],
            [
              80.18338775634771,
              13.074419975280705
            ],
            [
              80.18121337890642,
              13.076351165771428
            ],
            [
              80.18276977539068,
              13.083830833435172
            ],
            [
              80.18118286132812,
              13.086130142212141
            ],
            [
              80.18138885498064,
              13.088479995727653
            ],
            [
              80.18007659912126,
              13.0903701782226
            ],
            [
              80.18403625488281,
              13.095009803771973
            ],
            [
              80.1895294189456,
              13.104360580444393
            ],
            [
              80.1896591186524,
              13.111901283264274
            ],
            [
              80.19680023193354,
              13.11393070220953
            ],
            [
              80.21129608154291,
              13.1154403686524
            ],
            [
              80.21138000488287,
              13.11234092712408
            ],
            [
              80.2300033569336,
              13.113300323486442
            ],
            [
              80.22917938232433,
              13.12733268737793
            ],
            [
              80.2333374023438,
              13.1281099319458
            ],
            [
              80.23657226562506,
              13.13165187835699
            ],
            [
              80.24002075195318,
              13.133521080017147
            ],
            [
              80.24575042724615,
              13.133801460266113
            ],
            [
              80.24591827392584,
              13.127590179443416
            ],
            [
              80.24967956542986,
              13.126361846923828
            ]
          ]
        ]
      }
    },
    {
      "type": "Feature",
      "properties": {
        "district": "Kanchipuram & Chengalpattu",
        "state": "Tamil Nadu",
        "country": "India",
        "source": "Survey of India / Census / OSM"
      },
      "geometry": {
        "type": "MultiPolygon",
        "coordinates": [
          [
            [
              [
                79.96288299560553,
                12.222639083862418
              ],
              [
                79.96208190917974,
                12.22216033935564
              ],
              [
                79.96208190917974,
                12.222640991210994
              ],
              [
                79.96288299560553,
                12.222639083862418
              ]
            ]
          ],
          [
            [
              [
                79.9640655517581,
                12.223431587219238
              ],
              [
                79.96389770507841,
                12.223260879516658
              ],
              [
                79.96347045898443,
                12.222916603088322
              ],
              [
                79.96347045898443,
                12.223472595214787
              ],
              [
                79.9640655517581,
                12.223431587219238
              ]
            ]
          ],
          [
            [
              [
                79.96434020996111,
                12.223714828491438
              ],
              [
                79.9640655517581,
                12.223431587219238
              ],
              [
                79.96402740478521,
                12.223751068115178
              ],
              [
                79.96434020996111,
                12.223714828491438
              ]
            ]
          ],
          [
            [
              [
                79.96434020996111,
                12.223714828491438
              ],
              [
                79.96430206298822,
                12.224321365356445
              ],
              [
                79.96457672119146,
                12.224321365356445
              ],
              [
                79.96457672119146,
                12.224031448364315
              ],
              [
                79.96434020996111,
                12.223714828491438
              ]
            ]
          ],
          [
            [
              [
                79.96597290039091,
                12.225417137145996
              ],
              [
                79.9656982421875,
                12.22511196136503
              ],
              [
                79.9656982421875,
                12.225421905517862
              ],
              [
                79.96597290039091,
                12.225417137145996
              ]
            ]
          ],
          [
            [
              [
                79.96597290039091,
                12.225417137145996
              ],
              [
                79.96597290039091,
                12.225694656372298
              ],
              [
                79.96626281738298,
                12.225694656372298
              ],
              [
                79.96597290039091,
                12.225417137145996
              ]
            ]
          ],
          [
            [
              [
                79.99500274658197,
                12.249860763549862
              ],
              [
                79.99485778808611,
                12.249304771423567
              ],
              [
                79.99485778808611,
                12.249860763549862
              ],
              [
                79.99500274658197,
                12.249860763549862
              ]
            ]
          ],
          [
            [
              [
                79.99124908447283,
                12.251251220703182
              ],
              [
                79.99124908447283,
                12.250970840454215
              ],
              [
                79.9915313720706,
                12.250970840454215
              ],
              [
                79.9915313720706,
                12.250691413879565
              ],
              [
                79.99180603027361,
                12.250695228576717
              ],
              [
                79.99180603027361,
                12.250416755676326
              ],
              [
                79.9915313720706,
                12.250421524047795
              ],
              [
                79.9915313720706,
                12.249581336975382
              ],
              [
                79.99124908447283,
                12.249583244323958
              ],
              [
                79.99124908447283,
                12.249304771423567
              ],
              [
                79.99096679687528,
                12.249312400817928
              ],
              [
                79.99096679687528,
                12.249031066894474
              ],
              [
                79.99069213867193,
                12.249031066894474
              ],
              [
                79.99069213867193,
                12.248750686645508
              ],
              [
                79.99014282226568,
                12.248750686645508
              ],
              [
                79.99014282226568,
                12.248471260071028
              ],
              [
                79.98986053466791,
                12.248473167419434
              ],
              [
                79.98986053466791,
                12.248194694519043
              ],
              [
                79.98929595947266,
                12.248199462890682
              ],
              [
                79.98929595947266,
                12.247920989990291
              ],
              [
                79.98902893066412,
                12.247920989990291
              ],
              [
                79.98902893066412,
                12.247640609741154
              ],
              [
                79.98874664306658,
                12.247640609741154
              ],
              [
                79.98874664306658,
                12.247361183166674
              ],
              [
                79.98847198486357,
                12.247361183166674
              ],
              [
                79.98847198486357,
                12.247082710266113
              ],
              [
                79.98791503906278,
                12.247082710266113
              ],
              [
                79.98791503906278,
                12.246528625488395
              ],
              [
                79.987358093262,
                12.246530532836971
              ],
              [
                79.987358093262,
                12.24625110626232
              ],
              [
                79.98707580566412,
                12.24625110626232
              ],
              [
                79.98707580566412,
                12.245969772338867
              ],
              [
                79.98680877685541,
                12.24597263336193
              ],
              [
                79.98680877685541,
                12.245695114136026
              ],
              [
                79.98652648925787,
                12.245695114136026
              ],
              [
                79.98652648925787,
                12.245416641235465
              ],
              [
                79.98625183105486,
                12.245429992675952
              ],
              [
                79.98625183105486,
                12.245141029357967
              ],
              [
                79.9851379394533,
                12.245141029357967
              ],
              [
                79.9851379394533,
                12.245429992675952
              ],
              [
                79.98542022705107,
                12.245416641235465
              ],
              [
                79.98542022705107,
                12.24597263336193
              ],
              [
                79.98568725585955,
                12.245969772338867
              ],
              [
                79.98568725585955,
                12.246810913085938
              ],
              [
                79.98596954345709,
                12.24680519104021
              ],
              [
                79.98596954345709,
                12.247361183166674
              ],
              [
                79.98625183105486,
                12.247361183166674
              ],
              [
                79.98625183105486,
                12.247920989990291
              ],
              [
                79.98652648925787,
                12.247917175292969
              ],
              [
                79.98652648925787,
                12.248473167419434
              ],
              [
                79.98680877685541,
                12.248471260071028
              ],
              [
                79.98680877685541,
                12.249031066894474
              ],
              [
                79.98708343505865,
                12.249029159545898
              ],
              [
                79.98708343505865,
                12.249583244323958
              ],
              [
                79.987358093262,
                12.249581336975382
              ],
              [
                79.987358093262,
                12.250141143798828
              ],
              [
                79.98790740966825,
                12.250141143798828
              ],
              [
                79.98790740966825,
                12.250421524047795
              ],
              [
                79.98847198486357,
                12.250421524047795
              ],
              [
                79.98847198486357,
                12.250970840454215
              ],
              [
                79.98902893066412,
                12.250970840454215
              ],
              [
                79.98902893066412,
                12.251251220703182
              ],
              [
                79.99124908447283,
                12.251251220703182
              ]
            ]
          ],
          [
            [
              [
                80.07965850830107,
                13.122019767761287
              ],
              [
                80.08891296386719,
                13.119440078735352
              ],
              [
                80.09850311279303,
                13.118391990661621
              ],
              [
                80.10515594482428,
                13.110602378845215
              ],
              [
                80.1093368530274,
                13.101902008056584
              ],
              [
                80.1121826171875,
                13.093870162963924
              ],
              [
                80.11329650878923,
                13.08662033081066
              ],
              [
                80.1126861572265,
                13.08093166351324
              ],
              [
                80.1085281372072,
                13.078021049499625
              ],
              [
                80.11155700683594,
                13.064160346984806
              ],
              [
                80.11123657226568,
                13.051711082458553
              ],
              [
                80.11032867431646,
                13.046299934387207
              ],
              [
                80.11740875244152,
                13.04407119750988
              ],
              [
                80.1161270141601,
                13.036922454833984
              ],
              [
                80.12684631347673,
                13.03794002532959
              ],
              [
                80.12677001953153,
                13.034481048584212
              ],
              [
                80.13401031494169,
                13.027300834655705
              ],
              [
                80.13625335693365,
                13.023441314697322
              ],
              [
                80.13220977783203,
                13.02308273315441
              ],
              [
                80.13379669189459,
                13.016341209411564
              ],
              [
                80.14713287353521,
                13.016901969909725
              ],
              [
                80.14832305908232,
                13.013681411743278
              ],
              [
                80.15184783935564,
                13.012840270996321
              ],
              [
                80.15274047851557,
                13.016880989074707
              ],
              [
                80.15849304199236,
                13.015801429748478
              ],
              [
                80.169921875,
                13.01221084594738
              ],
              [
                80.17430114746088,
                13.014476776123104
              ],
              [
                80.17453002929705,
                13.013791084289664
              ],
              [
                80.17637634277372,
                13.011269569396973
              ],
              [
                80.18811798095709,
                13.014540672302303
              ],
              [
                80.19486999511747,
                13.013620376586971
              ],
              [
                80.19787597656256,
                13.011689186096248
              ],
              [
                80.18769836425798,
                13.007000923156738
              ],
              [
                80.18720245361334,
                13.001359939575195
              ],
              [
                80.20130157470709,
                12.991141319275016
              ],
              [
                80.1983718872072,
                12.98841857910179
              ],
              [
                80.19715118408232,
                12.986169815063533
              ],
              [
                80.19386291503912,
                12.979200363159237
              ],
              [
                80.19097137451178,
                12.96946239471447
              ],
              [
                80.19223022460932,
                12.964269638061523
              ],
              [
                80.20037078857433,
                12.96017169952404
              ],
              [
                80.20349884033203,
                12.954210281372184
              ],
              [
                80.2097778320312,
                12.951759338378906
              ],
              [
                80.214096069336,
                12.953410148620662
              ],
              [
                80.21888732910185,
                12.957421302795524
              ],
              [
                80.2239608764649,
                12.95902061462408
              ],
              [
                80.23345184326189,
                12.969090461731184
              ],
              [
                80.23468780517584,
                12.969199180603141
              ],
              [
                80.23987579345732,
                12.960780143737793
              ],
              [
                80.2434768676759,
                12.958539962768555
              ],
              [
                80.24874877929688,
                12.958459854125977
              ],
              [
                80.2545700073245,
                12.956652641296444
              ],
              [
                80.25633239746094,
                12.95621109008789
              ],
              [
                80.25994873046875,
                12.95505142211914
              ],
              [
                80.26235961914074,
                12.954460144043026
              ],
              [
                80.26235961914074,
                12.954027175903263
              ],
              [
                80.26207733154314,
                12.954031944274902
              ],
              [
                80.26207733154314,
                12.952361106872615
              ],
              [
                80.26180267334013,
                12.952361106872615
              ],
              [
                80.26180267334013,
                12.950972557067871
              ],
              [
                80.26152801513672,
                12.950972557067871
              ],
              [
                80.26152801513672,
                12.949304580688477
              ],
              [
                80.26125335693388,
                12.949309349060115
              ],
              [
                80.26125335693388,
                12.947360992431754
              ],
              [
                80.260971069336,
                12.947360992431754
              ],
              [
                80.260971069336,
                12.945421218872184
              ],
              [
                80.26069641113276,
                12.945421218872184
              ],
              [
                80.26069641113276,
                12.943751335143986
              ],
              [
                80.26040649414068,
                12.943751335143986
              ],
              [
                80.26040649414068,
                12.941810607910156
              ],
              [
                80.26013946533203,
                12.941810607910156
              ],
              [
                80.26013946533203,
                12.939860343933333
              ],
              [
                80.25986480712896,
                12.939862251281738
              ],
              [
                80.25986480712896,
                12.938194274902344
              ],
              [
                80.25958251953142,
                12.938194274902344
              ],
              [
                80.25958251953142,
                12.93680572509777
              ],
              [
                80.25930786132824,
                12.936811447143555
              ],
              [
                80.25930786132824,
                12.935970306396428
              ],
              [
                80.25846862792986,
                12.93597221374523
              ],
              [
                80.25846862792986,
                12.934306144714412
              ],
              [
                80.25874328613293,
                12.934309959411564
              ],
              [
                80.25874328613293,
                12.932361602783203
              ],
              [
                80.25846862792986,
                12.932361602783203
              ],
              [
                80.25846862792986,
                12.93013954162609
              ],
              [
                80.25818634033232,
                12.93013954162609
              ],
              [
                80.25818634033232,
                12.927920341491642
              ],
              [
                80.2579193115235,
                12.927920341491642
              ],
              [
                80.2579193115235,
                12.925690650940169
              ],
              [
                80.25763702392607,
                12.925695419311637
              ],
              [
                80.25763702392607,
                12.923748970031852
              ],
              [
                80.25736236572271,
                12.923750877380428
              ],
              [
                80.25736236572271,
                12.922080993652457
              ],
              [
                80.25708007812494,
                12.922082901001033
              ],
              [
                80.25708007812494,
                12.920416831970215
              ],
              [
                80.25681304931646,
                12.920420646667537
              ],
              [
                80.25681304931646,
                12.918470382690373
              ],
              [
                80.25653076171892,
                12.918473243713436
              ],
              [
                80.25653076171892,
                12.916251182556152
              ],
              [
                80.25624847412115,
                12.916251182556152
              ],
              [
                80.25624847412115,
                12.913749694824162
              ],
              [
                80.25596618652361,
                12.913749694824162
              ],
              [
                80.25596618652361,
                12.911250114441145
              ],
              [
                80.25569915771513,
                12.911250114441145
              ],
              [
                80.25569915771513,
                12.909029960632438
              ],
              [
                80.25541687011736,
                12.909029960632438
              ],
              [
                80.25541687011736,
                12.90680980682373
              ],
              [
                80.25514221191435,
                12.90680980682373
              ],
              [
                80.25514221191435,
                12.904581069946403
              ],
              [
                80.25485992431646,
                12.904583930969238
              ],
              [
                80.25485992431646,
                12.902360916137695
              ],
              [
                80.25458526611357,
                12.902360916137695
              ],
              [
                80.25458526611357,
                12.900138854980526
              ],
              [
                80.25430297851568,
                12.900141716003418
              ],
              [
                80.25430297851568,
                12.897921562194881
              ],
              [
                80.25402832031244,
                12.897921562194881
              ],
              [
                80.25402832031244,
                12.89568996429449
              ],
              [
                80.25375366210943,
                12.89569473266613
              ],
              [
                80.25375366210943,
                12.892916679382381
              ],
              [
                80.25347137451172,
                12.89292144775402
              ],
              [
                80.25347137451172,
                12.889860153198185
              ],
              [
                80.25319671630865,
                12.889860153198185
              ],
              [
                80.25319671630865,
                12.887082099914608
              ],
              [
                80.25291442871111,
                12.887082099914608
              ],
              [
                80.25291442871111,
                12.884860038757324
              ],
              [
                80.25263977050793,
                12.884860038757324
              ],
              [
                80.25263977050793,
                12.883469581604004
              ],
              [
                80.25235748291033,
                12.883472442627067
              ],
              [
                80.25235748291033,
                12.882362365722713
              ],
              [
                80.25208282470732,
                12.882362365722713
              ],
              [
                80.25208282470732,
                12.881527900695858
              ],
              [
                80.25180816650396,
                12.881529808044434
              ],
              [
                80.25180816650396,
                12.880971908569393
              ],
              [
                80.25208282470732,
                12.880971908569393
              ],
              [
                80.25208282470732,
                12.88014030456543
              ],
              [
                80.25235748291033,
                12.88014030456543
              ],
              [
                80.25235748291033,
                12.878749847412053
              ],
              [
                80.25208282470732,
                12.878749847412053
              ],
              [
                80.25208282470732,
                12.878190994262695
              ],
              [
                80.25180816650396,
                12.878195762634391
              ],
              [
                80.25180816650396,
                12.87458324432373
              ],
              [
                80.25152587890653,
                12.87458324432373
              ],
              [
                80.25152587890653,
                12.873194694518986
              ],
              [
                80.25096893310541,
                12.873194694518986
              ],
              [
                80.25096893310541,
                12.871251106262264
              ],
              [
                80.2506942749024,
                12.871251106262264
              ],
              [
                80.2506942749024,
                12.86930465698265
              ],
              [
                80.25096893310541,
                12.869309425354118
              ],
              [
                80.25096893310541,
                12.869030952453556
              ],
              [
                80.25068664550787,
                12.869030952453556
              ],
              [
                80.25068664550787,
                12.867920875549373
              ],
              [
                80.25096893310541,
                12.867920875549373
              ],
              [
                80.25096893310541,
                12.867079734802303
              ],
              [
                80.2506942749024,
                12.867082595825195
              ],
              [
                80.2506942749024,
                12.866250991821403
              ],
              [
                80.25041961669922,
                12.866250991821403
              ],
              [
                80.25041961669922,
                12.865432739257926
              ],
              [
                80.25013732910162,
                12.865432739257926
              ],
              [
                80.25013732910162,
                12.861249923705998
              ],
              [
                80.24986267089861,
                12.861249923705998
              ],
              [
                80.24986267089861,
                12.860140800476131
              ],
              [
                80.2495727539063,
                12.860140800476131
              ],
              [
                80.2495727539063,
                12.859298706054915
              ],
              [
                80.24986267089861,
                12.859306335449276
              ],
              [
                80.24986267089861,
                12.85847187042242
              ],
              [
                80.2495803833009,
                12.85847187042242
              ],
              [
                80.2495803833009,
                12.856805801391602
              ],
              [
                80.24931335449236,
                12.85681056976324
              ],
              [
                80.24931335449236,
                12.85542011260992
              ],
              [
                80.2495727539063,
                12.85542011260992
              ],
              [
                80.2495727539063,
                12.854310035705566
              ],
              [
                80.24931335449236,
                12.854310035705566
              ],
              [
                80.24931335449236,
                12.851530075073242
              ],
              [
                80.24903106689482,
                12.851530075073242
              ],
              [
                80.24903106689482,
                12.847360610962028
              ],
              [
                80.24874877929688,
                12.847360610962028
              ],
              [
                80.24874877929688,
                12.841251373291072
              ],
              [
                80.2484664916995,
                12.841259956359863
              ],
              [
                80.24847412109403,
                12.839011192321777
              ],
              [
                80.24847412109403,
                12.83708477020275
              ],
              [
                80.24819183349615,
                12.837081909179688
              ],
              [
                80.24819183349615,
                12.8331937789917
              ],
              [
                80.24791717529291,
                12.8331937789917
              ],
              [
                80.24791717529291,
                12.832916259765625
              ],
              [
                80.24819183349615,
                12.832921028137264
              ],
              [
                80.24819183349615,
                12.83236026763916
              ],
              [
                80.24791717529291,
                12.83236026763916
              ],
              [
                80.24791717529291,
                12.82680606842041
              ],
              [
                80.2476425170899,
                12.826812744140625
              ],
              [
                80.2476425170899,
                12.825691223144531
              ],
              [
                80.24736022949219,
                12.825694084167424
              ],
              [
                80.24736022949219,
                12.816804885864485
              ],
              [
                80.2476425170899,
                12.816809654235954
              ],
              [
                80.2476425170899,
                12.810960769653434
              ],
              [
                80.24791717529291,
                12.810973167419434
              ],
              [
                80.24791717529291,
                12.809304237365723
              ],
              [
                80.24819183349615,
                12.809310913085994
              ],
              [
                80.24819183349615,
                12.80542087554926
              ],
              [
                80.24791717529291,
                12.80542087554926
              ],
              [
                80.24791717529291,
                12.805151939392204
              ],
              [
                80.24736022949219,
                12.805151939392204
              ],
              [
                80.24736022949219,
                12.80542087554926
              ],
              [
                80.24680328369158,
                12.80542087554926
              ],
              [
                80.24680328369158,
                12.80624961853033
              ],
              [
                80.24540710449247,
                12.80624961853033
              ],
              [
                80.24540710449247,
                12.80597019195568
              ],
              [
                80.24430847167969,
                12.805972099304256
              ],
              [
                80.24430847167969,
                12.805693626403865
              ],
              [
                80.24402618408209,
                12.805693626403865
              ],
              [
                80.24402618408209,
                12.805416107177962
              ],
              [
                80.24208068847662,
                12.805416107177962
              ],
              [
                80.24208068847662,
                12.805693626403865
              ],
              [
                80.24180603027372,
                12.805693626403865
              ],
              [
                80.24180603027372,
                12.805972099304256
              ],
              [
                80.24153137207037,
                12.80597019195568
              ],
              [
                80.24153137207037,
                12.80624961853033
              ],
              [
                80.2412490844726,
                12.80624961853033
              ],
              [
                80.2412490844726,
                12.80708217620861
              ],
              [
                80.24097442626959,
                12.80708217620861
              ],
              [
                80.24097442626959,
                12.8084716796875
              ],
              [
                80.24069213867188,
                12.8084716796875
              ],
              [
                80.24069213867188,
                12.80875110626232
              ],
              [
                80.24097442626959,
                12.80875110626232
              ],
              [
                80.24097442626959,
                12.812360763549918
              ],
              [
                80.24013519287126,
                12.812360763549918
              ],
              [
                80.2401428222658,
                12.813472747802848
              ],
              [
                80.23986053466808,
                12.813472747802848
              ],
              [
                80.23986053466808,
                12.814861297607422
              ],
              [
                80.23958587646501,
                12.814861297607422
              ],
              [
                80.23958587646501,
                12.815419197082633
              ],
              [
                80.23930358886747,
                12.815417289733887
              ],
              [
                80.23930358886747,
                12.815694808959961
              ],
              [
                80.23902893066412,
                12.815690994262752
              ],
              [
                80.23902893066412,
                12.816529273986816
              ],
              [
                80.23874664306669,
                12.816529273986816
              ],
              [
                80.23874664306669,
                12.81736087799095
              ],
              [
                80.23847198486334,
                12.81736087799095
              ],
              [
                80.23847198486334,
                12.818195343017805
              ],
              [
                80.2381973266601,
                12.818195343017805
              ],
              [
                80.2381973266601,
                12.819861412048454
              ],
              [
                80.23792266845709,
                12.819861412048454
              ],
              [
                80.23792266845709,
                12.822921752929801
              ],
              [
                80.23764038085938,
                12.822917938232422
              ],
              [
                80.23764038085938,
                12.823471069336051
              ],
              [
                80.23735809326178,
                12.823471069336051
              ],
              [
                80.23735809326178,
                12.824029922485408
              ],
              [
                80.23707580566423,
                12.824029922485408
              ],
              [
                80.23707580566423,
                12.825139999389762
              ],
              [
                80.23680877685558,
                12.825139999389762
              ],
              [
                80.23680877685558,
                12.825441360473746
              ],
              [
                80.23680877685558,
                12.826812744140625
              ],
              [
                80.23707580566423,
                12.826812744140625
              ],
              [
                80.23707580566423,
                12.828749656677473
              ],
              [
                80.23735809326178,
                12.828749656677473
              ],
              [
                80.23735809326178,
                12.829859733581657
              ],
              [
                80.23763275146484,
                12.829859733581657
              ],
              [
                80.23763275146484,
                12.83181095123291
              ],
              [
                80.23735809326178,
                12.831806182861442
              ],
              [
                80.23735809326178,
                12.83347225189209
              ],
              [
                80.23707580566423,
                12.833470344543684
              ],
              [
                80.23707580566423,
                12.834031105041447
              ],
              [
                80.23680877685558,
                12.834028244018555
              ],
              [
                80.23680877685558,
                12.835972785949764
              ],
              [
                80.23652648925798,
                12.835969924926701
              ],
              [
                80.23652648925798,
                12.836530685424862
              ],
              [
                80.23625183105497,
                12.836528778076229
              ],
              [
                80.23625183105497,
                12.837081909179688
              ],
              [
                80.23596954345703,
                12.837080001831055
              ],
              [
                80.23596954345703,
                12.837640762329215
              ],
              [
                80.23569488525419,
                12.837638854980412
              ],
              [
                80.23569488525419,
                12.838194847106877
              ],
              [
                80.23542022705084,
                12.838194847106877
              ],
              [
                80.23542022705084,
                12.838473320007267
              ],
              [
                80.23513793945307,
                12.838470458984375
              ],
              [
                80.23513793945307,
                12.839031219482536
              ],
              [
                80.23486328125006,
                12.839031219482536
              ],
              [
                80.23486328125006,
                12.839860916137752
              ],
              [
                80.23458099365234,
                12.839860916137752
              ],
              [
                80.23458099365234,
                12.840695381164608
              ],
              [
                80.23430633544928,
                12.840689659118652
              ],
              [
                80.23430633544928,
                12.841528892517317
              ],
              [
                80.23402404785173,
                12.84152698516857
              ],
              [
                80.23402404785173,
                12.842109680175838
              ],
              [
                80.23402404785173,
                12.843473434448356
              ],
              [
                80.23374938964855,
                12.843470573425293
              ],
              [
                80.23374938964855,
                12.846250534057674
              ],
              [
                80.23264312744169,
                12.846250534057674
              ],
              [
                80.23264312744169,
                12.844861030578613
              ],
              [
                80.23291778564453,
                12.844861030578613
              ],
              [
                80.23291778564453,
                12.843191146850586
              ],
              [
                80.23319244384794,
                12.843194961547965
              ],
              [
                80.23319244384794,
                12.84226131439209
              ],
              [
                80.23319244384794,
                12.841805458068961
              ],
              [
                80.23346710205095,
                12.841809272766113
              ],
              [
                80.23346710205095,
                12.838470458984375
              ],
              [
                80.23374938964855,
                12.838473320007267
              ],
              [
                80.23374938964855,
                12.838194847106877
              ],
              [
                80.23402404785173,
                12.838194847106877
              ],
              [
                80.23402404785173,
                12.837638854980412
              ],
              [
                80.23430633544928,
                12.837640762329215
              ],
              [
                80.23430633544928,
                12.837361335754508
              ],
              [
                80.23458099365234,
                12.837361335754508
              ],
              [
                80.23458099365234,
                12.836804389953556
              ],
              [
                80.23486328125006,
                12.836811065673828
              ],
              [
                80.23486328125006,
                12.835689544677734
              ],
              [
                80.23513793945307,
                12.835694313049373
              ],
              [
                80.23513793945307,
                12.83347225189209
              ],
              [
                80.23542022705084,
                12.83347225189209
              ],
              [
                80.23542022705084,
                12.832083702087346
              ],
              [
                80.23569488525419,
                12.832083702087346
              ],
              [
                80.23569488525419,
                12.82680606842041
              ],
              [
                80.23596954345703,
                12.826812744140625
              ],
              [
                80.23596954345703,
                12.825139999389762
              ],
              [
                80.23625183105497,
                12.825139999389762
              ],
              [
                80.23625183105497,
                12.824029922485408
              ],
              [
                80.23652648925798,
                12.824029922485408
              ],
              [
                80.23652648925798,
                12.823471069336051
              ],
              [
                80.23680877685558,
                12.823471069336051
              ],
              [
                80.23680877685558,
                12.82319259643566
              ],
              [
                80.23652648925798,
                12.82319259643566
              ],
              [
                80.23652648925798,
                12.822640419006348
              ],
              [
                80.23680877685558,
                12.822640419006348
              ],
              [
                80.23680877685558,
                12.8187513351441
              ],
              [
                80.23707580566423,
                12.8187513351441
              ],
              [
                80.23707580566423,
                12.817921638488713
              ],
              [
                80.23735809326178,
                12.817921638488713
              ],
              [
                80.23735809326178,
                12.81763935089134
              ],
              [
                80.23707580566423,
                12.81763935089134
              ],
              [
                80.23707580566423,
                12.81709003448492
              ],
              [
                80.23680877685558,
                12.81709003448492
              ],
              [
                80.23680877685558,
                12.815690994262752
              ],
              [
                80.23708343505876,
                12.815694808959961
              ],
              [
                80.23708343505876,
                12.814582824707031
              ],
              [
                80.23735809326178,
                12.814582824707031
              ],
              [
                80.23735809326178,
                12.813751220703239
              ],
              [
                80.23763275146484,
                12.813751220703239
              ],
              [
                80.23763275146484,
                12.813190460205078
              ],
              [
                80.23791503906256,
                12.813195228576774
              ],
              [
                80.23791503906256,
                12.812639236450252
              ],
              [
                80.2381973266601,
                12.812641143798885
              ],
              [
                80.2381973266601,
                12.812357902526855
              ],
              [
                80.23847198486334,
                12.812360763549918
              ],
              [
                80.23847198486334,
                12.812083244323787
              ],
              [
                80.23874664306669,
                12.812083244323787
              ],
              [
                80.23874664306669,
                12.811529159545898
              ],
              [
                80.23902893066412,
                12.811531066894531
              ],
              [
                80.23902893066412,
                12.810689926147404
              ],
              [
                80.23930358886747,
                12.810694694519043
              ],
              [
                80.23930358886747,
                12.810138702392578
              ],
              [
                80.23902893066412,
                12.810140609741211
              ],
              [
                80.23902893066412,
                12.809860229492188
              ],
              [
                80.23874664306669,
                12.809860229492188
              ],
              [
                80.23874664306669,
                12.80958461761469
              ],
              [
                80.2381973266601,
                12.80958461761469
              ],
              [
                80.2381973266601,
                12.807915687560978
              ],
              [
                80.23792266845709,
                12.807921409606934
              ],
              [
                80.23792266845709,
                12.80624961853033
              ],
              [
                80.2381973266601,
                12.80624961853033
              ],
              [
                80.2381973266601,
                12.80542087554926
              ],
              [
                80.23763275146484,
                12.80542087554926
              ],
              [
                80.23763275146484,
                12.805151939392204
              ],
              [
                80.23735809326178,
                12.805151939392204
              ],
              [
                80.23735809326178,
                12.804860115051497
              ],
              [
                80.23680877685558,
                12.804860115051497
              ],
              [
                80.23680877685558,
                12.80457973480236
              ],
              [
                80.23625183105497,
                12.804583549499512
              ],
              [
                80.23625183105497,
                12.804306030273438
              ],
              [
                80.23596954345703,
                12.804310798645076
              ],
              [
                80.23596954345703,
                12.803750038146973
              ],
              [
                80.23542022705084,
                12.803750038146973
              ],
              [
                80.23542022705084,
                12.803469657898006
              ],
              [
                80.23513793945307,
                12.803471565246582
              ],
              [
                80.23513793945307,
                12.802638053894043
              ],
              [
                80.23486328125006,
                12.80263996124279
              ],
              [
                80.23486328125006,
                12.802090644836369
              ],
              [
                80.23457336425776,
                12.802090644836369
              ],
              [
                80.23457336425776,
                12.801532745361328
              ],
              [
                80.2344589233399,
                12.801532745361328
              ],
              [
                80.23430633544928,
                12.801532745361328
              ],
              [
                80.23430633544928,
                12.800971984863395
              ],
              [
                80.23402404785173,
                12.800971984863395
              ],
              [
                80.23402404785173,
                12.800417900085506
              ],
              [
                80.23374938964855,
                12.800419807434082
              ],
              [
                80.23374938964855,
                12.799861907959041
              ],
              [
                80.23346710205095,
                12.799861907959041
              ],
              [
                80.23346710205095,
                12.799018859863509
              ],
              [
                80.23319244384794,
                12.799028396606445
              ],
              [
                80.23319244384794,
                12.797916412353516
              ],
              [
                80.23291778564453,
                12.797920227050895
              ],
              [
                80.23291778564453,
                12.796810150146541
              ],
              [
                80.23264312744169,
                12.796810150146541
              ],
              [
                80.23264312744169,
                12.796529769897575
              ],
              [
                80.23208618164057,
                12.796529769897575
              ],
              [
                80.23208618164057,
                12.795690536499023
              ],
              [
                80.23374938964855,
                12.795693397521916
              ],
              [
                80.23374938964855,
                12.795417785644588
              ],
              [
                80.23385620117205,
                12.795417785644588
              ],
              [
                80.23401641845703,
                12.795419692993221
              ],
              [
                80.23401641845703,
                12.794860839843864
              ],
              [
                80.23430633544928,
                12.794860839843864
              ],
              [
                80.23430633544928,
                12.79403018951416
              ],
              [
                80.23457336425776,
                12.79403018951416
              ],
              [
                80.23457336425776,
                12.792922019958553
              ],
              [
                80.23486328125006,
                12.792922019958553
              ],
              [
                80.23486328125006,
                12.792080879211653
              ],
              [
                80.23458099365234,
                12.792082786560059
              ],
              [
                80.23458099365234,
                12.791526794433594
              ],
              [
                80.23430633544928,
                12.791531562805233
              ],
              [
                80.23430633544928,
                12.790150642395076
              ],
              [
                80.23401641845703,
                12.790150642395076
              ],
              [
                80.23401641845703,
                12.789031028747559
              ],
              [
                80.23374938964855,
                12.789031028747559
              ],
              [
                80.23374938964855,
                12.788750648498763
              ],
              [
                80.23401641845703,
                12.788750648498763
              ],
              [
                80.23401641845703,
                12.788192749023551
              ],
              [
                80.23430633544928,
                12.788194656372298
              ],
              [
                80.23430633544928,
                12.787917137146053
              ],
              [
                80.23401641845703,
                12.787921905517692
              ],
              [
                80.23401641845703,
                12.787640571594238
              ],
              [
                80.23310089111345,
                12.787640571594238
              ],
              [
                80.23264312744169,
                12.787640571594238
              ],
              [
                80.23264312744169,
                12.786811828613509
              ],
              [
                80.23208618164057,
                12.786811828613509
              ],
              [
                80.23208618164057,
                12.785690307617244
              ],
              [
                80.23180389404303,
                12.785695075988713
              ],
              [
                80.23180389404303,
                12.784860610961857
              ],
              [
                80.23208618164057,
                12.784860610961857
              ],
              [
                80.23208618164057,
                12.784311294555664
              ],
              [
                80.23301696777372,
                12.784306526184196
              ],
              [
                80.23374938964855,
                12.784311294555664
              ],
              [
                80.23374938964855,
                12.784020423889274
              ],
              [
                80.23457336425776,
                12.784020423889274
              ],
              [
                80.23457336425776,
                12.784311294555664
              ],
              [
                80.23513793945307,
                12.784311294555664
              ],
              [
                80.23513793945307,
                12.784020423889274
              ],
              [
                80.23596954345703,
                12.784029006958065
              ],
              [
                80.23596954345703,
                12.78375053405773
              ],
              [
                80.23680877685558,
                12.78375053405773
              ],
              [
                80.23680877685558,
                12.784029006958065
              ],
              [
                80.23792266845709,
                12.784020423889274
              ],
              [
                80.23792266845709,
                12.788750648498763
              ],
              [
                80.2381973266601,
                12.788750648498763
              ],
              [
                80.2381973266601,
                12.789310455322266
              ],
              [
                80.23847198486334,
                12.78930473327648
              ],
              [
                80.23847198486334,
                12.789583206176871
              ],
              [
                80.23874664306669,
                12.789583206176871
              ],
              [
                80.23874664306669,
                12.78930473327648
              ],
              [
                80.23986053466808,
                12.789310455322266
              ],
              [
                80.23986053466808,
                12.789860725402946
              ],
              [
                80.2401428222658,
                12.789860725402946
              ],
              [
                80.2401428222658,
                12.791531562805233
              ],
              [
                80.23986053466808,
                12.791526794433594
              ],
              [
                80.23986053466808,
                12.793194770812988
              ],
              [
                80.23958587646501,
                12.793190956115836
              ],
              [
                80.23958587646501,
                12.795419692993221
              ],
              [
                80.23930358886747,
                12.795417785644588
              ],
              [
                80.23930358886747,
                12.79597091674799
              ],
              [
                80.23902893066412,
                12.795960426330566
              ],
              [
                80.23902893066412,
                12.796529769897575
              ],
              [
                80.23874664306669,
                12.796527862548771
              ],
              [
                80.23874664306669,
                12.800694465637264
              ],
              [
                80.23930358886747,
                12.800694465637264
              ],
              [
                80.23930358886747,
                12.800971984863395
              ],
              [
                80.23958587646501,
                12.800971984863395
              ],
              [
                80.23958587646501,
                12.801250457763786
              ],
              [
                80.23986053466808,
                12.801250457763786
              ],
              [
                80.23986053466808,
                12.801532745361328
              ],
              [
                80.2401428222658,
                12.801532745361328
              ],
              [
                80.2401428222658,
                12.801811218261719
              ],
              [
                80.2404174804688,
                12.801811218261719
              ],
              [
                80.2404174804688,
                12.802090644836369
              ],
              [
                80.24069213867188,
                12.802083969116325
              ],
              [
                80.24069213867188,
                12.802362442016715
              ],
              [
                80.24096679687506,
                12.802359580993652
              ],
              [
                80.24096679687506,
                12.80263996124279
              ],
              [
                80.24375915527361,
                12.80263996124279
              ],
              [
                80.24375915527361,
                12.801250457763786
              ],
              [
                80.2434692382813,
                12.801250457763786
              ],
              [
                80.2434692382813,
                12.800419807434082
              ],
              [
                80.24375915527361,
                12.800419807434082
              ],
              [
                80.24375915527361,
                12.800140380859432
              ],
              [
                80.24485778808622,
                12.800138473510799
              ],
              [
                80.24485778808622,
                12.800971984863395
              ],
              [
                80.24514007568365,
                12.800971984863395
              ],
              [
                80.24514007568365,
                12.801532745361328
              ],
              [
                80.24540710449247,
                12.801532745361328
              ],
              [
                80.24540710449247,
                12.801811218261719
              ],
              [
                80.24569702148438,
                12.801811218261719
              ],
              [
                80.24569702148438,
                12.802090644836369
              ],
              [
                80.24597167968778,
                12.802083969116325
              ],
              [
                80.24597167968778,
                12.802362442016715
              ],
              [
                80.2462463378908,
                12.802359580993652
              ],
              [
                80.2462463378908,
                12.80263996124279
              ],
              [
                80.24819183349615,
                12.80263996124279
              ],
              [
                80.24819183349615,
                12.802359580993652
              ],
              [
                80.24847412109403,
                12.802362442016715
              ],
              [
                80.24847412109403,
                12.801250457763786
              ],
              [
                80.24874877929688,
                12.801250457763786
              ],
              [
                80.24874877929688,
                12.800691604614201
              ],
              [
                80.24903106689482,
                12.800694465637264
              ],
              [
                80.24903106689482,
                12.800417900085506
              ],
              [
                80.24931335449236,
                12.800419807434082
              ],
              [
                80.24931335449236,
                12.799309730529899
              ],
              [
                80.2495727539063,
                12.799309730529899
              ],
              [
                80.2495727539063,
                12.797639846801701
              ],
              [
                80.24931335449236,
                12.797639846801701
              ],
              [
                80.24931335449236,
                12.795960426330566
              ],
              [
                80.2495803833009,
                12.79597091674799
              ],
              [
                80.2495803833009,
                12.794304847717342
              ],
              [
                80.24931335449236,
                12.794309616088867
              ],
              [
                80.24931335449236,
                12.79403018951416
              ],
              [
                80.2495727539063,
                12.79403018951416
              ],
              [
                80.2495727539063,
                12.793471336364973
              ],
              [
                80.24986267089861,
                12.793471336364973
              ],
              [
                80.24986267089861,
                12.793194770812988
              ],
              [
                80.25013732910162,
                12.793194770812988
              ],
              [
                80.25013732910162,
                12.792917251586914
              ],
              [
                80.25041961669922,
                12.792922019958553
              ],
              [
                80.25041961669922,
                12.79236125946045
              ],
              [
                80.2506942749024,
                12.79236125946045
              ],
              [
                80.2506942749024,
                12.791251182556266
              ],
              [
                80.25096893310541,
                12.791251182556266
              ],
              [
                80.25096893310541,
                12.790968894958553
              ],
              [
                80.25152587890653,
                12.790970802307129
              ],
              [
                80.25152587890653,
                12.790695190429801
              ],
              [
                80.25208282470732,
                12.790695190429801
              ],
              [
                80.25208282470732,
                12.79041671752941
              ],
              [
                80.25402832031244,
                12.790418624877987
              ],
              [
                80.25402832031244,
                12.790150642395076
              ],
              [
                80.25430297851568,
                12.790150642395076
              ],
              [
                80.25430297851568,
                12.789031028747559
              ],
              [
                80.25459289550776,
                12.789031028747559
              ],
              [
                80.25459289550776,
                12.787921905517692
              ],
              [
                80.25485992431646,
                12.787921905517692
              ],
              [
                80.25485992431646,
                12.786811828613509
              ],
              [
                80.25514221191435,
                12.786811828613509
              ],
              [
                80.25514221191435,
                12.784860610961857
              ],
              [
                80.25485992431646,
                12.784860610961857
              ],
              [
                80.25485992431646,
                12.78319454193121
              ],
              [
                80.25458526611357,
                12.78319454193121
              ],
              [
                80.25458526611357,
                12.781806945800781
              ],
              [
                80.25430297851568,
                12.78181076049816
              ],
              [
                80.25430297851568,
                12.7804212570191
              ],
              [
                80.25402832031244,
                12.7804212570191
              ],
              [
                80.25402832031244,
                12.77903079986578
              ],
              [
                80.2537460327149,
                12.77903079986578
              ],
              [
                80.2537460327149,
                12.77818965911871
              ],
              [
                80.25347137451172,
                12.778194427490348
              ],
              [
                80.25347137451172,
                12.777084350586165
              ],
              [
                80.25319671630865,
                12.777084350586165
              ],
              [
                80.25319671630865,
                12.77624988555931
              ],
              [
                80.25290679931658,
                12.776251792907715
              ],
              [
                80.25290679931658,
                12.775420188903922
              ],
              [
                80.25263977050793,
                12.775420188903922
              ],
              [
                80.25263977050793,
                12.774850845337141
              ],
              [
                80.25235748291033,
                12.774862289428711
              ],
              [
                80.25235748291033,
                12.774027824401855
              ],
              [
                80.25208282470732,
                12.774029731750602
              ],
              [
                80.25208282470732,
                12.773191452026367
              ],
              [
                80.25180816650396,
                12.77319431304926
              ],
              [
                80.25180816650396,
                12.772640228271598
              ],
              [
                80.25152587890653,
                12.772640228271598
              ],
              [
                80.25152587890653,
                12.771809577941895
              ],
              [
                80.25125122070318,
                12.771809577941895
              ],
              [
                80.25125122070318,
                12.770969390869084
              ],
              [
                80.25096893310541,
                12.770972251892147
              ],
              [
                80.25096893310541,
                12.769862174987793
              ],
              [
                80.2506942749024,
                12.769862174987793
              ],
              [
                80.2506942749024,
                12.769026756286678
              ],
              [
                80.25041961669922,
                12.769041061401424
              ],
              [
                80.25041961669922,
                12.767081260681152
              ],
              [
                80.25013732910162,
                12.767083168029728
              ],
              [
                80.25013732910162,
                12.766248703002873
              ],
              [
                80.24986267089861,
                12.766251564025936
              ],
              [
                80.24986267089861,
                12.765690803527832
              ],
              [
                80.2495803833009,
                12.765694618225154
              ],
              [
                80.2495803833009,
                12.764861106872786
              ],
              [
                80.24930572509783,
                12.764861106872786
              ],
              [
                80.24930572509783,
                12.76402664184593
              ],
              [
                80.24903106689482,
                12.764028549194336
              ],
              [
                80.24903106689482,
                12.763191223144588
              ],
              [
                80.24874877929688,
                12.763195037841797
              ],
              [
                80.24874877929688,
                12.762360572814941
              ],
              [
                80.24847412109403,
                12.762360572814941
              ],
              [
                80.24847412109403,
                12.761528968811149
              ],
              [
                80.24819183349615,
                12.761530876159725
              ],
              [
                80.24819183349615,
                12.760689735412654
              ],
              [
                80.24791717529291,
                12.76069545745861
              ],
              [
                80.24791717529291,
                12.759860992431754
              ],
              [
                80.2476425170899,
                12.759860992431754
              ],
              [
                80.2476425170899,
                12.759026527404899
              ],
              [
                80.24736022949219,
                12.759031295776367
              ],
              [
                80.24736022949219,
                12.758201599121321
              ],
              [
                80.24709320068365,
                12.75819015502924
              ],
              [
                80.24708557128912,
                12.75736141204834
              ],
              [
                80.24680328369158,
                12.75736141204834
              ],
              [
                80.24680328369158,
                12.75652885437006
              ],
              [
                80.2465286254884,
                12.756530761718864
              ],
              [
                80.2465286254884,
                12.755689620971737
              ],
              [
                80.24597167968778,
                12.755695343017692
              ],
              [
                80.24597167968778,
                12.75513839721674
              ],
              [
                80.2462463378908,
                12.755141258239803
              ],
              [
                80.2462463378908,
                12.75485992431635
              ],
              [
                80.24597167968778,
                12.75485992431635
              ],
              [
                80.24597167968778,
                12.754039764404297
              ],
              [
                80.24569702148438,
                12.754039764404297
              ],
              [
                80.24569702148438,
                12.753191947937125
              ],
              [
                80.245414733887,
                12.753193855285701
              ],
              [
                80.245414733887,
                12.752360343933333
              ],
              [
                80.24514007568365,
                12.752360343933333
              ],
              [
                80.24514007568365,
                12.751527786254883
              ],
              [
                80.24485778808622,
                12.751530647277946
              ],
              [
                80.24485778808622,
                12.750690460205135
              ],
              [
                80.24458312988287,
                12.750694274902344
              ],
              [
                80.24458312988287,
                12.749859809875488
              ],
              [
                80.24430847167969,
                12.749861717224235
              ],
              [
                80.24430847167969,
                12.749030113220442
              ],
              [
                80.24402618408209,
                12.749030113220442
              ],
              [
                80.24402618408209,
                12.748470306396428
              ],
              [
                80.24375152587908,
                12.74847221374523
              ],
              [
                80.24375152587908,
                12.747637748718375
              ],
              [
                80.2434692382813,
                12.747639656067122
              ],
              [
                80.2434692382813,
                12.746809959411735
              ],
              [
                80.24318695068376,
                12.746809959411735
              ],
              [
                80.24318695068376,
                12.745971679687557
              ],
              [
                80.24291992187528,
                12.745971679687557
              ],
              [
                80.24291992187528,
                12.745140075683537
              ],
              [
                80.24263763427751,
                12.74514198303234
              ],
              [
                80.24263763427751,
                12.744579315185604
              ],
              [
                80.2423629760745,
                12.744584083557072
              ],
              [
                80.2423629760745,
                12.744028091430607
              ],
              [
                80.24208068847662,
                12.74402999877941
              ],
              [
                80.24208068847662,
                12.743749618530217
              ],
              [
                80.24180603027372,
                12.743749618530217
              ],
              [
                80.24180603027372,
                12.742080688476506
              ],
              [
                80.24153137207037,
                12.742083549499569
              ],
              [
                80.24153137207037,
                12.741526603698844
              ],
              [
                80.2412490844726,
                12.741530418395996
              ],
              [
                80.2412490844726,
                12.740691184997672
              ],
              [
                80.24097442626959,
                12.740693092346248
              ],
              [
                80.24097442626959,
                12.74013900756836
              ],
              [
                80.24069976806658,
                12.740141868591252
              ],
              [
                80.24069976806658,
                12.739860534667969
              ],
              [
                80.2404174804688,
                12.739860534667969
              ],
              [
                80.2404174804688,
                12.738471031188965
              ],
              [
                80.24013519287126,
                12.738471031188965
              ],
              [
                80.24013519287126,
                12.737639427185172
              ],
              [
                80.23986053466808,
                12.737642288208065
              ],
              [
                80.23986053466808,
                12.736809730529785
              ],
              [
                80.23958587646501,
                12.736809730529785
              ],
              [
                80.23958587646501,
                12.735971450805778
              ],
              [
                80.23930358886747,
                12.735973358154354
              ],
              [
                80.23930358886747,
                12.735417366027889
              ],
              [
                80.23902893066412,
                12.735419273376465
              ],
              [
                80.23902893066412,
                12.7345809936524
              ],
              [
                80.23874664306669,
                12.734582901001033
              ],
              [
                80.23874664306669,
                12.734026908874569
              ],
              [
                80.23847198486334,
                12.734030723571891
              ],
              [
                80.23847198486334,
                12.73318958282482
              ],
              [
                80.2381973266601,
                12.733195304870549
              ],
              [
                80.2381973266601,
                12.732360839843693
              ],
              [
                80.23792266845709,
                12.732360839843693
              ],
              [
                80.23792266845709,
                12.731531143188533
              ],
              [
                80.23763275146484,
                12.731531143188533
              ],
              [
                80.23763275146484,
                12.730970382690373
              ],
              [
                80.23735809326178,
                12.730973243713436
              ],
              [
                80.23735809326178,
                12.73013877868658
              ],
              [
                80.23707580566423,
                12.730140686035213
              ],
              [
                80.23707580566423,
                12.72903060913086
              ],
              [
                80.23680877685558,
                12.72903060913086
              ],
              [
                80.23680877685558,
                12.72819042205822
              ],
              [
                80.23652648925798,
                12.728195190429688
              ],
              [
                80.23652648925798,
                12.727638244628906
              ],
              [
                80.23625183105497,
                12.72764110565197
              ],
              [
                80.23625183105497,
                12.726811408996582
              ],
              [
                80.23596954345703,
                12.726811408996582
              ],
              [
                80.23596954345703,
                12.725970268249512
              ],
              [
                80.23569488525419,
                12.725972175598258
              ],
              [
                80.23569488525419,
                12.725137710571403
              ],
              [
                80.23542022705084,
                12.725139617919979
              ],
              [
                80.23542022705084,
                12.724581718444938
              ],
              [
                80.23513793945307,
                12.724583625793514
              ],
              [
                80.23513793945307,
                12.723750114441145
              ],
              [
                80.23486328125006,
                12.723750114441145
              ],
              [
                80.23486328125006,
                12.72291564941429
              ],
              [
                80.23457336425776,
                12.722921371460075
              ],
              [
                80.23457336425776,
                12.722359657287654
              ],
              [
                80.23430633544928,
                12.72236156463623
              ],
              [
                80.23430633544928,
                12.721528053283691
              ],
              [
                80.23401641845703,
                12.721529960632438
              ],
              [
                80.23401641845703,
                12.72068023681652
              ],
              [
                80.23374938964855,
                12.720693588256836
              ],
              [
                80.23374938964855,
                12.720137596130371
              ],
              [
                80.23346710205095,
                12.720140457153434
              ],
              [
                80.23346710205095,
                12.71930980682373
              ],
              [
                80.23319244384794,
                12.71930980682373
              ],
              [
                80.23319244384794,
                12.71875190734869
              ],
              [
                80.23291778564453,
                12.71875190734869
              ],
              [
                80.23291778564453,
                12.71793174743658
              ],
              [
                80.23264312744169,
                12.71793174743658
              ],
              [
                80.23264312744169,
                12.717081069946346
              ],
              [
                80.2323608398438,
                12.717083930969238
              ],
              [
                80.2323608398438,
                12.716527938842773
              ],
              [
                80.23208618164057,
                12.71652984619135
              ],
              [
                80.23208618164057,
                12.715690612793026
              ],
              [
                80.23180389404303,
                12.715693473815918
              ],
              [
                80.23180389404303,
                12.714861869812125
              ],
              [
                80.23152923583984,
                12.71487140655529
              ],
              [
                80.23152923583984,
                12.71430969238287
              ],
              [
                80.23124694824224,
                12.71430969238287
              ],
              [
                80.23124694824224,
                12.713471412658805
              ],
              [
                80.23097229003923,
                12.713471412658805
              ],
              [
                80.23097229003923,
                12.712638854980526
              ],
              [
                80.23069763183605,
                12.712641716003418
              ],
              [
                80.23069763183605,
                12.712080955505485
              ],
              [
                80.23041534423845,
                12.71208286285406
              ],
              [
                80.23041534423845,
                12.711251258850098
              ],
              [
                80.23014068603544,
                12.711251258850098
              ],
              [
                80.23014068603544,
                12.710419654846305
              ],
              [
                80.22985839843767,
                12.710419654846305
              ],
              [
                80.22985839843767,
                12.709858894348201
              ],
              [
                80.22958374023466,
                12.709860801696777
              ],
              [
                80.22958374023466,
                12.709029197692985
              ],
              [
                80.2293090820313,
                12.709029197692985
              ],
              [
                80.2293090820313,
                12.70819091796875
              ],
              [
                80.22902679443388,
                12.70819473266613
              ],
              [
                80.22902679443388,
                12.70736122131359
              ],
              [
                80.22875213623053,
                12.70736122131359
              ],
              [
                80.22875213623053,
                12.706805229187069
              ],
              [
                80.22846984863276,
                12.70681190490734
              ],
              [
                80.22846984863276,
                12.70596790313715
              ],
              [
                80.22819519042974,
                12.705972671508846
              ],
              [
                80.22819519042974,
                12.70513916015625
              ],
              [
                80.22791290283203,
                12.705141067504883
              ],
              [
                80.22791290283203,
                12.704311370849666
              ],
              [
                80.22763824462896,
                12.704311370849666
              ],
              [
                80.22763824462896,
                12.703470230102539
              ],
              [
                80.22736358642595,
                12.703473091125431
              ],
              [
                80.22736358642595,
                12.702638626098576
              ],
              [
                80.22708129882824,
                12.70264053344738
              ],
              [
                80.22708129882824,
                12.701531410217285
              ],
              [
                80.22680664062517,
                12.701531410217285
              ],
              [
                80.22680664062517,
                12.700140953063965
              ],
              [
                80.2265167236331,
                12.700140953063965
              ],
              [
                80.2265167236331,
                12.699570655822697
              ],
              [
                80.22624969482428,
                12.699582099914778
              ],
              [
                80.22624969482428,
                12.699028015136719
              ],
              [
                80.22598266601557,
                12.699030876159782
              ],
              [
                80.22598266601557,
                12.697920799255428
              ],
              [
                80.2256927490235,
                12.697920799255428
              ],
              [
                80.2256927490235,
                12.696799278259391
              ],
              [
                80.22541809082026,
                12.696805953979606
              ],
              [
                80.22541809082026,
                12.696528434753532
              ],
              [
                80.22513580322271,
                12.696530342102278
              ],
              [
                80.22513580322271,
                12.69570064544672
              ],
              [
                80.22486114501953,
                12.695689201355037
              ],
              [
                80.22486114501953,
                12.694862365722713
              ],
              [
                80.22458648681646,
                12.694862365722713
              ],
              [
                80.22458648681646,
                12.694306373596248
              ],
              [
                80.22429656982439,
                12.694311141967887
              ],
              [
                80.22429656982439,
                12.693471908569393
              ],
              [
                80.22402954101574,
                12.693471908569393
              ],
              [
                80.22402954101574,
                12.692640304565373
              ],
              [
                80.22374725341814,
                12.692640304565373
              ],
              [
                80.22374725341814,
                12.691809654236067
              ],
              [
                80.22347259521513,
                12.691809654236067
              ],
              [
                80.22347259521513,
                12.690699577331543
              ],
              [
                80.22319793701178,
                12.690699577331543
              ],
              [
                80.22319793701178,
                12.69013977050787
              ],
              [
                80.22292327880888,
                12.69013977050787
              ],
              [
                80.22292327880888,
                12.689310073852539
              ],
              [
                80.22263336181646,
                12.689310073852539
              ],
              [
                80.22263336181646,
                12.688470840454158
              ],
              [
                80.22235870361322,
                12.688470840454158
              ],
              [
                80.22235870361322,
                12.687919616699162
              ],
              [
                80.22207641601568,
                12.687919616699162
              ],
              [
                80.22207641601568,
                12.687081336975325
              ],
              [
                80.2218017578125,
                12.68708324432373
              ],
              [
                80.2218017578125,
                12.686248779296875
              ],
              [
                80.22152709960943,
                12.686251640319938
              ],
              [
                80.22152709960943,
                12.68542194366455
              ],
              [
                80.22125244140642,
                12.68542194366455
              ],
              [
                80.22125244140642,
                12.684570312500057
              ],
              [
                80.22097015380871,
                12.684582710266227
              ],
              [
                80.22097015380871,
                12.683749198913688
              ],
              [
                80.22069549560564,
                12.683749198913688
              ],
              [
                80.22069549560564,
                12.682916641235579
              ],
              [
                80.2204132080081,
                12.682918548583984
              ],
              [
                80.2204132080081,
                12.682081222534237
              ],
              [
                80.22013854980469,
                12.68208312988287
              ],
              [
                80.22013854980469,
                12.681248664856014
              ],
              [
                80.21985626220732,
                12.68125057220459
              ],
              [
                80.21985626220732,
                12.680687904357853
              ],
              [
                80.21958160400396,
                12.680694580078125
              ],
              [
                80.21958160400396,
                12.679026603698674
              ],
              [
                80.21901702880865,
                12.67903137207037
              ],
              [
                80.21901702880865,
                12.678190231323242
              ],
              [
                80.21875,
                12.678194999694881
              ],
              [
                80.21875,
                12.677083015441951
              ],
              [
                80.21847534179693,
                12.677083015441951
              ],
              [
                80.21847534179693,
                12.676528930664062
              ],
              [
                80.21819305419939,
                12.676530838012695
              ],
              [
                80.21819305419939,
                12.675970077514705
              ],
              [
                80.21791839599621,
                12.675972938537598
              ],
              [
                80.21791839599621,
                12.675416946411133
              ],
              [
                80.21763610839861,
                12.675420761108512
              ],
              [
                80.21763610839861,
                12.674860000610352
              ],
              [
                80.2173614501956,
                12.674860000610352
              ],
              [
                80.2173614501956,
                12.674310684204158
              ],
              [
                80.21708679199219,
                12.674310684204158
              ],
              [
                80.21708679199219,
                12.673469543457031
              ],
              [
                80.21680450439482,
                12.673472404480094
              ],
              [
                80.21680450439482,
                12.672637939453239
              ],
              [
                80.21652984619146,
                12.672637939453239
              ],
              [
                80.21652984619146,
                12.671527862548885
              ],
              [
                80.21624755859403,
                12.671530723571777
              ],
              [
                80.21624755859403,
                12.670689582824707
              ],
              [
                80.21597290039068,
                12.670694351196346
              ],
              [
                80.21597290039068,
                12.66985988616949
              ],
              [
                80.2156982421875,
                12.669861793518066
              ],
              [
                80.21569061279291,
                12.669030189514274
              ],
              [
                80.2154159545899,
                12.669030189514274
              ],
              [
                80.2154159545899,
                12.66847038269043
              ],
              [
                80.21514129638689,
                12.668472290039062
              ],
              [
                80.21514129638689,
                12.66791629791254
              ],
              [
                80.21485900878912,
                12.66792011261009
              ],
              [
                80.21485900878912,
                12.667360305786076
              ],
              [
                80.21458435058611,
                12.66736221313488
              ],
              [
                80.21458435058611,
                12.666806221008414
              ],
              [
                80.2143020629884,
                12.666819572448674
              ],
              [
                80.2143020629884,
                12.665969848632756
              ],
              [
                80.21402740478533,
                12.665971755981559
              ],
              [
                80.21402740478533,
                12.664859771728572
              ],
              [
                80.21375274658232,
                12.664859771728572
              ],
              [
                80.21375274658232,
                12.664030075073185
              ],
              [
                80.21346282958984,
                12.664030075073185
              ],
              [
                80.21346282958984,
                12.662919998169059
              ],
              [
                80.21319580078153,
                12.662919998169059
              ],
              [
                80.21319580078153,
                12.662078857422102
              ],
              [
                80.21291351318365,
                12.6620836257934
              ],
              [
                80.21291351318365,
                12.661249160766545
              ],
              [
                80.21263885498041,
                12.661252021789608
              ],
              [
                80.21263885498041,
                12.660141944885254
              ],
              [
                80.21235656738287,
                12.660141944885254
              ],
              [
                80.21235656738287,
                12.659310340881461
              ],
              [
                80.21208190917969,
                12.659310340881461
              ],
              [
                80.21208190917969,
                12.658190727234
              ],
              [
                80.21180725097662,
                12.658194541931152
              ],
              [
                80.21180725097662,
                12.657361030578613
              ],
              [
                80.21151733398455,
                12.657361030578613
              ],
              [
                80.21151733398455,
                12.656811714172363
              ],
              [
                80.2112503051759,
                12.656811714172363
              ],
              [
                80.2112503051759,
                12.655970573425293
              ],
              [
                80.21097564697283,
                12.655973434448356
              ],
              [
                80.21097564697283,
                12.655417442321891
              ],
              [
                80.21069335937528,
                12.655419349670638
              ],
              [
                80.21069335937528,
                12.65458965301525
              ],
              [
                80.21041870117193,
                12.65458965301525
              ],
              [
                80.21041870117193,
                12.654028892517147
              ],
              [
                80.2101364135745,
                12.654028892517147
              ],
              [
                80.2101364135745,
                12.653189659118652
              ],
              [
                80.20986175537115,
                12.65319538116455
              ],
              [
                80.20986175537115,
                12.652639389038086
              ],
              [
                80.20958709716791,
                12.652641296386719
              ],
              [
                80.20958709716791,
                12.651811599731502
              ],
              [
                80.20929718017584,
                12.651811599731502
              ],
              [
                80.20929718017584,
                12.651250839233342
              ],
              [
                80.20903015136719,
                12.651250839233342
              ],
              [
                80.20903015136719,
                12.650690078735408
              ],
              [
                80.20874786376959,
                12.650694847106877
              ],
              [
                80.20874786376959,
                12.650417327880973
              ],
              [
                80.20847320556658,
                12.650421142578182
              ],
              [
                80.20847320556658,
                12.649861335754508
              ],
              [
                80.20819091796886,
                12.649861335754508
              ],
              [
                80.20819091796886,
                12.649584770202694
              ],
              [
                80.2079162597658,
                12.649582862854118
              ],
              [
                80.2079162597658,
                12.64819526672386
              ],
              [
                80.20764160156278,
                12.64819526672386
              ],
              [
                80.20764160156278,
                12.64791679382347
              ],
              [
                80.20735931396484,
                12.647920608520508
              ],
              [
                80.20735931396484,
                12.6476411819458
              ],
              [
                80.20707702636747,
                12.6476411819458
              ],
              [
                80.20707702636747,
                12.647359848022518
              ],
              [
                80.20680236816412,
                12.647359848022518
              ],
              [
                80.20680236816412,
                12.64597225189209
              ],
              [
                80.20652770996088,
                12.64597225189209
              ],
              [
                80.20652770996088,
                12.64486026763916
              ],
              [
                80.20625305175787,
                12.64486026763916
              ],
              [
                80.20625305175787,
                12.644027709961051
              ],
              [
                80.20597076416016,
                12.644030570984114
              ],
              [
                80.20597076416016,
                12.643750190734977
              ],
              [
                80.20569610595709,
                12.643750190734977
              ],
              [
                80.20569610595709,
                12.642359733581657
              ],
              [
                80.20540618896484,
                12.642359733581657
              ],
              [
                80.20540618896484,
                12.641811370849723
              ],
              [
                80.20513916015636,
                12.641811370849723
              ],
              [
                80.20513916015636,
                12.64153003692627
              ],
              [
                80.20485687255876,
                12.64153003692627
              ],
              [
                80.20485687255876,
                12.640970230102596
              ],
              [
                80.20458221435575,
                12.640972137451229
              ],
              [
                80.20458221435575,
                12.640137672424373
              ],
              [
                80.20430755615234,
                12.64013957977295
              ],
              [
                80.20430755615234,
                12.639860153198242
              ],
              [
                80.20402526855497,
                12.639862060546875
              ],
              [
                80.20402526855497,
                12.638750076293888
              ],
              [
                80.20375061035162,
                12.638751983642692
              ],
              [
                80.20375061035162,
                12.638189315796126
              ],
              [
                80.20347595214838,
                12.638194084167424
              ],
              [
                80.20347595214838,
                12.637639999389705
              ],
              [
                80.2031860351563,
                12.637639999389705
              ],
              [
                80.2031860351563,
                12.637079238891602
              ],
              [
                80.20291900634766,
                12.63708400726324
              ],
              [
                80.20291900634766,
                12.636528015136776
              ],
              [
                80.20263671875006,
                12.636528015136776
              ],
              [
                80.20263671875006,
                12.63569355010992
              ],
              [
                80.20236206054705,
                12.63569355010992
              ],
              [
                80.20236206054705,
                12.634861946105957
              ],
              [
                80.20207977294928,
                12.634861946105957
              ],
              [
                80.20207977294928,
                12.634030342102164
              ],
              [
                80.2018127441408,
                12.634030342102164
              ],
              [
                80.2018127441408,
                12.633460044860897
              ],
              [
                80.20153045654325,
                12.63347053527832
              ],
              [
                80.20153045654325,
                12.632638931274357
              ],
              [
                80.20124816894548,
                12.63264179229742
              ],
              [
                80.20124816894548,
                12.631531715393066
              ],
              [
                80.20096588134794,
                12.631531715393066
              ],
              [
                80.20096588134794,
                12.630419731140137
              ],
              [
                80.20069122314459,
                12.630419731140137
              ],
              [
                80.20069122314459,
                12.629581451416072
              ],
              [
                80.20041656494169,
                12.629583358764705
              ],
              [
                80.20041656494169,
                12.62874889373785
              ],
              [
                80.20014190673834,
                12.62874889373785
              ],
              [
                80.20014190673834,
                12.627640724182243
              ],
              [
                80.19985961914057,
                12.627640724182243
              ],
              [
                80.19985961914057,
                12.62653064727806
              ],
              [
                80.19957733154303,
                12.62653064727806
              ],
              [
                80.19957733154303,
                12.624857902526799
              ],
              [
                80.19930267333984,
                12.624860763549862
              ],
              [
                80.19930267333984,
                12.621804237365723
              ],
              [
                80.19902801513678,
                12.621810913085994
              ],
              [
                80.19902801513678,
                12.61819171905529
              ],
              [
                80.19930267333984,
                12.618193626403865
              ],
              [
                80.19930267333984,
                12.617637634277571
              ],
              [
                80.19985961914057,
                12.617639541625977
              ],
              [
                80.19985961914057,
                12.617360115051326
              ],
              [
                80.20014190673834,
                12.617360115051326
              ],
              [
                80.20014190673834,
                12.616250038146973
              ],
              [
                80.19985961914057,
                12.616250038146973
              ],
              [
                80.19985961914057,
                12.615690231323299
              ],
              [
                80.19958496093756,
                12.615694046020508
              ],
              [
                80.19958496093756,
                12.615415573120117
              ],
              [
                80.19930267333984,
                12.615421295166072
              ],
              [
                80.19930267333984,
                12.61513996124279
              ],
              [
                80.19875335693376,
                12.61513996124279
              ],
              [
                80.19875335693376,
                12.614859580993652
              ],
              [
                80.19847106933605,
                12.614862442016715
              ],
              [
                80.19847106933605,
                12.61430644989025
              ],
              [
                80.19819641113298,
                12.614311218261719
              ],
              [
                80.19819641113298,
                12.613750457763729
              ],
              [
                80.19790649414091,
                12.613750457763729
              ],
              [
                80.19790649414091,
                12.613191604614201
              ],
              [
                80.19763946533209,
                12.613194465637264
              ],
              [
                80.19763946533209,
                12.612638473510799
              ],
              [
                80.19735717773466,
                12.612640380859375
              ],
              [
                80.19735717773466,
                12.612081527710018
              ],
              [
                80.1970825195313,
                12.61208438873291
              ],
              [
                80.1970825195313,
                12.611249923706055
              ],
              [
                80.19680786132807,
                12.611249923706055
              ],
              [
                80.19680786132807,
                12.610691070556697
              ],
              [
                80.19652557373053,
                12.610695838928166
              ],
              [
                80.19652557373053,
                12.609862327575797
              ],
              [
                80.19625091552734,
                12.609862327575797
              ],
              [
                80.19625091552734,
                12.609306335449332
              ],
              [
                80.19596862792974,
                12.609310150146541
              ],
              [
                80.19596862792974,
                12.608750343322868
              ],
              [
                80.1956863403322,
                12.608750343322868
              ],
              [
                80.1956863403322,
                12.608190536499023
              ],
              [
                80.19541931152355,
                12.608193397522086
              ],
              [
                80.19541931152355,
                12.607640266418684
              ],
              [
                80.19513702392595,
                12.607640266418684
              ],
              [
                80.19513702392595,
                12.607081413269157
              ],
              [
                80.19486236572294,
                12.607084274292049
              ],
              [
                80.19486236572294,
                12.606527328491438
              ],
              [
                80.194580078125,
                12.606540679931754
              ],
              [
                80.194580078125,
                12.605971336364973
              ],
              [
                80.19430541992216,
                12.605971336364973
              ],
              [
                80.19430541992216,
                12.605415344238338
              ],
              [
                80.1940307617188,
                12.605422019958553
              ],
              [
                80.1940307617188,
                12.6043119430542
              ],
              [
                80.19374847412104,
                12.6043119430542
              ],
              [
                80.19374847412104,
                12.602639198303336
              ],
              [
                80.19319152832031,
                12.602639198303336
              ],
              [
                80.19319152832031,
                12.602081298828068
              ],
              [
                80.19291687011724,
                12.602083206176871
              ],
              [
                80.19291687011724,
                12.60180473327648
              ],
              [
                80.19264984130876,
                12.601810455322266
              ],
              [
                80.19264984130876,
                12.600971221923885
              ],
              [
                80.19235992431652,
                12.600973129272518
              ],
              [
                80.19235992431652,
                12.600417137146053
              ],
              [
                80.19208526611345,
                12.600417137146053
              ],
              [
                80.19208526611345,
                12.599582672119197
              ],
              [
                80.19180297851591,
                12.599582672119197
              ],
              [
                80.19180297851591,
                12.599026679992676
              ],
              [
                80.1915283203125,
                12.599031448364371
              ],
              [
                80.1915283203125,
                12.598470687866211
              ],
              [
                80.19125366210966,
                12.598472595214844
              ],
              [
                80.19125366210966,
                12.598195075988713
              ],
              [
                80.1915283203125,
                12.598195075988713
              ],
              [
                80.1915283203125,
                12.597360610961857
              ],
              [
                80.19125366210966,
                12.597360610961857
              ],
              [
                80.19125366210966,
                12.597083091735954
              ],
              [
                80.19097137451178,
                12.597083091735954
              ],
              [
                80.19097137451178,
                12.596529006958065
              ],
              [
                80.19069671630854,
                12.596530914306697
              ],
              [
                80.19069671630854,
                12.596250534057674
              ],
              [
                80.19040679931646,
                12.596250534057674
              ],
              [
                80.19040679931646,
                12.59568977355957
              ],
              [
                80.19013977050781,
                12.59569454193121
              ],
              [
                80.19013977050781,
                12.59486103057884
              ],
              [
                80.18985748291021,
                12.59486103057884
              ],
              [
                80.18985748291021,
                12.594579696655387
              ],
              [
                80.19013977050781,
                12.594581604003963
              ],
              [
                80.19013977050781,
                12.593750953674316
              ],
              [
                80.18985748291021,
                12.593750953674316
              ],
              [
                80.18985748291021,
                12.593469619751033
              ],
              [
                80.1895828247072,
                12.593473434448242
              ],
              [
                80.1895828247072,
                12.593194007873535
              ],
              [
                80.18930816650402,
                12.593194007873535
              ],
              [
                80.18930816650402,
                12.592915534973145
              ],
              [
                80.18902587890642,
                12.5929212570191
              ],
              [
                80.18902587890642,
                12.591811180114746
              ],
              [
                80.18875122070341,
                12.591811180114746
              ],
              [
                80.18875122070341,
                12.591540336608887
              ],
              [
                80.18846893310564,
                12.591540336608887
              ],
              [
                80.18846893310564,
                12.59068965911871
              ],
              [
                80.18819427490263,
                12.590694427490348
              ],
              [
                80.18819427490263,
                12.58902835845953
              ],
              [
                80.18791961669928,
                12.589030265808105
              ],
              [
                80.18791961669928,
                12.588751792907715
              ],
              [
                80.18763732910185,
                12.588751792907715
              ],
              [
                80.18763732910185,
                12.588179588317871
              ],
              [
                80.1873626708985,
                12.588193893432674
              ],
              [
                80.1873626708985,
                12.587916374206543
              ],
              [
                80.18708038330072,
                12.587921142578239
              ],
              [
                80.18708038330072,
                12.586811065673885
              ],
              [
                80.18681335449224,
                12.586811065673885
              ],
              [
                80.18681335449224,
                12.585692405700684
              ],
              [
                80.1865310668947,
                12.58569431304926
              ],
              [
                80.1865310668947,
                12.584305763244686
              ],
              [
                80.18624877929693,
                12.584309577941895
              ],
              [
                80.18624877929693,
                12.581529617309513
              ],
              [
                80.18596649169939,
                12.581529617309513
              ],
              [
                80.18596649169939,
                12.579581260681152
              ],
              [
                80.18569183349621,
                12.579583168029899
              ],
              [
                80.18569183349621,
                12.579304695129338
              ],
              [
                80.18596649169939,
                12.579310417175293
              ],
              [
                80.18596649169939,
                12.578751564026106
              ],
              [
                80.18569183349621,
                12.578751564026106
              ],
              [
                80.18569183349621,
                12.57847118377697
              ],
              [
                80.18541717529314,
                12.57847118377697
              ],
              [
                80.18541717529314,
                12.57763862609869
              ],
              [
                80.18345642089838,
                12.577642440795898
              ],
              [
                80.18345642089838,
                12.577921867370549
              ],
              [
                80.18235778808611,
                12.577921867370549
              ],
              [
                80.18235778808611,
                12.577642440795898
              ],
              [
                80.18180847167974,
                12.577642440795898
              ],
              [
                80.18180847167974,
                12.57735919952404
              ],
              [
                80.18125152587896,
                12.577361106872786
              ],
              [
                80.18125152587896,
                12.577082633972395
              ],
              [
                80.18069458007818,
                12.577082633972395
              ],
              [
                80.18069458007818,
                12.577361106872786
              ],
              [
                80.1801376342774,
                12.57735919952404
              ],
              [
                80.1801376342774,
                12.577642440795898
              ],
              [
                80.17986297607439,
                12.577642440795898
              ],
              [
                80.17986297607439,
                12.577921867370549
              ],
              [
                80.17930603027361,
                12.57791709899925
              ],
              [
                80.17930603027361,
                12.578194618225154
              ],
              [
                80.17874908447266,
                12.578194618225154
              ],
              [
                80.17874908447266,
                12.57847118377697
              ],
              [
                80.17819213867193,
                12.57847118377697
              ],
              [
                80.17819213867193,
                12.57856655120861
              ],
              [
                80.17819213867193,
                12.578751564026106
              ],
              [
                80.17764282226568,
                12.578751564026106
              ],
              [
                80.17764282226568,
                12.579031944274902
              ],
              [
                80.1770858764649,
                12.579031944274902
              ],
              [
                80.1770858764649,
                12.579310417175293
              ],
              [
                80.17680358886736,
                12.579304695129338
              ],
              [
                80.17680358886736,
                12.579583168029899
              ],
              [
                80.17624664306658,
                12.579581260681152
              ],
              [
                80.17624664306658,
                12.57986164093029
              ],
              [
                80.17569732666016,
                12.57986164093029
              ],
              [
                80.17569732666016,
                12.580142021179256
              ],
              [
                80.17542266845732,
                12.580142021179256
              ],
              [
                80.17542266845732,
                12.58041954040533
              ],
              [
                80.17514038085943,
                12.580417633056754
              ],
              [
                80.17514038085943,
                12.580693244934082
              ],
              [
                80.17458343505865,
                12.580693244934082
              ],
              [
                80.17458343505865,
                12.580973625183049
              ],
              [
                80.17402648925787,
                12.58096885681175
              ],
              [
                80.17402648925787,
                12.581250190734863
              ],
              [
                80.17375183105486,
                12.581250190734863
              ],
              [
                80.17375183105486,
                12.581809997558707
              ],
              [
                80.17319488525408,
                12.581806182861328
              ],
              [
                80.17319488525408,
                12.582083702087402
              ],
              [
                80.1726379394533,
                12.58208084106451
              ],
              [
                80.1726379394533,
                12.58237075805664
              ],
              [
                80.1720809936524,
                12.58237075805664
              ],
              [
                80.1720809936524,
                12.582639694213867
              ],
              [
                80.1718063354495,
                12.582639694213867
              ],
              [
                80.1718063354495,
                12.583193778991756
              ],
              [
                80.17152404785162,
                12.583193778991756
              ],
              [
                80.17152404785162,
                12.583472251892317
              ],
              [
                80.17124938964838,
                12.583469390869254
              ],
              [
                80.17124938964838,
                12.584030151367188
              ],
              [
                80.17096710205084,
                12.584030151367188
              ],
              [
                80.17096710205084,
                12.585140228271541
              ],
              [
                80.17069244384766,
                12.585140228271541
              ],
              [
                80.17069244384766,
                12.586529731750602
              ],
              [
                80.17096710205084,
                12.586529731750602
              ],
              [
                80.17096710205084,
                12.586811065673885
              ],
              [
                80.17124938964838,
                12.58680629730219
              ],
              [
                80.17124938964838,
                12.587081909179688
              ],
              [
                80.17151641845709,
                12.587081909179688
              ],
              [
                80.17151641845709,
                12.587641716003532
              ],
              [
                80.1718063354495,
                12.587641716003532
              ],
              [
                80.1718063354495,
                12.587921142578239
              ],
              [
                80.1720809936524,
                12.587916374206543
              ],
              [
                80.1720809936524,
                12.588193893432674
              ],
              [
                80.17346954345709,
                12.588193893432674
              ],
              [
                80.17346954345709,
                12.588472366333065
              ],
              [
                80.17375183105486,
                12.588470458984432
              ],
              [
                80.17375183105486,
                12.588751792907715
              ],
              [
                80.17402648925787,
                12.588751792907715
              ],
              [
                80.17402648925787,
                12.589030265808105
              ],
              [
                80.17430877685547,
                12.58902835845953
              ],
              [
                80.17430877685547,
                12.589584350585994
              ],
              [
                80.17457580566412,
                12.589579582214355
              ],
              [
                80.17457580566412,
                12.59014034271263
              ],
              [
                80.174858093262,
                12.590138435363883
              ],
              [
                80.174858093262,
                12.590694427490348
              ],
              [
                80.17514038085943,
                12.590694427490348
              ],
              [
                80.17514038085943,
                12.593473434448242
              ],
              [
                80.17541503906278,
                12.593473434448242
              ],
              [
                80.17541503906278,
                12.594581604003963
              ],
              [
                80.17514038085943,
                12.594579696655387
              ],
              [
                80.17514038085943,
                12.595141410827637
              ],
              [
                80.17457580566412,
                12.595141410827637
              ],
              [
                80.17457580566412,
                12.59431076049816
              ],
              [
                80.17430877685547,
                12.59431076049816
              ],
              [
                80.17430877685547,
                12.593469619751033
              ],
              [
                80.17402648925787,
                12.593473434448242
              ],
              [
                80.17402648925787,
                12.592915534973145
              ],
              [
                80.17375183105486,
                12.5929212570191
              ],
              [
                80.17375183105486,
                12.59235954284668
              ],
              [
                80.17346954345709,
                12.592363357544059
              ],
              [
                80.17346954345709,
                12.591806411743278
              ],
              [
                80.17318725585955,
                12.591811180114746
              ],
              [
                80.17318725585955,
                12.591540336608887
              ],
              [
                80.17292022705107,
                12.591540336608887
              ],
              [
                80.17292022705107,
                12.591250419616813
              ],
              [
                80.1726379394533,
                12.591250419616813
              ],
              [
                80.1726379394533,
                12.590970039367676
              ],
              [
                80.17151641845709,
                12.590970039367676
              ],
              [
                80.17151641845709,
                12.591540336608887
              ],
              [
                80.1718063354495,
                12.591540336608887
              ],
              [
                80.1718063354495,
                12.5929212570191
              ],
              [
                80.1720809936524,
                12.5929212570191
              ],
              [
                80.1720809936524,
                12.594031333923454
              ],
              [
                80.17124938964838,
                12.594031333923454
              ],
              [
                80.17124938964838,
                12.59431076049816
              ],
              [
                80.17096710205084,
                12.59431076049816
              ],
              [
                80.17096710205084,
                12.59486103057884
              ],
              [
                80.17124938964838,
                12.59486103057884
              ],
              [
                80.17124938964838,
                12.595141410827637
              ],
              [
                80.17151641845709,
                12.595141410827637
              ],
              [
                80.17151641845709,
                12.595420837402344
              ],
              [
                80.17236328125028,
                12.595420837402344
              ],
              [
                80.17236328125028,
                12.596250534057674
              ],
              [
                80.1720809936524,
                12.596250534057674
              ],
              [
                80.1720809936524,
                12.596530914306697
              ],
              [
                80.1718063354495,
                12.596530914306697
              ],
              [
                80.1718063354495,
                12.596811294555664
              ],
              [
                80.17152404785162,
                12.596804618835392
              ],
              [
                80.17152404785162,
                12.597083091735954
              ],
              [
                80.1718063354495,
                12.597083091735954
              ],
              [
                80.1718063354495,
                12.597360610961857
              ],
              [
                80.17346954345709,
                12.597352027893066
              ],
              [
                80.17346954345709,
                12.597640991211051
              ],
              [
                80.17402648925787,
                12.597640991211051
              ],
              [
                80.17402648925787,
                12.597921371460018
              ],
              [
                80.17430877685547,
                12.597916603088322
              ],
              [
                80.17430877685547,
                12.598195075988713
              ],
              [
                80.17514038085943,
                12.598195075988713
              ],
              [
                80.17514038085943,
                12.598472595214844
              ],
              [
                80.17542266845732,
                12.598470687866211
              ],
              [
                80.17542266845732,
                12.598751068115178
              ],
              [
                80.17569732666016,
                12.598751068115178
              ],
              [
                80.17569732666016,
                12.599031448364371
              ],
              [
                80.17597198486357,
                12.599031448364371
              ],
              [
                80.17597198486357,
                12.599311828613338
              ],
              [
                80.17624664306658,
                12.599305152893066
              ],
              [
                80.17624664306658,
                12.599861145019531
              ],
              [
                80.17597198486357,
                12.599861145019531
              ],
              [
                80.17597198486357,
                12.600140571594238
              ],
              [
                80.17569732666016,
                12.600138664245662
              ],
              [
                80.17569732666016,
                12.600417137146053
              ],
              [
                80.17542266845732,
                12.600410461425781
              ],
              [
                80.17542266845732,
                12.601531982421875
              ],
              [
                80.17569732666016,
                12.601531982421875
              ],
              [
                80.17569732666016,
                12.602360725402946
              ],
              [
                80.17542266845732,
                12.602360725402946
              ],
              [
                80.17542266845732,
                12.602639198303336
              ],
              [
                80.17569732666016,
                12.602639198303336
              ],
              [
                80.17569732666016,
                12.603195190429801
              ],
              [
                80.17597198486357,
                12.603191375732422
              ],
              [
                80.17597198486357,
                12.603480339050236
              ],
              [
                80.17652893066418,
                12.603480339050236
              ],
              [
                80.17652893066418,
                12.602639198303336
              ],
              [
                80.17736053466797,
                12.602639198303336
              ],
              [
                80.17736053466797,
                12.603195190429801
              ],
              [
                80.17763519287115,
                12.603195190429801
              ],
              [
                80.17763519287115,
                12.60374927520752
              ],
              [
                80.1779174804687,
                12.60374927520752
              ],
              [
                80.1779174804687,
                12.604031562805233
              ],
              [
                80.17819213867193,
                12.604026794433594
              ],
              [
                80.17819213867193,
                12.604582786560059
              ],
              [
                80.17846679687528,
                12.604580879211483
              ],
              [
                80.17846679687528,
                12.605141639709586
              ],
              [
                80.17874908447266,
                12.605141639709586
              ],
              [
                80.17874908447266,
                12.605422019958553
              ],
              [
                80.1790313720706,
                12.605415344238338
              ],
              [
                80.1790313720706,
                12.606248855590877
              ],
              [
                80.17930603027361,
                12.606248855590877
              ],
              [
                80.17930603027361,
                12.60680961608881
              ],
              [
                80.17986297607439,
                12.606804847717342
              ],
              [
                80.17986297607439,
                12.607084274292049
              ],
              [
                80.1801376342774,
                12.607081413269157
              ],
              [
                80.1801376342774,
                12.607640266418684
              ],
              [
                80.180419921875,
                12.607640266418684
              ],
              [
                80.180419921875,
                12.608193397522086
              ],
              [
                80.18069458007818,
                12.608193397522086
              ],
              [
                80.18069458007818,
                12.608471870422477
              ],
              [
                80.1809692382812,
                12.608471870422477
              ],
              [
                80.1809692382812,
                12.608750343322868
              ],
              [
                80.18125152587896,
                12.608750343322868
              ],
              [
                80.18125152587896,
                12.609029769897518
              ],
              [
                80.18152618408232,
                12.609027862548942
              ],
              [
                80.18152618408232,
                12.609862327575797
              ],
              [
                80.17930603027361,
                12.609862327575797
              ],
              [
                80.17930603027361,
                12.609027862548942
              ],
              [
                80.1790313720706,
                12.609029769897518
              ],
              [
                80.1790313720706,
                12.608190536499023
              ],
              [
                80.17819213867193,
                12.608193397522086
              ],
              [
                80.17819213867193,
                12.607640266418684
              ],
              [
                80.1779174804687,
                12.607640266418684
              ],
              [
                80.1779174804687,
                12.60486125946045
              ],
              [
                80.17763519287115,
                12.60486125946045
              ],
              [
                80.17763519287115,
                12.604305267333984
              ],
              [
                80.17624664306658,
                12.604305267333984
              ],
              [
                80.17624664306658,
                12.604582786560059
              ],
              [
                80.17597198486357,
                12.604580879211483
              ],
              [
                80.17597198486357,
                12.605141639709586
              ],
              [
                80.17569732666016,
                12.605141639709586
              ],
              [
                80.17569732666016,
                12.605422019958553
              ],
              [
                80.17402648925787,
                12.605415344238338
              ],
              [
                80.17402648925787,
                12.605695724487305
              ],
              [
                80.17319488525408,
                12.605695724487305
              ],
              [
                80.17319488525408,
                12.605971336364973
              ],
              [
                80.1726379394533,
                12.605971336364973
              ],
              [
                80.1726379394533,
                12.606248855590877
              ],
              [
                80.1720809936524,
                12.606248855590877
              ],
              [
                80.1720809936524,
                12.606540679931754
              ],
              [
                80.17151641845709,
                12.606540679931754
              ],
              [
                80.17151641845709,
                12.60680961608881
              ],
              [
                80.17041778564459,
                12.60680961608881
              ],
              [
                80.17041778564459,
                12.606540679931754
              ],
              [
                80.16929626464872,
                12.606540679931754
              ],
              [
                80.16929626464872,
                12.606248855590877
              ],
              [
                80.16764068603516,
                12.606248855590877
              ],
              [
                80.16764068603516,
                12.605971336364973
              ],
              [
                80.16735839843756,
                12.605971336364973
              ],
              [
                80.16735839843756,
                12.605695724487305
              ],
              [
                80.16680908203136,
                12.605695724487305
              ],
              [
                80.16680908203136,
                12.605971336364973
              ],
              [
                80.16625213623075,
                12.605971336364973
              ],
              [
                80.16625213623075,
                12.605415344238338
              ],
              [
                80.16596984863281,
                12.605422019958553
              ],
              [
                80.16596984863281,
                12.605141639709586
              ],
              [
                80.1657028198245,
                12.605141639709586
              ],
              [
                80.1657028198245,
                12.60486125946045
              ],
              [
                80.16541290283209,
                12.60486125946045
              ],
              [
                80.16541290283209,
                12.604305267333984
              ],
              [
                80.16513824462885,
                12.6043119430542
              ],
              [
                80.16513824462885,
                12.60374927520752
              ],
              [
                80.1648559570313,
                12.60374927520752
              ],
              [
                80.1648559570313,
                12.602919578552473
              ],
              [
                80.16513824462885,
                12.602919578552473
              ],
              [
                80.16513824462885,
                12.602639198303336
              ],
              [
                80.1657028198245,
                12.602639198303336
              ],
              [
                80.1657028198245,
                12.602360725402946
              ],
              [
                80.16596984863281,
                12.602360725402946
              ],
              [
                80.16596984863281,
                12.602081298828068
              ],
              [
                80.16625213623075,
                12.602083206176871
              ],
              [
                80.16625213623075,
                12.60180473327648
              ],
              [
                80.16735839843756,
                12.601810455322266
              ],
              [
                80.16735839843756,
                12.601531982421875
              ],
              [
                80.16764068603516,
                12.601531982421875
              ],
              [
                80.16764068603516,
                12.601250648498763
              ],
              [
                80.16792297363287,
                12.601250648498763
              ],
              [
                80.16792297363287,
                12.600410461425781
              ],
              [
                80.16764068603516,
                12.600417137146053
              ],
              [
                80.16764068603516,
                12.599861145019531
              ],
              [
                80.16707611084001,
                12.599861145019531
              ],
              [
                80.16707611084001,
                12.600140571594238
              ],
              [
                80.16652679443376,
                12.600138664245662
              ],
              [
                80.16652679443376,
                12.600417137146053
              ],
              [
                80.16625213623075,
                12.600417137146053
              ],
              [
                80.16625213623075,
                12.600694656372127
              ],
              [
                80.16513824462885,
                12.600694656372127
              ],
              [
                80.16513824462885,
                12.600138664245662
              ],
              [
                80.1648559570313,
                12.600140571594238
              ],
              [
                80.1648559570313,
                12.599577903747502
              ],
              [
                80.16458129882812,
                12.599582672119197
              ],
              [
                80.16458129882812,
                12.598751068115178
              ],
              [
                80.16430664062506,
                12.598751068115178
              ],
              [
                80.16430664062506,
                12.598190307617244
              ],
              [
                80.16402435302751,
                12.598195075988713
              ],
              [
                80.16402435302751,
                12.597639083862248
              ],
              [
                80.16374969482433,
                12.597640991211051
              ],
              [
                80.16374969482433,
                12.597352027893066
              ],
              [
                80.16402435302751,
                12.597360610961857
              ],
              [
                80.16402435302751,
                12.596804618835392
              ],
              [
                80.16430664062506,
                12.596811294555664
              ],
              [
                80.16430664062506,
                12.596530914306697
              ],
              [
                80.16401672363281,
                12.596530914306697
              ],
              [
                80.16401672363281,
                12.59568977355957
              ],
              [
                80.16374969482433,
                12.59569454193121
              ],
              [
                80.16374969482433,
                12.595417022705305
              ],
              [
                80.1634826660158,
                12.595420837402344
              ],
              [
                80.1634826660158,
                12.594031333923454
              ],
              [
                80.16401672363281,
                12.594031333923454
              ],
              [
                80.16401672363281,
                12.593750953674316
              ],
              [
                80.1648559570313,
                12.593750953674316
              ],
              [
                80.1648559570313,
                12.594031333923454
              ],
              [
                80.16513824462885,
                12.594031333923454
              ],
              [
                80.16513824462885,
                12.59431076049816
              ],
              [
                80.16569519042997,
                12.594306945800781
              ],
              [
                80.16569519042997,
                12.594581604003963
              ],
              [
                80.16625213623075,
                12.594579696655387
              ],
              [
                80.16625213623075,
                12.595141410827637
              ],
              [
                80.16819763183588,
                12.595141410827637
              ],
              [
                80.16819763183588,
                12.59486103057884
              ],
              [
                80.16847991943365,
                12.59486103057884
              ],
              [
                80.16847229003912,
                12.594581604003963
              ],
              [
                80.17013549804705,
                12.594581604003963
              ],
              [
                80.17013549804705,
                12.594029426574707
              ],
              [
                80.16986083984386,
                12.594031333923454
              ],
              [
                80.16986083984386,
                12.593750953674316
              ],
              [
                80.1695861816408,
                12.593750953674316
              ],
              [
                80.1695861816408,
                12.593469619751033
              ],
              [
                80.16930389404325,
                12.593473434448242
              ],
              [
                80.16930389404325,
                12.593194007873535
              ],
              [
                80.1690292358399,
                12.593194007873535
              ],
              [
                80.1690292358399,
                12.593473434448242
              ],
              [
                80.16874694824247,
                12.593469619751033
              ],
              [
                80.16874694824247,
                12.593750953674316
              ],
              [
                80.16847991943365,
                12.593750953674316
              ],
              [
                80.16847991943365,
                12.594031333923454
              ],
              [
                80.16764068603516,
                12.594031333923454
              ],
              [
                80.16764068603516,
                12.593750953674316
              ],
              [
                80.16652679443376,
                12.593750953674316
              ],
              [
                80.16652679443376,
                12.593469619751033
              ],
              [
                80.16625213623075,
                12.593473434448242
              ],
              [
                80.16625213623075,
                12.593194007873535
              ],
              [
                80.16569519042997,
                12.593194007873535
              ],
              [
                80.16569519042997,
                12.592915534973145
              ],
              [
                80.16542053222662,
                12.5929212570191
              ],
              [
                80.16542053222662,
                12.592640876770133
              ],
              [
                80.1648559570313,
                12.592640876770133
              ],
              [
                80.1648559570313,
                12.59235954284668
              ],
              [
                80.16430664062506,
                12.592363357544059
              ],
              [
                80.16430664062506,
                12.591806411743278
              ],
              [
                80.16401672363281,
                12.591811180114746
              ],
              [
                80.16401672363281,
                12.591250419616813
              ],
              [
                80.16374969482433,
                12.591250419616813
              ],
              [
                80.16374969482433,
                12.589579582214355
              ],
              [
                80.16263580322294,
                12.589584350585994
              ],
              [
                80.16263580322294,
                12.589305877685774
              ],
              [
                80.16234588623047,
                12.589310646057243
              ],
              [
                80.16234588623047,
                12.589030265808105
              ],
              [
                80.16208648681635,
                12.589030265808105
              ],
              [
                80.16208648681635,
                12.588470458984432
              ],
              [
                80.1618041992188,
                12.588472366333065
              ],
              [
                80.1618041992188,
                12.587362289428711
              ],
              [
                80.16152954101562,
                12.587362289428711
              ],
              [
                80.16152954101562,
                12.586250305175724
              ],
              [
                80.16124725341803,
                12.586250305175724
              ],
              [
                80.16124725341803,
                12.5854110717774
              ],
              [
                80.16152954101562,
                12.585415840148869
              ],
              [
                80.16152954101562,
                12.585140228271541
              ],
              [
                80.16179656982428,
                12.585140228271541
              ],
              [
                80.16179656982428,
                12.584859848022404
              ],
              [
                80.16208648681635,
                12.584861755371207
              ],
              [
                80.16208648681635,
                12.584584236145076
              ],
              [
                80.16263580322294,
                12.584584236145076
              ],
              [
                80.16263580322294,
                12.584305763244686
              ],
              [
                80.1634826660158,
                12.584309577941895
              ],
              [
                80.1634826660158,
                12.584030151367188
              ],
              [
                80.16401672363281,
                12.584030151367188
              ],
              [
                80.16401672363281,
                12.583749771118221
              ],
              [
                80.16458129882812,
                12.583749771118221
              ],
              [
                80.16458129882812,
                12.583469390869254
              ],
              [
                80.16541290283209,
                12.583472251892317
              ],
              [
                80.16541290283209,
                12.583193778991756
              ],
              [
                80.16596984863281,
                12.583193778991756
              ],
              [
                80.16596984863281,
                12.582916259765852
              ],
              [
                80.16625213623075,
                12.582920074462834
              ],
              [
                80.16625213623075,
                12.582639694213867
              ],
              [
                80.16652679443376,
                12.582639694213867
              ],
              [
                80.16652679443376,
                12.58237075805664
              ],
              [
                80.16707611084001,
                12.58237075805664
              ],
              [
                80.16707611084001,
                12.58208084106451
              ],
              [
                80.16735839843756,
                12.582083702087402
              ],
              [
                80.16735839843756,
                12.581806182861328
              ],
              [
                80.16764068603516,
                12.581809997558707
              ],
              [
                80.16764068603516,
                12.581529617309513
              ],
              [
                80.16819763183588,
                12.581529617309513
              ],
              [
                80.16819763183588,
                12.581250190734863
              ],
              [
                80.1690292358399,
                12.581250190734863
              ],
              [
                80.1690292358399,
                12.58096885681175
              ],
              [
                80.16986083984386,
                12.580970764160156
              ],
              [
                80.16986083984386,
                12.580693244934082
              ],
              [
                80.17041778564459,
                12.580693244934082
              ],
              [
                80.17041778564459,
                12.580417633056754
              ],
              [
                80.17124938964838,
                12.58041954040533
              ],
              [
                80.17124938964838,
                12.580142021179256
              ],
              [
                80.1720809936524,
                12.580142021179256
              ],
              [
                80.1720809936524,
                12.57986164093029
              ],
              [
                80.17318725585955,
                12.57986164093029
              ],
              [
                80.17318725585955,
                12.579581260681152
              ],
              [
                80.17375183105486,
                12.579583168029899
              ],
              [
                80.17375183105486,
                12.579304695129338
              ],
              [
                80.17430877685547,
                12.579310417175293
              ],
              [
                80.17430877685547,
                12.579031944274902
              ],
              [
                80.17457580566412,
                12.579031944274902
              ],
              [
                80.17457580566412,
                12.578751564026106
              ],
              [
                80.17514038085943,
                12.578751564026106
              ],
              [
                80.17514038085943,
                12.57847118377697
              ],
              [
                80.17569732666016,
                12.57847118377697
              ],
              [
                80.17569732666016,
                12.578194618225154
              ],
              [
                80.17652893066418,
                12.578194618225154
              ],
              [
                80.17652893066418,
                12.57791709899925
              ],
              [
                80.17679595947266,
                12.577921867370549
              ],
              [
                80.17679595947266,
                12.577642440795898
              ],
              [
                80.17736053466797,
                12.577642440795898
              ],
              [
                80.17736053466797,
                12.57735919952404
              ],
              [
                80.17772674560541,
                12.577361106872786
              ],
              [
                80.1779174804687,
                12.577361106872786
              ],
              [
                80.1779174804687,
                12.577082633972395
              ],
              [
                80.17819213867193,
                12.577082633972395
              ],
              [
                80.17819213867193,
                12.57680511474615
              ],
              [
                80.17874908447266,
                12.576811790466365
              ],
              [
                80.17874908447266,
                12.576528549194336
              ],
              [
                80.1790313720706,
                12.576528549194336
              ],
              [
                80.1790313720706,
                12.576239585876522
              ],
              [
                80.1801376342774,
                12.576249122619686
              ],
              [
                80.1801376342774,
                12.575972557067871
              ],
              [
                80.18235778808611,
                12.575972557067871
              ],
              [
                80.18235778808611,
                12.576249122619686
              ],
              [
                80.18290710449236,
                12.576239585876522
              ],
              [
                80.18290710449236,
                12.576528549194336
              ],
              [
                80.18402862548822,
                12.576528549194336
              ],
              [
                80.18402862548822,
                12.576239585876522
              ],
              [
                80.18458557128935,
                12.576249122619686
              ],
              [
                80.18458557128935,
                12.574583053588867
              ],
              [
                80.18430328369146,
                12.574583053588867
              ],
              [
                80.18430328369146,
                12.573751449585075
              ],
              [
                80.18402862548822,
                12.573751449585075
              ],
              [
                80.18402862548822,
                12.57317924499523
              ],
              [
                80.18374633789068,
                12.573195457458553
              ],
              [
                80.18374633789068,
                12.572639465332088
              ],
              [
                80.18345642089838,
                12.572641372680721
              ],
              [
                80.18345642089838,
                12.571531295776367
              ],
              [
                80.18319702148443,
                12.571531295776367
              ],
              [
                80.18319702148443,
                12.571250915527344
              ],
              [
                80.18290710449236,
                12.571250915527344
              ],
              [
                80.18290710449236,
                12.57014083862299
              ],
              [
                80.18264007568371,
                12.57014083862299
              ],
              [
                80.18264007568371,
                12.56986141204834
              ],
              [
                80.18235778808611,
                12.56986141204834
              ],
              [
                80.18235778808611,
                12.569305419921875
              ],
              [
                80.1820831298831,
                12.569309234619197
              ],
              [
                80.1820831298831,
                12.569030761718864
              ],
              [
                80.18180847167974,
                12.569030761718864
              ],
              [
                80.18180847167974,
                12.568751335144157
              ],
              [
                80.18152618408232,
                12.568751335144157
              ],
              [
                80.18152618408232,
                12.568189620971907
              ],
              [
                80.18125152587896,
                12.568195343017692
              ],
              [
                80.18125152587896,
                12.567639350891227
              ],
              [
                80.1809692382812,
                12.567641258239973
              ],
              [
                80.1809692382812,
                12.567079544067383
              ],
              [
                80.18069458007818,
                12.567082405090446
              ],
              [
                80.18069458007818,
                12.565693855285701
              ],
              [
                80.180419921875,
                12.565693855285701
              ],
              [
                80.180419921875,
                12.564860343933162
              ],
              [
                80.1801376342774,
                12.564860343933162
              ],
              [
                80.1801376342774,
                12.563471794128418
              ],
              [
                80.17986297607439,
                12.563471794128418
              ],
              [
                80.17986297607439,
                12.562361717224235
              ],
              [
                80.17958068847668,
                12.562361717224235
              ],
              [
                80.17958068847668,
                12.561241149902457
              ],
              [
                80.17930603027361,
                12.561249732971305
              ],
              [
                80.17930603027361,
                12.56097221374523
              ],
              [
                80.1790313720706,
                12.56097221374523
              ],
              [
                80.1790313720706,
                12.56041622161871
              ],
              [
                80.17874908447266,
                12.560420036315918
              ],
              [
                80.17874908447266,
                12.560139656066951
              ],
              [
                80.17846679687528,
                12.560139656066951
              ],
              [
                80.17846679687528,
                12.559310913086051
              ],
              [
                80.17819213867193,
                12.559310913086051
              ],
              [
                80.17819213867193,
                12.55792045593273
              ],
              [
                80.1779174804687,
                12.55792045593273
              ],
              [
                80.1779174804687,
                12.556810379028377
              ],
              [
                80.17764282226568,
                12.556810379028377
              ],
              [
                80.17764282226568,
                12.55596923828125
              ],
              [
                80.17736053466797,
                12.555972099304313
              ],
              [
                80.17736053466797,
                12.555418014526424
              ],
              [
                80.1770858764649,
                12.55543136596691
              ],
              [
                80.1770858764649,
                12.554580688476506
              ],
              [
                80.17680358886736,
                12.554583549499569
              ],
              [
                80.17680358886736,
                12.554027557373274
              ],
              [
                80.17652893066418,
                12.554030418395996
              ],
              [
                80.17652893066418,
                12.553470611572322
              ],
              [
                80.17624664306658,
                12.553470611572322
              ],
              [
                80.17624664306658,
                12.552639961242676
              ],
              [
                80.17597198486357,
                12.552641868591422
              ],
              [
                80.17597198486357,
                12.552360534667969
              ],
              [
                80.17569732666016,
                12.552360534667969
              ],
              [
                80.17569732666016,
                12.550971031188965
              ],
              [
                80.17541503906278,
                12.550971031188965
              ],
              [
                80.17541503906278,
                12.550416946411246
              ],
              [
                80.17514038085943,
                12.550421714782715
              ],
              [
                80.17514038085943,
                12.549580574035645
              ],
              [
                80.174858093262,
                12.549583435058707
              ],
              [
                80.174858093262,
                12.548748970031852
              ],
              [
                80.17457580566412,
                12.548750877380598
              ],
              [
                80.17457580566412,
                12.548191070556584
              ],
              [
                80.17430877685547,
                12.548194885253963
              ],
              [
                80.17430877685547,
                12.547638893127498
              ],
              [
                80.17402648925787,
                12.547638893127498
              ],
              [
                80.17402648925787,
                12.5470809936524
              ],
              [
                80.17375183105486,
                12.547082901001033
              ],
              [
                80.17375183105486,
                12.546251296997013
              ],
              [
                80.17346954345709,
                12.546261787414664
              ],
              [
                80.17346954345709,
                12.54568958282482
              ],
              [
                80.17319488525408,
                12.545695304870549
              ],
              [
                80.17319488525408,
                12.545139312744084
              ],
              [
                80.17292022705107,
                12.545141220092887
              ],
              [
                80.17292022705107,
                12.544580459594727
              ],
              [
                80.1726379394533,
                12.54458332061779
              ],
              [
                80.1726379394533,
                12.54375076293951
              ],
              [
                80.17236328125028,
                12.54375076293951
              ],
              [
                80.17236328125028,
                12.542917251587141
              ],
              [
                80.1720809936524,
                12.54292106628418
              ],
              [
                80.1720809936524,
                12.542361259460677
              ],
              [
                80.1718063354495,
                12.542361259460677
              ],
              [
                80.1718063354495,
                12.541528701782227
              ],
              [
                80.17151641845709,
                12.541530609130803
              ],
              [
                80.17151641845709,
                12.54069042205822
              ],
              [
                80.17124938964838,
                12.540695190429688
              ],
              [
                80.17124938964838,
                12.539859771728516
              ],
              [
                80.17096710205084,
                12.539859771728516
              ],
              [
                80.17096710205084,
                12.539311408996582
              ],
              [
                80.17069244384766,
                12.539311408996582
              ],
              [
                80.17069244384766,
                12.538470268249512
              ],
              [
                80.17041778564459,
                12.538472175598258
              ],
              [
                80.17041778564459,
                12.537637710571403
              ],
              [
                80.17014312744158,
                12.537640571594466
              ],
              [
                80.17014312744158,
                12.537071228027344
              ],
              [
                80.16986083984386,
                12.537083625793514
              ],
              [
                80.16986083984386,
                12.536250114440975
              ],
              [
                80.1695861816408,
                12.536250114440975
              ],
              [
                80.1695861816408,
                12.535421371460075
              ],
              [
                80.16929626464872,
                12.535421371460075
              ],
              [
                80.16929626464872,
                12.534580230712947
              ],
              [
                80.1690292358399,
                12.534584045410156
              ],
              [
                80.1690292358399,
                12.5337495803833
              ],
              [
                80.16874694824247,
                12.5337495803833
              ],
              [
                80.16874694824247,
                12.532922744750977
              ],
              [
                80.16847991943365,
                12.532922744750977
              ],
              [
                80.16847991943365,
                12.532361984253043
              ],
              [
                80.16819763183588,
                12.532361984253043
              ],
              [
                80.16819763183588,
                12.531530380249023
              ],
              [
                80.16792297363287,
                12.531530380249023
              ],
              [
                80.16792297363287,
                12.530689239501953
              ],
              [
                80.16764068603516,
                12.530694007873592
              ],
              [
                80.16764068603516,
                12.529027938842773
              ],
              [
                80.16735839843756,
                12.52902984619135
              ],
              [
                80.16735839843756,
                12.5287504196167
              ],
              [
                80.16707611084001,
                12.5287504196167
              ],
              [
                80.16707611084001,
                12.528190612793026
              ],
              [
                80.16680908203136,
                12.528194427490234
              ],
              [
                80.16680908203136,
                12.527084350586051
              ],
              [
                80.16652679443376,
                12.527084350586051
              ],
              [
                80.16652679443376,
                12.52541542053234
              ],
              [
                80.16625213623075,
                12.525420188903809
              ],
              [
                80.16625213623075,
                12.525130271911678
              ],
              [
                80.16596984863281,
                12.525138854980526
              ],
              [
                80.16596984863281,
                12.524861335754622
              ],
              [
                80.16569519042997,
                12.524861335754622
              ],
              [
                80.16569519042997,
                12.522916793823242
              ],
              [
                80.16542053222662,
                12.522919654846305
              ],
              [
                80.16542053222662,
                12.521809577942122
              ],
              [
                80.16513824462885,
                12.521809577942122
              ],
              [
                80.16513824462885,
                12.52069091796875
              ],
              [
                80.16486358642584,
                12.52069473266613
              ],
              [
                80.16486358642584,
                12.519305229187069
              ],
              [
                80.16458129882812,
                12.519321441650447
              ],
              [
                80.16458129882812,
                12.51846790313715
              ],
              [
                80.16430664062506,
                12.518472671508846
              ],
              [
                80.16430664062506,
                12.51763916015625
              ],
              [
                80.16401672363281,
                12.517641067504826
              ],
              [
                80.16401672363281,
                12.5165309906007
              ],
              [
                80.16430664062506,
                12.5165309906007
              ],
              [
                80.16430664062506,
                12.516250610351506
              ],
              [
                80.16401672363281,
                12.516250610351506
              ],
              [
                80.16401672363281,
                12.515689849853743
              ],
              [
                80.16374969482433,
                12.51569461822504
              ],
              [
                80.16374969482433,
                12.514582633972282
              ],
              [
                80.16347503662126,
                12.514582633972282
              ],
              [
                80.16347503662126,
                12.513472557068098
              ],
              [
                80.16319274902372,
                12.513472557068098
              ],
              [
                80.16319274902372,
                12.512082099914778
              ],
              [
                80.16291809082031,
                12.512082099914778
              ],
              [
                80.16291809082031,
                12.510416030883789
              ],
              [
                80.16263580322294,
                12.510420799255598
              ],
              [
                80.16263580322294,
                12.508749961853141
              ],
              [
                80.16234588623047,
                12.508749961853141
              ],
              [
                80.16234588623047,
                12.50736045837408
              ],
              [
                80.16208648681635,
                12.507362365722713
              ],
              [
                80.16208648681635,
                12.505971908569336
              ],
              [
                80.1618041992188,
                12.505971908569336
              ],
              [
                80.1618041992188,
                12.504305839538517
              ],
              [
                80.16152954101562,
                12.504309654236067
              ],
              [
                80.16152954101562,
                12.502920150756836
              ],
              [
                80.16124725341803,
                12.502920150756836
              ],
              [
                80.16124725341803,
                12.501529693603516
              ],
              [
                80.16097259521501,
                12.501529693603516
              ],
              [
                80.16097259521501,
                12.499032020568904
              ],
              [
                80.16069793701183,
                12.499032020568904
              ],
              [
                80.16069793701183,
                12.498190879821834
              ],
              [
                80.16041564941423,
                12.498195648193473
              ],
              [
                80.16041564941423,
                12.496526718139762
              ],
              [
                80.16014099121122,
                12.496528625488338
              ],
              [
                80.16014099121122,
                12.495150566101017
              ],
              [
                80.15985870361345,
                12.495150566101017
              ],
              [
                80.15985870361345,
                12.493471145629883
              ],
              [
                80.15958404541044,
                12.493473052978516
              ],
              [
                80.15958404541044,
                12.492082595825138
              ],
              [
                80.15928649902361,
                12.492090225219727
              ],
              [
                80.15928649902361,
                12.491808891296444
              ],
              [
                80.15957641601591,
                12.491808891296444
              ],
              [
                80.15957641601591,
                12.491250991821346
              ],
              [
                80.15928649902361,
                12.491250991821346
              ],
              [
                80.15928649902361,
                12.490421295166016
              ],
              [
                80.15902709960966,
                12.490421295166016
              ],
              [
                80.15902709960966,
                12.487641334533805
              ],
              [
                80.1587524414063,
                12.487641334533805
              ],
              [
                80.1587524414063,
                12.484311103820914
              ],
              [
                80.15847015380854,
                12.484311103820914
              ],
              [
                80.15847015380854,
                12.481530189514274
              ],
              [
                80.15820312500006,
                12.481530189514274
              ],
              [
                80.15820312500006,
                12.478750228881893
              ],
              [
                80.15791320800781,
                12.478750228881893
              ],
              [
                80.15791320800781,
                12.475969314575423
              ],
              [
                80.15763854980474,
                12.475972175598145
              ],
              [
                80.15763854980474,
                12.473470687866154
              ],
              [
                80.15736389160173,
                12.473470687866154
              ],
              [
                80.15736389160173,
                12.471248626709212
              ],
              [
                80.15708160400402,
                12.47125244140625
              ],
              [
                80.15708160400402,
                12.469861030578613
              ],
              [
                80.15680694580095,
                12.469861030578613
              ],
              [
                80.15680694580095,
                12.46902942657482
              ],
              [
                80.15651702880888,
                12.46902942657482
              ],
              [
                80.15651702880888,
                12.468470573425293
              ],
              [
                80.15625,
                12.468473434448356
              ],
              [
                80.15625,
                12.4676389694215
              ],
              [
                80.15598297119135,
                12.467640876770247
              ],
              [
                80.15598297119135,
                12.466810226440373
              ],
              [
                80.15569305419928,
                12.466810226440373
              ],
              [
                80.15569305419928,
                12.466251373291016
              ],
              [
                80.15541839599604,
                12.466251373291016
              ],
              [
                80.15541839599604,
                12.465689659118596
              ],
              [
                80.1551361083985,
                12.46569538116455
              ],
              [
                80.1551361083985,
                12.465139389038086
              ],
              [
                80.15486145019531,
                12.465141296386662
              ],
              [
                80.15486145019531,
                12.464580535888729
              ],
              [
                80.15458679199224,
                12.464583396911621
              ],
              [
                80.15458679199224,
                12.464027404785156
              ],
              [
                80.15429687500017,
                12.464031219482536
              ],
              [
                80.15429687500017,
                12.463471412658691
              ],
              [
                80.15402984619152,
                12.463473320007438
              ],
              [
                80.15402984619152,
                12.462917327880973
              ],
              [
                80.15374755859392,
                12.462919235229549
              ],
              [
                80.15374755859392,
                12.462540626525879
              ],
              [
                80.15374755859392,
                12.462361335754508
              ],
              [
                80.15345764160168,
                12.462420463562239
              ],
              [
                80.15348052978544,
                12.461811065673999
              ],
              [
                80.15319824218756,
                12.461811065673999
              ],
              [
                80.15319061279297,
                12.461251258850325
              ],
              [
                80.15291595459013,
                12.461251258850325
              ],
              [
                80.15291595459013,
                12.460689544677734
              ],
              [
                80.15264129638678,
                12.46069526672369
              ],
              [
                80.15264129638678,
                12.460139274597395
              ],
              [
                80.152359008789,
                12.4601411819458
              ],
              [
                80.152359008789,
                12.459580421448038
              ],
              [
                80.152084350586,
                12.459582328796614
              ],
              [
                80.152084350586,
                12.459029197693042
              ],
              [
                80.15180206298828,
                12.459039688110465
              ],
              [
                80.15180206298828,
                12.458470344543684
              ],
              [
                80.15152740478521,
                12.45847225189209
              ],
              [
                80.15152740478521,
                12.457916259765625
              ],
              [
                80.1512527465822,
                12.457921028137434
              ],
              [
                80.1512527465822,
                12.45736026763933
              ],
              [
                80.15097045898449,
                12.45736026763933
              ],
              [
                80.15097045898449,
                12.456804275512866
              ],
              [
                80.15069580078142,
                12.45681095123291
              ],
              [
                80.15069580078142,
                12.456530570984114
              ],
              [
                80.15040588378935,
                12.456530570984114
              ],
              [
                80.15040588378935,
                12.455981254577694
              ],
              [
                80.15013885498047,
                12.455981254577694
              ],
              [
                80.15013885498047,
                12.455690383911133
              ],
              [
                80.14986419677763,
                12.455694198608683
              ],
              [
                80.14986419677763,
                12.455138206482218
              ],
              [
                80.14958190917974,
                12.455140113830623
              ],
              [
                80.14958190917974,
                12.45458030700695
              ],
              [
                80.1493072509765,
                12.454584121704329
              ],
              [
                80.1493072509765,
                12.454305648803768
              ],
              [
                80.14901733398443,
                12.454311370849894
              ],
              [
                80.14901733398443,
                12.453749656677473
              ],
              [
                80.14875030517578,
                12.453749656677473
              ],
              [
                80.14875030517578,
                12.453470230102596
              ],
              [
                80.14847564697271,
                12.453472137451172
              ],
              [
                80.14847564697271,
                12.45291805267351
              ],
              [
                80.14819335937517,
                12.45291805267351
              ],
              [
                80.14819335937517,
                12.452362060546818
              ],
              [
                80.14791870117199,
                12.452362060546818
              ],
              [
                80.14791870117199,
                12.452083587646655
              ],
              [
                80.14763641357439,
                12.452083587646655
              ],
              [
                80.14763641357439,
                12.451527595519963
              ],
              [
                80.14734649658214,
                12.451530456543026
              ],
              [
                80.14734649658214,
                12.451251983642862
              ],
              [
                80.14708709716797,
                12.451251983642862
              ],
              [
                80.14708709716797,
                12.450689315796126
              ],
              [
                80.1468048095706,
                12.450694084167594
              ],
              [
                80.1468048095706,
                12.450139999389705
              ],
              [
                80.14653015136724,
                12.450139999389705
              ],
              [
                80.14653015136724,
                12.449579238891602
              ],
              [
                80.14624786376982,
                12.44958400726324
              ],
              [
                80.14624786376982,
                12.44930553436285
              ],
              [
                80.14597320556646,
                12.449310302734318
              ],
              [
                80.14597320556646,
                12.448749542236385
              ],
              [
                80.1456909179687,
                12.448749542236385
              ],
              [
                80.1456909179687,
                12.448190689087028
              ],
              [
                80.14541625976568,
                12.44819355011009
              ],
              [
                80.14541625976568,
                12.447917938232422
              ],
              [
                80.14514160156267,
                12.447919845580998
              ],
              [
                80.14514160156267,
                12.447361946105957
              ],
              [
                80.1448593139649,
                12.447361946105957
              ],
              [
                80.1448593139649,
                12.446809768676815
              ],
              [
                80.14457702636736,
                12.446809768676815
              ],
              [
                80.14457702636736,
                12.446251869201774
              ],
              [
                80.14430999755888,
                12.446251869201774
              ],
              [
                80.14430999755888,
                12.44597053527832
              ],
              [
                80.14402770996111,
                12.44597053527832
              ],
              [
                80.14402770996111,
                12.445418357849405
              ],
              [
                80.1437530517581,
                12.445420265197981
              ],
              [
                80.1437530517581,
                12.44514179229759
              ],
              [
                80.14347076416021,
                12.44514179229759
              ],
              [
                80.14347076416021,
                12.444861412048454
              ],
              [
                80.14319610595732,
                12.444861412048454
              ],
              [
                80.14319610595732,
                12.444305419921989
              ],
              [
                80.1429061889649,
                12.444310188293457
              ],
              [
                80.1429061889649,
                12.444041252136174
              ],
              [
                80.1426391601562,
                12.444041252136174
              ],
              [
                80.1426391601562,
                12.443749427795694
              ],
              [
                80.14235687255865,
                12.443749427795694
              ],
              [
                80.14235687255865,
                12.443190574646167
              ],
              [
                80.14208221435564,
                12.443195343017635
              ],
              [
                80.14208221435564,
                12.442916870117415
              ],
              [
                80.1418075561524,
                12.442919731140137
              ],
              [
                80.1418075561524,
                12.44263935089134
              ],
              [
                80.14154052734392,
                12.44263935089134
              ],
              [
                80.14154052734392,
                12.442081451416072
              ],
              [
                80.14125061035185,
                12.442083358764876
              ],
              [
                80.14125061035185,
                12.441804885864485
              ],
              [
                80.14097595214861,
                12.441809654235954
              ],
              [
                80.14097595214861,
                12.441529273986987
              ],
              [
                80.14068603515653,
                12.441529273986987
              ],
              [
                80.14068603515653,
                12.440971374511719
              ],
              [
                80.14041900634771,
                12.440973281860522
              ],
              [
                80.14041900634771,
                12.440694808960131
              ],
              [
                80.14013671875028,
                12.440694808960131
              ],
              [
                80.14013671875028,
                12.44041728973383
              ],
              [
                80.13986206054693,
                12.440419197082633
              ],
              [
                80.13986206054693,
                12.439861297607365
              ],
              [
                80.13957977294916,
                12.439861297607365
              ],
              [
                80.13957977294916,
                12.439582824706974
              ],
              [
                80.13930511474615,
                12.439582824706974
              ],
              [
                80.13930511474615,
                12.4393053054809
              ],
              [
                80.13903045654314,
                12.439311981201342
              ],
              [
                80.13903045654314,
                12.438751220703182
              ],
              [
                80.13874816894537,
                12.438751220703182
              ],
              [
                80.13874816894537,
                12.438470840454045
              ],
              [
                80.13846588134783,
                12.438470840454045
              ],
              [
                80.13846588134783,
                12.438190460205078
              ],
              [
                80.13819122314464,
                12.438195228576717
              ],
              [
                80.13819122314464,
                12.437639236450252
              ],
              [
                80.13791656494158,
                12.437641143798828
              ],
              [
                80.13791656494158,
                12.437358856201286
              ],
              [
                80.13764190673857,
                12.437360763549862
              ],
              [
                80.13764190673857,
                12.437083244323958
              ],
              [
                80.13735961914062,
                12.437083244323958
              ],
              [
                80.13735961914062,
                12.436529159545898
              ],
              [
                80.13707733154325,
                12.436531066894474
              ],
              [
                80.13707733154325,
                12.436250686645508
              ],
              [
                80.1368026733399,
                12.436250686645508
              ],
              [
                80.1368026733399,
                12.435971260070858
              ],
              [
                80.13652801513666,
                12.435973167419434
              ],
              [
                80.13652801513666,
                12.435417175292969
              ],
              [
                80.13625335693365,
                12.435420989990519
              ],
              [
                80.13625335693365,
                12.435140609741154
              ],
              [
                80.13597106933594,
                12.435140609741154
              ],
              [
                80.13597106933594,
                12.434869766235522
              ],
              [
                80.13569641113287,
                12.434869766235522
              ],
              [
                80.13569641113287,
                12.434310913086165
              ],
              [
                80.1354064941408,
                12.434310913086165
              ],
              [
                80.1354064941408,
                12.434030532836971
              ],
              [
                80.13513946533214,
                12.434030532836971
              ],
              [
                80.13513946533214,
                12.43375110626232
              ],
              [
                80.13485717773455,
                12.43375110626232
              ],
              [
                80.13485717773455,
                12.433190345764388
              ],
              [
                80.13458251953153,
                12.433195114135856
              ],
              [
                80.13458251953153,
                12.432916641235465
              ],
              [
                80.13430786132812,
                12.432921409606934
              ],
              [
                80.13430786132812,
                12.432641029358138
              ],
              [
                80.13403320312528,
                12.432641029358138
              ],
              [
                80.13403320312528,
                12.432080268860034
              ],
              [
                80.1337509155274,
                12.43208217620861
              ],
              [
                80.1337509155274,
                12.431806564331282
              ],
              [
                80.13346862792997,
                12.43181133270275
              ],
              [
                80.13346862792997,
                12.431530952453613
              ],
              [
                80.13318634033209,
                12.431530952453613
              ],
              [
                80.13318634033209,
                12.43097019195585
              ],
              [
                80.13291931152344,
                12.430972099304427
              ],
              [
                80.13291931152344,
                12.430693626404036
              ],
              [
                80.13263702392584,
                12.430693626404036
              ],
              [
                80.13263702392584,
                12.430137634277571
              ],
              [
                80.13236999511736,
                12.430141448974553
              ],
              [
                80.13236999511736,
                12.429860115051497
              ],
              [
                80.13208007812506,
                12.429860115051497
              ],
              [
                80.13208007812506,
                12.429310798645247
              ],
              [
                80.13181304931658,
                12.429310798645247
              ],
              [
                80.13181304931658,
                12.429031372070597
              ],
              [
                80.13153076171903,
                12.429031372070597
              ],
              [
                80.13153076171903,
                12.428750038147143
              ],
              [
                80.13124847412126,
                12.428750038147143
              ],
              [
                80.13124847412126,
                12.427921295166243
              ],
              [
                80.13096618652372,
                12.427921295166243
              ],
              [
                80.13096618652372,
                12.427359580993823
              ],
              [
                80.13069152832037,
                12.427362442016886
              ],
              [
                80.13069152832037,
                12.427082061767521
              ],
              [
                80.13041687011747,
                12.427082061767521
              ],
              [
                80.13041687011747,
                12.426806449890194
              ],
              [
                80.13014221191412,
                12.42681121826189
              ],
              [
                80.13014221191412,
                12.426250457763729
              ],
              [
                80.12985992431635,
                12.426250457763729
              ],
              [
                80.12985992431635,
                12.425971984863338
              ],
              [
                80.12958526611334,
                12.425971984863338
              ],
              [
                80.12958526611334,
                12.425694465637264
              ],
              [
                80.1293029785158,
                12.425694465637264
              ],
              [
                80.1293029785158,
                12.425415992736873
              ],
              [
                80.12902832031256,
                12.425422668457145
              ],
              [
                80.12902832031256,
                12.424861907958984
              ],
              [
                80.12874603271501,
                12.424861907958984
              ],
              [
                80.12874603271501,
                12.424578666686955
              ],
              [
                80.128471374512,
                12.42458438873291
              ],
              [
                80.128471374512,
                12.423749923706055
              ],
              [
                80.12819671630876,
                12.423749923706055
              ],
              [
                80.12819671630876,
                12.422931671142578
              ],
              [
                80.12763977050787,
                12.422931671142578
              ],
              [
                80.12763977050787,
                12.422639846801701
              ],
              [
                80.12735748291044,
                12.422639846801701
              ],
              [
                80.12735748291044,
                12.422360420227221
              ],
              [
                80.12708282470709,
                12.422362327575797
              ],
              [
                80.12708282470709,
                12.421806335449332
              ],
              [
                80.12680816650385,
                12.421810150146484
              ],
              [
                80.12680816650385,
                12.421529769897518
              ],
              [
                80.1265258789063,
                12.421529769897518
              ],
              [
                80.1265258789063,
                12.420971870422477
              ],
              [
                80.1262512207033,
                12.420971870422477
              ],
              [
                80.1262512207033,
                12.420694351196573
              ],
              [
                80.12596893310553,
                12.420694351196573
              ],
              [
                80.12596893310553,
                12.420140266418514
              ],
              [
                80.12568664550798,
                12.420140266418514
              ],
              [
                80.12568664550798,
                12.41987133026123
              ],
              [
                80.1254196166995,
                12.41987133026123
              ],
              [
                80.1254196166995,
                12.41930961608881
              ],
              [
                80.12513732910173,
                12.41930961608881
              ],
              [
                80.12513732910173,
                12.41903018951416
              ],
              [
                80.12486267089872,
                12.41903018951416
              ],
              [
                80.12486267089872,
                12.418471336364803
              ],
              [
                80.12458038330078,
                12.418471336364803
              ],
              [
                80.12458038330078,
                12.418195724487305
              ],
              [
                80.12430572509794,
                12.418195724487305
              ],
              [
                80.12430572509794,
                12.417915344238509
              ],
              [
                80.12403106689459,
                12.417922019958553
              ],
              [
                80.12403106689459,
                12.41736125946045
              ],
              [
                80.12374877929682,
                12.41736125946045
              ],
              [
                80.12374877929682,
                12.417082786560059
              ],
              [
                80.1234741210938,
                12.417082786560059
              ],
              [
                80.1234741210938,
                12.416805267334155
              ],
              [
                80.12317657470697,
                12.416810035705794
              ],
              [
                80.12317657470697,
                12.41624927520769
              ],
              [
                80.12291717529303,
                12.41624927520769
              ],
              [
                80.12291717529303,
                12.415691375732422
              ],
              [
                80.12264251709001,
                12.415695190429801
              ],
              [
                80.12264251709001,
                12.41541671752941
              ],
              [
                80.1223602294923,
                12.415419578552303
              ],
              [
                80.1223602294923,
                12.415139198303507
              ],
              [
                80.12209320068376,
                12.415139198303507
              ],
              [
                80.12209320068376,
                12.414581298828068
              ],
              [
                80.12180328369169,
                12.414583206177042
              ],
              [
                80.12180328369169,
                12.414304733276651
              ],
              [
                80.12152862548828,
                12.414310455322209
              ],
              [
                80.12152862548828,
                12.412921905517862
              ],
              [
                80.12097167968756,
                12.412921905517862
              ],
              [
                80.12097167968756,
                12.412640571594238
              ],
              [
                80.12069702148432,
                12.412640571594238
              ],
              [
                80.12069702148432,
                12.412077903747502
              ],
              [
                80.12041473388678,
                12.41208267211914
              ],
              [
                80.12041473388678,
                12.411251068115178
              ],
              [
                80.119857788086,
                12.411251068115178
              ],
              [
                80.119857788086,
                12.410970687866211
              ],
              [
                80.11958312988298,
                12.410972595214787
              ],
              [
                80.11958312988298,
                12.410139083862418
              ],
              [
                80.1193084716798,
                12.410140991210994
              ],
              [
                80.1193084716798,
                12.409860610961857
              ],
              [
                80.11875152587919,
                12.409860610961857
              ],
              [
                80.11875152587919,
                12.409583091735954
              ],
              [
                80.11846923828142,
                12.409583091735954
              ],
              [
                80.11846923828142,
                12.409029006958065
              ],
              [
                80.11818695068388,
                12.40903091430664
              ],
              [
                80.11818695068388,
                12.408750534057674
              ],
              [
                80.11791992187506,
                12.408750534057674
              ],
              [
                80.11791992187506,
                12.40818977355957
              ],
              [
                80.11763763427763,
                12.40819454193121
              ],
              [
                80.11763763427763,
                12.407638549804915
              ],
              [
                80.1173706054688,
                12.407641410827637
              ],
              [
                80.1173706054688,
                12.407079696655387
              ],
              [
                80.1170806884765,
                12.40708255767845
              ],
              [
                80.1170806884765,
                12.406806945800781
              ],
              [
                80.1168060302735,
                12.406810760498331
              ],
              [
                80.1168060302735,
                12.406531333923454
              ],
              [
                80.11653137207048,
                12.406531333923454
              ],
              [
                80.11653137207048,
                12.405969619751204
              ],
              [
                80.11624908447271,
                12.405973434448413
              ],
              [
                80.11624908447271,
                12.405415534973145
              ],
              [
                80.11596679687517,
                12.40542125701927
              ],
              [
                80.11596679687517,
                12.405140876770133
              ],
              [
                80.11569213867216,
                12.405140876770133
              ],
              [
                80.11569213867216,
                12.40487194061285
              ],
              [
                80.11541748046892,
                12.40487194061285
              ],
              [
                80.11541748046892,
                12.4045801162722
              ],
              [
                80.11513519287138,
                12.404582023620605
              ],
              [
                80.11513519287138,
                12.404027938842887
              ],
              [
                80.11486053466803,
                12.40403079986595
              ],
              [
                80.11486053466803,
                12.403750419616813
              ],
              [
                80.11458587646513,
                12.403750419616813
              ],
              [
                80.11458587646513,
                12.403470039367846
              ],
              [
                80.11430358886724,
                12.403471946716422
              ],
              [
                80.11430358886724,
                12.403194427490519
              ],
              [
                80.114028930664,
                12.403194427490519
              ],
              [
                80.114028930664,
                12.402915954589957
              ],
              [
                80.11374664306646,
                12.402920722961426
              ],
              [
                80.11374664306646,
                12.40264034271246
              ],
              [
                80.11347198486345,
                12.40264034271246
              ],
              [
                80.11347198486345,
                12.402359962463663
              ],
              [
                80.11319732666021,
                12.402359962463663
              ],
              [
                80.11319732666021,
                12.402079582214299
              ],
              [
                80.11291503906267,
                12.402084350586165
              ],
              [
                80.11291503906267,
                12.401805877685604
              ],
              [
                80.11264038085966,
                12.401805877685604
              ],
              [
                80.11264038085966,
                12.4015283584597
              ],
              [
                80.11235809326189,
                12.401531219482365
              ],
              [
                80.11235809326189,
                12.401251792907715
              ],
              [
                80.11207580566435,
                12.401251792907715
              ],
              [
                80.11207580566435,
                12.400970458984432
              ],
              [
                80.11180877685553,
                12.400972366333008
              ],
              [
                80.11180877685553,
                12.400416374206543
              ],
              [
                80.1115264892581,
                12.40042114257841
              ],
              [
                80.1115264892581,
                12.400142669678019
              ],
              [
                80.11123657226568,
                12.400142669678019
              ],
              [
                80.11123657226568,
                12.399860382080078
              ],
              [
                80.11096954345697,
                12.399862289428654
              ],
              [
                80.11096954345697,
                12.39930629730219
              ],
              [
                80.11068725585943,
                12.399311065674055
              ],
              [
                80.11068725585943,
                12.399029731750602
              ],
              [
                80.11042022705095,
                12.399029731750602
              ],
              [
                80.11042022705095,
                12.398738861084212
              ],
              [
                80.11013793945318,
                12.398750305175724
              ],
              [
                80.11013793945318,
                12.398471832275334
              ],
              [
                80.10986328125017,
                12.398471832275334
              ],
              [
                80.10986328125017,
                12.397915840148869
              ],
              [
                80.10958099365246,
                12.397919654846248
              ],
              [
                80.10958099365246,
                12.397640228271541
              ],
              [
                80.10930633544939,
                12.397640228271541
              ],
              [
                80.10930633544939,
                12.397359848022575
              ],
              [
                80.10902404785185,
                12.397359848022575
              ],
              [
                80.10902404785185,
                12.397084236145076
              ],
              [
                80.10874938964844,
                12.397084236145076
              ],
              [
                80.10874938964844,
                12.396528244018782
              ],
              [
                80.10846710205107,
                12.396530151367188
              ],
              [
                80.10846710205107,
                12.396249771118221
              ],
              [
                80.10820007324224,
                12.396249771118221
              ],
              [
                80.10820007324224,
                12.395969390869254
              ],
              [
                80.10791778564447,
                12.395972251892317
              ],
              [
                80.10791778564447,
                12.395416259765682
              ],
              [
                80.10764312744146,
                12.395420074462834
              ],
              [
                80.10764312744146,
                12.395139694213867
              ],
              [
                80.10736083984375,
                12.395139694213867
              ],
              [
                80.10736083984375,
                12.394860267639388
              ],
              [
                80.10708618164068,
                12.394862174987793
              ],
              [
                80.10708618164068,
                12.394583702087402
              ],
              [
                80.10680389404314,
                12.394583702087402
              ],
              [
                80.10680389404314,
                12.394027709960938
              ],
              [
                80.10652923583996,
                12.394029617309513
              ],
              [
                80.10652923583996,
                12.393750190735034
              ],
              [
                80.10624694824236,
                12.393750190735034
              ],
              [
                80.10624694824236,
                12.39346885681175
              ],
              [
                80.10597229003935,
                12.39347362518322
              ],
              [
                80.10597229003935,
                12.393193244934082
              ],
              [
                80.10569763183594,
                12.393193244934082
              ],
              [
                80.10569763183594,
                12.392917633056754
              ],
              [
                80.10543060302763,
                12.39293098449707
              ],
              [
                80.10543060302763,
                12.39236164093029
              ],
              [
                80.10514068603521,
                12.39236164093029
              ],
              [
                80.10514068603521,
                12.392081260681323
              ],
              [
                80.10485839843778,
                12.392084121704386
              ],
              [
                80.10485839843778,
                12.391804695129508
              ],
              [
                80.1045761108399,
                12.391810417175293
              ],
              [
                80.1045761108399,
                12.391531944274902
              ],
              [
                80.10430908203125,
                12.391531944274902
              ],
              [
                80.10430908203125,
                12.391251564026106
              ],
              [
                80.10402679443365,
                12.391251564026106
              ],
              [
                80.10402679443365,
                12.390690803528003
              ],
              [
                80.10375213623064,
                12.390695571899471
              ],
              [
                80.10375213623064,
                12.39041709899925
              ],
              [
                80.10346984863287,
                12.39042186737072
              ],
              [
                80.10346984863287,
                12.39013862609886
              ],
              [
                80.10320281982439,
                12.39013862609886
              ],
              [
                80.10320281982439,
                12.38985919952421
              ],
              [
                80.10291290283232,
                12.389861106872615
              ],
              [
                80.10291290283232,
                12.389582633972395
              ],
              [
                80.10263824462908,
                12.389582633972395
              ],
              [
                80.10263824462908,
                12.389305114746321
              ],
              [
                80.10235595703153,
                12.389311790466365
              ],
              [
                80.10235595703153,
                12.388751029968262
              ],
              [
                80.10208129882818,
                12.388751029968262
              ],
              [
                80.10208129882818,
                12.388470649719466
              ],
              [
                80.10180664062528,
                12.388472557067871
              ],
              [
                80.10180664062528,
                12.388193130493164
              ],
              [
                80.1015243530274,
                12.388193130493164
              ],
              [
                80.1015243530274,
                12.387916564941406
              ],
              [
                80.10124969482416,
                12.387920379638729
              ],
              [
                80.10124969482416,
                12.387640953064079
              ],
              [
                80.10098266601568,
                12.387640953064079
              ],
              [
                80.10098266601568,
                12.387360572815112
              ],
              [
                80.10069274902361,
                12.387360572815112
              ],
              [
                80.10069274902361,
                12.386804580688647
              ],
              [
                80.10041809082037,
                12.386804580688647
              ],
              [
                80.10041809082037,
                12.386527061462346
              ],
              [
                80.10013580322283,
                12.386531829834212
              ],
              [
                80.10013580322283,
                12.386251449585018
              ],
              [
                80.09986114501982,
                12.386251449585018
              ],
              [
                80.09986114501982,
                12.38597106933588
              ],
              [
                80.09958648681658,
                12.38597106933588
              ],
              [
                80.09958648681658,
                12.385695457458553
              ],
              [
                80.09930419921903,
                12.385695457458553
              ],
              [
                80.09930419921903,
                12.385416984558162
              ],
              [
                80.09902954101568,
                12.385418891906966
              ],
              [
                80.09902954101568,
                12.385141372680664
              ],
              [
                80.09874725341825,
                12.385141372680664
              ],
              [
                80.09874725341825,
                12.38458061218273
              ],
              [
                80.0984725952149,
                12.384583473205794
              ],
              [
                80.0984725952149,
                12.384305000305233
              ],
              [
                80.09819793701166,
                12.384311676025675
              ],
              [
                80.09819793701166,
                12.38403129577631
              ],
              [
                80.09792327880865,
                12.38403129577631
              ],
              [
                80.09792327880865,
                12.383760452270678
              ],
              [
                80.09764099121111,
                12.383760452270678
              ],
              [
                80.09764099121111,
                12.383470535278377
              ],
              [
                80.09735870361334,
                12.38347339630127
              ],
              [
                80.09735870361334,
                12.383194923400879
              ],
              [
                80.0970764160158,
                12.38319015502941
              ],
              [
                80.09708404541033,
                12.382917404174805
              ],
              [
                80.09680175781261,
                12.382921218872355
              ],
              [
                80.09680175781261,
                12.38264083862299
              ],
              [
                80.09652709960955,
                12.38264083862299
              ],
              [
                80.09652709960955,
                12.38236141204834
              ],
              [
                80.09625244140653,
                12.38236141204834
              ],
              [
                80.09625244140653,
                12.38208293914795
              ],
              [
                80.0959701538086,
                12.38208293914795
              ],
              [
                80.0959701538086,
                12.381805419922046
              ],
              [
                80.09570312500028,
                12.381809234619197
              ],
              [
                80.09570312500028,
                12.381530761718807
              ],
              [
                80.09541320800787,
                12.381530761718807
              ],
              [
                80.09541320800787,
                12.381251335144157
              ],
              [
                80.09513854980463,
                12.381251335144157
              ],
              [
                80.09513854980463,
                12.380702018737736
              ],
              [
                80.09485626220709,
                12.380702018737736
              ],
              [
                80.09485626220709,
                12.380420684814453
              ],
              [
                80.0945816040039,
                12.380420684814453
              ],
              [
                80.0945816040039,
                12.380141258239973
              ],
              [
                80.09430694580084,
                12.380141258239973
              ],
              [
                80.09430694580084,
                12.379860877990836
              ],
              [
                80.09401702880876,
                12.379860877990836
              ],
              [
                80.09401702880876,
                12.379579544067383
              ],
              [
                80.09375000000011,
                12.379582405090446
              ],
              [
                80.09375000000011,
                12.379306793213118
              ],
              [
                80.09349060058594,
                12.3793106079101
              ],
              [
                80.09349060058594,
                12.37903118133545
              ],
              [
                80.09320068359403,
                12.37903118133545
              ],
              [
                80.09320068359403,
                12.378750801086483
              ],
              [
                80.0929183959961,
                12.378750801086483
              ],
              [
                80.0929183959961,
                12.378470420837687
              ],
              [
                80.09263610839872,
                12.378473281860579
              ],
              [
                80.09263610839872,
                12.378193855285872
              ],
              [
                80.09236145019537,
                12.378193855285872
              ],
              [
                80.09236145019537,
                12.377916336059627
              ],
              [
                80.09208679199213,
                12.377921104431266
              ],
              [
                80.09208679199213,
                12.377629280090389
              ],
              [
                80.09180450439459,
                12.377637863159407
              ],
              [
                80.09180450439459,
                12.377360343933333
              ],
              [
                80.0915298461914,
                12.377360343933333
              ],
              [
                80.0915298461914,
                12.377084732055835
              ],
              [
                80.0912475585938,
                12.377084732055835
              ],
              [
                80.0912475585938,
                12.376804351806868
              ],
              [
                80.0909729003908,
                12.376811027527083
              ],
              [
                80.0909729003908,
                12.376530647277946
              ],
              [
                80.09069824218761,
                12.376530647277946
              ],
              [
                80.09069061279303,
                12.375971794128418
              ],
              [
                80.09041595459001,
                12.375971794128418
              ],
              [
                80.09041595459001,
                12.375690460205305
              ],
              [
                80.090141296387,
                12.375694274902514
              ],
              [
                80.090141296387,
                12.375415802002124
              ],
              [
                80.08985900878923,
                12.375420570373763
              ],
              [
                80.08985900878923,
                12.375140190124625
              ],
              [
                80.08957672119169,
                12.375140190124625
              ],
              [
                80.08957672119169,
                12.374861717224235
              ],
              [
                80.08930206298834,
                12.374861717224235
              ],
              [
                80.08930206298834,
                12.374570846557845
              ],
              [
                80.08902740478544,
                12.374584197998331
              ],
              [
                80.08902740478544,
                12.374028205871866
              ],
              [
                80.08847045898432,
                12.374030113220272
              ],
              [
                80.08847045898432,
                12.373749732971476
              ],
              [
                80.0881958007813,
                12.373749732971476
              ],
              [
                80.0881958007813,
                12.373470306396598
              ],
              [
                80.08763885498053,
                12.373472213745174
              ],
              [
                80.08763885498053,
                12.373370170593489
              ],
              [
                80.08763885498053,
                12.37319374084501
              ],
              [
                80.0874786376956,
                12.37319374084501
              ],
              [
                80.08736419677751,
                12.37319374084501
              ],
              [
                80.08736419677751,
                12.37307071685791
              ],
              [
                80.08736419677751,
                12.37291622161871
              ],
              [
                80.08722686767584,
                12.372918128967513
              ],
              [
                80.08706665039068,
                12.372920989990178
              ],
              [
                80.08708190917997,
                12.372758865356673
              ],
              [
                80.08708190917997,
                12.37236213684082
              ],
              [
                80.08680725097673,
                12.37236213684082
              ],
              [
                80.08680725097673,
                12.372083663940657
              ],
              [
                80.08652496337919,
                12.372083663940657
              ],
              [
                80.08652496337919,
                12.371806144714355
              ],
              [
                80.08625030517584,
                12.371820449829329
              ],
              [
                80.08625030517584,
                12.371529579162768
              ],
              [
                80.08598327636713,
                12.371529579162768
              ],
              [
                80.08598327636713,
                12.37125015258789
              ],
              [
                80.08569335937506,
                12.37125015258789
              ],
              [
                80.08569335937506,
                12.370969772339095
              ],
              [
                80.08541870117182,
                12.3709716796875
              ],
              [
                80.08541870117182,
                12.370694160461426
              ],
              [
                80.08513641357428,
                12.370694160461426
              ],
              [
                80.08513641357428,
                12.370140075683537
              ],
              [
                80.08486175537126,
                12.370140075683537
              ],
              [
                80.08486175537126,
                12.36985969543457
              ],
              [
                80.08458709716803,
                12.36985969543457
              ],
              [
                80.08458709716803,
                12.369579315185774
              ],
              [
                80.08430480957048,
                12.369584083557243
              ],
              [
                80.08430480957048,
                12.369028091430778
              ],
              [
                80.08403015136747,
                12.369029998779354
              ],
              [
                80.08403015136747,
                12.368761062622127
              ],
              [
                80.0837478637697,
                12.368761062622127
              ],
              [
                80.0837478637697,
                12.36846923828125
              ],
              [
                80.08347320556669,
                12.368472099304313
              ],
              [
                80.08347320556669,
                12.368193626403922
              ],
              [
                80.08319091796875,
                12.368193626403922
              ],
              [
                80.08319091796875,
                12.367637634277457
              ],
              [
                80.08291625976591,
                12.367639541626033
              ],
              [
                80.08291625976591,
                12.36736202240013
              ],
              [
                80.08264160156256,
                12.36736202240013
              ],
              [
                80.08264160156256,
                12.367080688476676
              ],
              [
                80.08235931396479,
                12.367083549499739
              ],
              [
                80.08235931396479,
                12.366806030273494
              ],
              [
                80.08207702636724,
                12.366809844970646
              ],
              [
                80.08207702636724,
                12.365420341491813
              ],
              [
                80.08180236816406,
                12.365420341491813
              ],
              [
                80.08180236816406,
                12.364862442016545
              ],
              [
                80.081527709961,
                12.364862442016545
              ],
              [
                80.081527709961,
                12.364583015441895
              ],
              [
                80.08097076416027,
                12.364583015441895
              ],
              [
                80.08097076416027,
                12.364304542541504
              ],
              [
                80.0806961059572,
                12.36431026458763
              ],
              [
                80.0806961059572,
                12.364031791687239
              ],
              [
                80.08040618896513,
                12.364031791687239
              ],
              [
                80.08040618896513,
                12.363752365112589
              ],
              [
                80.08013916015625,
                12.363752365112589
              ],
              [
                80.08013916015625,
                12.363471031189135
              ],
              [
                80.07986450195341,
                12.363471031189135
              ],
              [
                80.07986450195341,
                12.363195419311637
              ],
              [
                80.07958221435553,
                12.363195419311637
              ],
              [
                80.07958221435553,
                12.362916946411246
              ],
              [
                80.07930755615229,
                12.362919807434139
              ],
              [
                80.07930755615229,
                12.362360954284782
              ],
              [
                80.07902526855474,
                12.362360954284782
              ],
              [
                80.07902526855474,
                12.361804962158487
              ],
              [
                80.07875061035156,
                12.361809730529785
              ],
              [
                80.07875061035156,
                12.361529350280989
              ],
              [
                80.0784759521485,
                12.361529350280989
              ],
              [
                80.0784759521485,
                12.361250877380428
              ],
              [
                80.07818603515642,
                12.361250877380428
              ],
              [
                80.07818603515642,
                12.360971450805721
              ],
              [
                80.07791900634777,
                12.360973358154524
              ],
              [
                80.07791900634777,
                12.360694885254134
              ],
              [
                80.07763671875017,
                12.360694885254134
              ],
              [
                80.07763671875017,
                12.360417366027832
              ],
              [
                80.07736206054716,
                12.360419273376635
              ],
              [
                80.07736206054716,
                12.359861373901367
              ],
              [
                80.07707977294939,
                12.359861373901367
              ],
              [
                80.07707977294939,
                12.359582901000977
              ],
              [
                80.07681274414091,
                12.359589576721419
              ],
              [
                80.07681274414091,
                12.359310150146541
              ],
              [
                80.07653045654303,
                12.359310150146541
              ],
              [
                80.07653045654303,
                12.359031677246378
              ],
              [
                80.0762481689456,
                12.359031677246378
              ],
              [
                80.0762481689456,
                12.358751296997013
              ],
              [
                80.07596588134771,
                12.358751296997013
              ],
              [
                80.07596588134771,
                12.358470916748047
              ],
              [
                80.07569122314447,
                12.358470916748047
              ],
              [
                80.07569122314447,
                12.358195304870549
              ],
              [
                80.07541656494146,
                12.358195304870549
              ],
              [
                80.07541656494146,
                12.357916831970158
              ],
              [
                80.07512664794922,
                12.357921600342024
              ],
              [
                80.07512664794922,
                12.35764122009283
              ],
              [
                80.0748825073245,
                12.35764122009283
              ],
              [
                80.07485961914068,
                12.357360839843693
              ],
              [
                80.07470703125028,
                12.357360839843693
              ],
              [
                80.07457733154314,
                12.357360839843693
              ],
              [
                80.07458496093767,
                12.35719013214134
              ],
              [
                80.07458496093767,
                12.35708332061779
              ],
              [
                80.07430267334013,
                12.35708332061779
              ],
              [
                80.07430267334013,
                12.356804847717399
              ],
              [
                80.07402801513689,
                12.356821060180778
              ],
              [
                80.07402801513689,
                12.356531143188477
              ],
              [
                80.07375335693388,
                12.356531143188477
              ],
              [
                80.07375335693388,
                12.356248855590934
              ],
              [
                80.073471069336,
                12.356248855590934
              ],
              [
                80.073471069336,
                12.355973243713606
              ],
              [
                80.0731964111331,
                12.355973243713606
              ],
              [
                80.0731964111331,
                12.355694770813045
              ],
              [
                80.07291412353521,
                12.355694770813045
              ],
              [
                80.07291412353521,
                12.355417251587141
              ],
              [
                80.07263946533197,
                12.355421066284123
              ],
              [
                80.07263946533197,
                12.355140686035156
              ],
              [
                80.07235717773443,
                12.355140686035156
              ],
              [
                80.07235717773443,
                12.354861259460506
              ],
              [
                80.07208251953142,
                12.354861259460506
              ],
              [
                80.07208251953142,
                12.354582786560286
              ],
              [
                80.07180786132818,
                12.354582786560286
              ],
              [
                80.07180786132818,
                12.354305267334212
              ],
              [
                80.07153320312517,
                12.354310989380167
              ],
              [
                80.07153320312517,
                12.353751182556152
              ],
              [
                80.07125091552763,
                12.353751182556152
              ],
              [
                80.07125091552763,
                12.353461265564022
              ],
              [
                80.07096862792986,
                12.353472709655762
              ],
              [
                80.07096862792986,
                12.353195190429858
              ],
              [
                80.07069396972685,
                12.353195190429858
              ],
              [
                80.07069396972685,
                12.352916717529297
              ],
              [
                80.0704193115235,
                12.35292053222662
              ],
              [
                80.0704193115235,
                12.35264110565197
              ],
              [
                80.07013702392607,
                12.35264110565197
              ],
              [
                80.07013702392607,
                12.352080345154036
              ],
              [
                80.06986236572271,
                12.352082252502441
              ],
              [
                80.06986236572271,
                12.35152912139921
              ],
              [
                80.06958007812494,
                12.351531028747786
              ],
              [
                80.06958007812494,
                12.351321220398063
              ],
              [
                80.06948089599615,
                12.351293563843
              ],
              [
                80.069320678711,
                12.351250648498649
              ],
              [
                80.06931304931646,
                12.351060867309627
              ],
              [
                80.06930541992193,
                12.350693702697868
              ],
              [
                80.06903076171892,
                12.350693702697868
              ],
              [
                80.06903076171892,
                12.350137710571403
              ],
              [
                80.06874847412115,
                12.350140571594295
              ],
              [
                80.06874847412115,
                12.349860191345499
              ],
              [
                80.06847381591814,
                12.349860191345499
              ],
              [
                80.06847381591814,
                12.349304199219034
              ],
              [
                80.06819152832043,
                12.349310874939079
              ],
              [
                80.06819152832043,
                12.349031448364201
              ],
              [
                80.06791687011736,
                12.349031448364201
              ],
              [
                80.06791687011736,
                12.348469734192179
              ],
              [
                80.06764221191435,
                12.348471641540584
              ],
              [
                80.06764221191435,
                12.34819412231468
              ],
              [
                80.0673599243164,
                12.34819412231468
              ],
              [
                80.0673599243164,
                12.347638130187988
              ],
              [
                80.0670928955081,
                12.347648620605412
              ],
              [
                80.0670928955081,
                12.347359657287825
              ],
              [
                80.06680297851568,
                12.34736156463623
              ],
              [
                80.06680297851568,
                12.347082138061523
              ],
              [
                80.06652832031244,
                12.347082138061523
              ],
              [
                80.06652832031244,
                12.346528053283635
              ],
              [
                80.0662460327149,
                12.346529960632438
              ],
              [
                80.0662460327149,
                12.346249580383471
              ],
              [
                80.06597137451172,
                12.346249580383471
              ],
              [
                80.06597137451172,
                12.345970153808594
              ],
              [
                80.06569671630865,
                12.34597206115717
              ],
              [
                80.06569671630865,
                12.345416069030705
              ],
              [
                80.06540679931658,
                12.345422744751147
              ],
              [
                80.06540679931658,
                12.345140457153377
              ],
              [
                80.06513977050793,
                12.345140457153377
              ],
              [
                80.06513977050793,
                12.344861984252987
              ],
              [
                80.06485748291033,
                12.344861984252987
              ],
              [
                80.06485748291033,
                12.344312667846793
              ],
              [
                80.06458282470732,
                12.344312667846793
              ],
              [
                80.06458282470732,
                12.344030380249023
              ],
              [
                80.0643081665039,
                12.344030380249023
              ],
              [
                80.0643081665039,
                12.34375
              ],
              [
                80.06402587890653,
                12.34375
              ],
              [
                80.06402587890653,
                12.343189239501953
              ],
              [
                80.06375122070318,
                12.343194007873763
              ],
              [
                80.06375122070318,
                12.342915534973201
              ],
              [
                80.06346893310575,
                12.34292030334467
              ],
              [
                80.06346893310575,
                12.342639923095703
              ],
              [
                80.06318664550787,
                12.342639923095703
              ],
              [
                80.06318664550787,
                12.342359542846907
              ],
              [
                80.06291961669922,
                12.342362403869629
              ],
              [
                80.06291961669922,
                12.342083930969238
              ],
              [
                80.06263732910162,
                12.342083930969238
              ],
              [
                80.06263732910162,
                12.341527938842773
              ],
              [
                80.06236267089861,
                12.341527938842773
              ],
              [
                80.06236267089861,
                12.34125041961687
              ],
              [
                80.06208038330084,
                12.34125041961687
              ],
              [
                80.06208038330084,
                12.340971946716309
              ],
              [
                80.06180572509783,
                12.340971946716309
              ],
              [
                80.06180572509783,
                12.34041786193859
              ],
              [
                80.06153106689482,
                12.340419769287166
              ],
              [
                80.06153106689482,
                12.340140342712516
              ],
              [
                80.06124877929705,
                12.340140342712516
              ],
              [
                80.06124877929705,
                12.339861869812125
              ],
              [
                80.0609664916995,
                12.339861869812125
              ],
              [
                80.0609664916995,
                12.339309692382812
              ],
              [
                80.06069183349615,
                12.339309692382812
              ],
              [
                80.06069183349615,
                12.339030265808162
              ],
              [
                80.06041717529325,
                12.339030265808162
              ],
              [
                80.06041717529325,
                12.338751792907942
              ],
              [
                80.06012725830084,
                12.338751792907942
              ],
              [
                80.06012725830084,
                12.338191032409838
              ],
              [
                80.05986022949213,
                12.338195800781307
              ],
              [
                80.05986022949213,
                12.33791542053251
              ],
              [
                80.05959320068365,
                12.337920188903809
              ],
              [
                80.05959320068365,
                12.337361335754451
              ],
              [
                80.05930328369158,
                12.337361335754451
              ],
              [
                80.05930328369158,
                12.337082862854231
              ],
              [
                80.05902862548834,
                12.337082862854231
              ],
              [
                80.05902862548834,
                12.336249351501692
              ],
              [
                80.0587463378908,
                12.336249351501692
              ],
              [
                80.0587463378908,
                12.335419654846305
              ],
              [
                80.05790710449247,
                12.335419654846305
              ],
              [
                80.05790710449247,
                12.334858894348145
              ],
              [
                80.05764007568365,
                12.334860801696948
              ],
              [
                80.05764007568365,
                12.334583282470646
              ],
              [
                80.05735778808622,
                12.334583282470646
              ],
              [
                80.05735778808622,
                12.334304809570483
              ],
              [
                80.0570907592774,
                12.334309577941951
              ],
              [
                80.0570907592774,
                12.333750724792594
              ],
              [
                80.05680847167963,
                12.333750724792594
              ],
              [
                80.05680847167963,
                12.333471298217717
              ],
              [
                80.05652618408209,
                12.33347320556669
              ],
              [
                80.05652618408209,
                12.3331947326663
              ],
              [
                80.05625152587908,
                12.3331947326663
              ],
              [
                80.05625152587908,
                12.332638740539835
              ],
              [
                80.0559692382813,
                12.332651138305664
              ],
              [
                80.0559692382813,
                12.332361221313533
              ],
              [
                80.0556945800783,
                12.332361221313533
              ],
              [
                80.0556945800783,
                12.332082748413143
              ],
              [
                80.05541992187528,
                12.332082748413143
              ],
              [
                80.05541992187528,
                12.331805229187069
              ],
              [
                80.05513763427751,
                12.33181190490751
              ],
              [
                80.05513763427751,
                12.331530570983887
              ],
              [
                80.0548629760745,
                12.331530570983887
              ],
              [
                80.0548629760745,
                12.33125114440918
              ],
              [
                80.05458068847656,
                12.33125114440918
              ],
              [
                80.05458068847656,
                12.330690383911246
              ],
              [
                80.05430603027372,
                12.330695152282715
              ],
              [
                80.05430603027372,
                12.330416679382324
              ],
              [
                80.05403137207037,
                12.33042240142828
              ],
              [
                80.05403137207037,
                12.330141067504826
              ],
              [
                80.0537490844726,
                12.330141067504826
              ],
              [
                80.0537490844726,
                12.32958126068138
              ],
              [
                80.05319213867188,
                12.329583168029785
              ],
              [
                80.05319213867188,
                12.329304695129395
              ],
              [
                80.0529174804688,
                12.329309463501033
              ],
              [
                80.0529174804688,
                12.328750610351506
              ],
              [
                80.0526428222658,
                12.328750610351506
              ],
              [
                80.0526428222658,
                12.328471183777026
              ],
              [
                80.05236053466808,
                12.328473091125602
              ],
              [
                80.05236053466808,
                12.328194618225211
              ],
              [
                80.05208587646501,
                12.328194618225211
              ],
              [
                80.05208587646501,
                12.327638626098746
              ],
              [
                80.05179595947294,
                12.327640533447322
              ],
              [
                80.05179595947294,
                12.327361106872672
              ],
              [
                80.05152893066406,
                12.327361106872672
              ],
              [
                80.05152893066406,
                12.327082633972282
              ],
              [
                80.05124664306669,
                12.327082633972282
              ],
              [
                80.05124664306669,
                12.326805114746378
              ],
              [
                80.05095672607422,
                12.326810836791935
              ],
              [
                80.05095672607422,
                12.326251029968319
              ],
              [
                80.0506973266601,
                12.326251029968319
              ],
              [
                80.0506973266601,
                12.325969696045036
              ],
              [
                80.04985809326178,
                12.325969696045036
              ],
              [
                80.04985809326178,
                12.326251029968319
              ],
              [
                80.05014038085938,
                12.326251029968319
              ],
              [
                80.05014038085938,
                12.326810836791935
              ],
              [
                80.05041503906256,
                12.326805114746378
              ],
              [
                80.05041503906256,
                12.327361106872672
              ],
              [
                80.0506973266601,
                12.327361106872672
              ],
              [
                80.0506973266601,
                12.327920913696289
              ],
              [
                80.05097198486334,
                12.327917098999137
              ],
              [
                80.05097198486334,
                12.328473091125602
              ],
              [
                80.05124664306669,
                12.328471183777026
              ],
              [
                80.05124664306669,
                12.329030990600643
              ],
              [
                80.05179595947294,
                12.329030990600643
              ],
              [
                80.05179595947294,
                12.329309463501033
              ],
              [
                80.05208587646501,
                12.329304695129395
              ],
              [
                80.05208587646501,
                12.329583168029785
              ],
              [
                80.0526428222658,
                12.32958126068138
              ],
              [
                80.0526428222658,
                12.330141067504826
              ],
              [
                80.0529174804688,
                12.330141067504826
              ],
              [
                80.0529174804688,
                12.33125114440918
              ],
              [
                80.05319213867188,
                12.33125114440918
              ],
              [
                80.05319213867188,
                12.332361221313533
              ],
              [
                80.05346679687506,
                12.332361221313533
              ],
              [
                80.05346679687506,
                12.332921981811694
              ],
              [
                80.0537490844726,
                12.332917213439998
              ],
              [
                80.0537490844726,
                12.33347320556669
              ],
              [
                80.05403137207037,
                12.333471298217717
              ],
              [
                80.05403137207037,
                12.334029197693155
              ],
              [
                80.05430603027372,
                12.334029197693155
              ],
              [
                80.05430603027372,
                12.334583282470646
              ],
              [
                80.05458068847656,
                12.33458137512207
              ],
              [
                80.05458068847656,
                12.335139274597338
              ],
              [
                80.0548629760745,
                12.335139274597338
              ],
              [
                80.0548629760745,
                12.33549022674572
              ],
              [
                80.0548629760745,
                12.335695266723803
              ],
              [
                80.05507659912138,
                12.335691452026424
              ],
              [
                80.05513763427751,
                12.336249351501692
              ],
              [
                80.05541992187528,
                12.336249351501692
              ],
              [
                80.05541992187528,
                12.336529731750659
              ],
              [
                80.0556945800783,
                12.336526870727596
              ],
              [
                80.0556945800783,
                12.337082862854231
              ],
              [
                80.0559692382813,
                12.337080955505655
              ],
              [
                80.0559692382813,
                12.337641716003418
              ],
              [
                80.05625152587908,
                12.337641716003418
              ],
              [
                80.05625152587908,
                12.337920188903809
              ],
              [
                80.05652618408209,
                12.33791542053251
              ],
              [
                80.05652618408209,
                12.338471412658805
              ],
              [
                80.05680847167963,
                12.338459968566895
              ],
              [
                80.05680847167963,
                12.339030265808162
              ],
              [
                80.05708312988287,
                12.339028358459757
              ],
              [
                80.05708312988287,
                12.339861869812125
              ],
              [
                80.05735778808622,
                12.339861869812125
              ],
              [
                80.05735778808622,
                12.340694427490405
              ],
              [
                80.05764007568365,
                12.340694427490405
              ],
              [
                80.05764007568365,
                12.341527938842773
              ],
              [
                80.057914733887,
                12.341527938842773
              ],
              [
                80.057914733887,
                12.342362403869629
              ],
              [
                80.05819702148455,
                12.342362403869629
              ],
              [
                80.05819702148455,
                12.343471527099666
              ],
              [
                80.05847167968778,
                12.34346961975109
              ],
              [
                80.05847167968778,
                12.344030380249023
              ],
              [
                80.0587463378908,
                12.344030380249023
              ],
              [
                80.0587463378908,
                12.344312667846793
              ],
              [
                80.05902862548834,
                12.344312667846793
              ],
              [
                80.05902862548834,
                12.344861984252987
              ],
              [
                80.05930328369158,
                12.344861984252987
              ],
              [
                80.05930328369158,
                12.345140457153377
              ],
              [
                80.05959320068365,
                12.345140457153377
              ],
              [
                80.05959320068365,
                12.345422744751147
              ],
              [
                80.05986022949213,
                12.345416069030705
              ],
              [
                80.05986022949213,
                12.345693588256779
              ],
              [
                80.06012725830084,
                12.345691680908203
              ],
              [
                80.06012725830084,
                12.346249580383471
              ],
              [
                80.06041717529325,
                12.346249580383471
              ],
              [
                80.06041717529325,
                12.346529960632438
              ],
              [
                80.06069183349615,
                12.346529960632438
              ],
              [
                80.06069183349615,
                12.346811294555891
              ],
              [
                80.06124877929705,
                12.346805572509936
              ],
              [
                80.06124877929705,
                12.347082138061523
              ],
              [
                80.06180572509783,
                12.347082138061523
              ],
              [
                80.06180572509783,
                12.347359657287825
              ],
              [
                80.06208038330084,
                12.347359657287825
              ],
              [
                80.06208038330084,
                12.347648620605412
              ],
              [
                80.06236267089861,
                12.347638130187988
              ],
              [
                80.06236267089861,
                12.34819412231468
              ],
              [
                80.06263732910162,
                12.34819412231468
              ],
              [
                80.06263732910162,
                12.348471641540584
              ],
              [
                80.06291961669922,
                12.348469734192179
              ],
              [
                80.06291961669922,
                12.348750114441145
              ],
              [
                80.06346893310575,
                12.348750114441145
              ],
              [
                80.06346893310575,
                12.349310874939079
              ],
              [
                80.06375122070318,
                12.349304199219034
              ],
              [
                80.06375122070318,
                12.349860191345499
              ],
              [
                80.06402587890653,
                12.349860191345499
              ],
              [
                80.06402587890653,
                12.350420951843262
              ],
              [
                80.06375122070318,
                12.350420951843262
              ],
              [
                80.06375122070318,
                12.351811408996582
              ],
              [
                80.06402587890653,
                12.351811408996582
              ],
              [
                80.06402587890653,
                12.352359771728516
              ],
              [
                80.06375122070318,
                12.352359771728516
              ],
              [
                80.06375122070318,
                12.353195190429858
              ],
              [
                80.06346893310575,
                12.35319042205839
              ],
              [
                80.06346893310575,
                12.353751182556152
              ],
              [
                80.06318664550787,
                12.353751182556152
              ],
              [
                80.06318664550787,
                12.354030609130803
              ],
              [
                80.06291961669922,
                12.354030609130803
              ],
              [
                80.06291961669922,
                12.354310989380167
              ],
              [
                80.06236267089861,
                12.354305267334212
              ],
              [
                80.06236267089861,
                12.354582786560286
              ],
              [
                80.06153106689482,
                12.354582786560286
              ],
              [
                80.06153106689482,
                12.354861259460506
              ],
              [
                80.0609664916995,
                12.354861259460506
              ],
              [
                80.0609664916995,
                12.355140686035156
              ],
              [
                80.06041717529325,
                12.355140686035156
              ],
              [
                80.06041717529325,
                12.355421066284123
              ],
              [
                80.05958557128912,
                12.355417251587141
              ],
              [
                80.05958557128912,
                12.355694770813045
              ],
              [
                80.0587463378908,
                12.355694770813045
              ],
              [
                80.0587463378908,
                12.355973243713606
              ],
              [
                80.05764007568365,
                12.355973243713606
              ],
              [
                80.05764007568365,
                12.356248855590934
              ],
              [
                80.05680847167963,
                12.356248855590934
              ],
              [
                80.05680847167963,
                12.357360839843693
              ],
              [
                80.05708312988287,
                12.357360839843693
              ],
              [
                80.05708312988287,
                12.358195304870549
              ],
              [
                80.05735778808622,
                12.35819053649925
              ],
              [
                80.05735778808622,
                12.359310150146541
              ],
              [
                80.05764007568365,
                12.359310150146541
              ],
              [
                80.05764007568365,
                12.360138893127669
              ],
              [
                80.057914733887,
                12.360138893127669
              ],
              [
                80.057914733887,
                12.360694885254134
              ],
              [
                80.05819702148455,
                12.360691070556754
              ],
              [
                80.05819702148455,
                12.362360954284782
              ],
              [
                80.057914733887,
                12.362360954284782
              ],
              [
                80.057914733887,
                12.365693092346419
              ],
              [
                80.05819702148455,
                12.365691184997843
              ],
              [
                80.05819702148455,
                12.36736202240013
              ],
              [
                80.05680847167963,
                12.36736202240013
              ],
              [
                80.05680847167963,
                12.367639541626033
              ],
              [
                80.0559692382813,
                12.367639541626033
              ],
              [
                80.0559692382813,
                12.36736202240013
              ],
              [
                80.05568695068376,
                12.36736202240013
              ],
              [
                80.05568695068376,
                12.367080688476676
              ],
              [
                80.05541992187528,
                12.367083549499739
              ],
              [
                80.05541992187528,
                12.366806030273494
              ],
              [
                80.05513763427751,
                12.366809844970646
              ],
              [
                80.05513763427751,
                12.366530418395996
              ],
              [
                80.0548629760745,
                12.366530418395996
              ],
              [
                80.0548629760745,
                12.366251945495605
              ],
              [
                80.05458068847656,
                12.366251945495605
              ],
              [
                80.05458068847656,
                12.365970611572322
              ],
              [
                80.05430603027372,
                12.365970611572322
              ],
              [
                80.05430603027372,
                12.365693092346419
              ],
              [
                80.05403137207037,
                12.365693092346419
              ],
              [
                80.05403137207037,
                12.365418434143237
              ],
              [
                80.0537490844726,
                12.365420341491813
              ],
              [
                80.0537490844726,
                12.364862442016545
              ],
              [
                80.05347442626959,
                12.364862442016545
              ],
              [
                80.05347442626959,
                12.364583015441895
              ],
              [
                80.05319213867188,
                12.364583015441895
              ],
              [
                80.05319213867188,
                12.363471031189135
              ],
              [
                80.0529174804688,
                12.363471031189135
              ],
              [
                80.0529174804688,
                12.363195419311637
              ],
              [
                80.05180358886747,
                12.363195419311637
              ],
              [
                80.05180358886747,
                12.362916946411246
              ],
              [
                80.05124664306669,
                12.362919807434139
              ],
              [
                80.05124664306669,
                12.362629890441838
              ],
              [
                80.04957580566423,
                12.362629890441838
              ],
              [
                80.04957580566423,
                12.362919807434139
              ],
              [
                80.04930877685558,
                12.362916946411246
              ],
              [
                80.04930877685558,
                12.363195419311637
              ],
              [
                80.04792022705084,
                12.363195419311637
              ],
              [
                80.04792022705084,
                12.363471031189135
              ],
              [
                80.04763793945341,
                12.363471031189135
              ],
              [
                80.04763793945341,
                12.363752365112589
              ],
              [
                80.04708099365229,
                12.363752365112589
              ],
              [
                80.04708099365229,
                12.364031791687239
              ],
              [
                80.04651641845703,
                12.364031791687239
              ],
              [
                80.04651641845703,
                12.363752365112589
              ],
              [
                80.0442962646485,
                12.363752365112589
              ],
              [
                80.0442962646485,
                12.363471031189135
              ],
              [
                80.04402923583979,
                12.363471031189135
              ],
              [
                80.04402923583979,
                12.363195419311637
              ],
              [
                80.04347229003923,
                12.363195419311637
              ],
              [
                80.04347229003923,
                12.362916946411246
              ],
              [
                80.043197631836,
                12.362919807434139
              ],
              [
                80.043197631836,
                12.362629890441838
              ],
              [
                80.04291534423845,
                12.362639427185343
              ],
              [
                80.04291534423845,
                12.362360954284782
              ],
              [
                80.04264068603544,
                12.362360954284782
              ],
              [
                80.04264068603544,
                12.362080574035815
              ],
              [
                80.04235839843767,
                12.362083435058878
              ],
              [
                80.04235839843767,
                12.361527442932186
              ],
              [
                80.04264068603544,
                12.361529350280989
              ],
              [
                80.04264068603544,
                12.360971450805721
              ],
              [
                80.04291534423845,
                12.360973358154524
              ],
              [
                80.04291534423845,
                12.360417366027832
              ],
              [
                80.043197631836,
                12.360419273376635
              ],
              [
                80.043197631836,
                12.359861373901367
              ],
              [
                80.04347229003923,
                12.359861373901367
              ],
              [
                80.04347229003923,
                12.359305381774902
              ],
              [
                80.04374694824224,
                12.359310150146541
              ],
              [
                80.04374694824224,
                12.359031677246378
              ],
              [
                80.04402923583979,
                12.359031677246378
              ],
              [
                80.04402923583979,
                12.358470916748047
              ],
              [
                80.04430389404303,
                12.358470916748047
              ],
              [
                80.04430389404303,
                12.358195304870549
              ],
              [
                80.04402923583979,
                12.358195304870549
              ],
              [
                80.04402923583979,
                12.357916831970158
              ],
              [
                80.04374694824224,
                12.357921600342024
              ],
              [
                80.04374694824224,
                12.35764122009283
              ],
              [
                80.043197631836,
                12.35764122009283
              ],
              [
                80.043197631836,
                12.357360839843693
              ],
              [
                80.04292297363298,
                12.357360839843693
              ],
              [
                80.04292297363298,
                12.357081413269213
              ],
              [
                80.04264068603544,
                12.35708332061779
              ],
              [
                80.04264068603544,
                12.356804847717399
              ],
              [
                80.04235839843767,
                12.356821060180778
              ],
              [
                80.04235839843767,
                12.356531143188477
              ],
              [
                80.04209136962919,
                12.356531143188477
              ],
              [
                80.04209136962919,
                12.355690002441406
              ],
              [
                80.04235839843767,
                12.355694770813045
              ],
              [
                80.04235839843767,
                12.355417251587141
              ],
              [
                80.04264068603544,
                12.355421066284123
              ],
              [
                80.04264068603544,
                12.354861259460506
              ],
              [
                80.04235839843767,
                12.354861259460506
              ],
              [
                80.04235839843767,
                12.354582786560286
              ],
              [
                80.04208374023466,
                12.354582786560286
              ],
              [
                80.04208374023466,
                12.354305267334212
              ],
              [
                80.0418090820313,
                12.354310989380167
              ],
              [
                80.0418090820313,
                12.354030609130803
              ],
              [
                80.04070281982428,
                12.354030609130803
              ],
              [
                80.04070281982428,
                12.353751182556152
              ],
              [
                80.04041290283203,
                12.353751182556152
              ],
              [
                80.04041290283203,
                12.35319042205839
              ],
              [
                80.04013824462896,
                12.353195190429858
              ],
              [
                80.04013824462896,
                12.352916717529297
              ],
              [
                80.03958129882824,
                12.35292053222662
              ],
              [
                80.03958129882824,
                12.35264110565197
              ],
              [
                80.0390167236331,
                12.35264110565197
              ],
              [
                80.0390167236331,
                12.35292053222662
              ],
              [
                80.03847503662138,
                12.352916717529297
              ],
              [
                80.03847503662138,
                12.353195190429858
              ],
              [
                80.0381927490235,
                12.353195190429858
              ],
              [
                80.0381927490235,
                12.353472709655762
              ],
              [
                80.03763580322271,
                12.353461265564022
              ],
              [
                80.03763580322271,
                12.353751182556152
              ],
              [
                80.03736114501953,
                12.353751182556152
              ],
              [
                80.03736114501953,
                12.35319042205839
              ],
              [
                80.03708648681646,
                12.353195190429858
              ],
              [
                80.03708648681646,
                12.352639198303393
              ],
              [
                80.03679656982439,
                12.35264110565197
              ],
              [
                80.03679656982439,
                12.352080345154036
              ],
              [
                80.03652954101574,
                12.352082252502441
              ],
              [
                80.03652954101574,
                12.351806640625114
              ],
              [
                80.0359573364259,
                12.351811408996582
              ],
              [
                80.0359573364259,
                12.351531028747786
              ],
              [
                80.03569793701172,
                12.351531028747786
              ],
              [
                80.03569793701172,
                12.351250648498649
              ],
              [
                80.035140991211,
                12.351250648498649
              ],
              [
                80.035140991211,
                12.350970268249682
              ],
              [
                80.03375244140642,
                12.350970268249682
              ],
              [
                80.03375244140642,
                12.351250648498649
              ],
              [
                80.03263854980486,
                12.351250648498649
              ],
              [
                80.03263854980486,
                12.350970268249682
              ],
              [
                80.03208160400396,
                12.350972175598258
              ],
              [
                80.03208160400396,
                12.350416183471793
              ],
              [
                80.03180694580107,
                12.350420951843262
              ],
              [
                80.03180694580107,
                12.350140571594295
              ],
              [
                80.03151702880865,
                12.350140571594295
              ],
              [
                80.03151702880865,
                12.349860191345499
              ],
              [
                80.03125,
                12.349860191345499
              ],
              [
                80.03125,
                12.349304199219034
              ],
              [
                80.03069305419939,
                12.349310874939079
              ],
              [
                80.03069305419939,
                12.349031448364201
              ],
              [
                80.03015136718767,
                12.349031448364201
              ],
              [
                80.03015136718767,
                12.348750114441145
              ],
              [
                80.0298614501956,
                12.348750114441145
              ],
              [
                80.0298614501956,
                12.347921371460245
              ],
              [
                80.02958679199236,
                12.347921371460245
              ],
              [
                80.02958679199236,
                12.347648620605412
              ],
              [
                80.02929687500028,
                12.347648620605412
              ],
              [
                80.02929687500028,
                12.347359657287825
              ],
              [
                80.02902984619146,
                12.34736156463623
              ],
              [
                80.02902984619146,
                12.347082138061523
              ],
              [
                80.02764129638689,
                12.347082138061523
              ],
              [
                80.02764129638689,
                12.346805572509936
              ],
              [
                80.02678680419928,
                12.346811294555891
              ],
              [
                80.02678680419928,
                12.346529960632438
              ],
              [
                80.02485656738287,
                12.346529960632438
              ],
              [
                80.02485656738287,
                12.345140457153377
              ],
              [
                80.02458190917969,
                12.345140457153377
              ],
              [
                80.02458190917969,
                12.344861984252987
              ],
              [
                80.0226364135745,
                12.344861984252987
              ],
              [
                80.0226364135745,
                12.344030380249023
              ],
              [
                80.02291870117188,
                12.344030380249023
              ],
              [
                80.02291870117188,
                12.34375
              ],
              [
                80.02319335937528,
                12.34375
              ],
              [
                80.02319335937528,
                12.343189239501953
              ],
              [
                80.02347564697283,
                12.343194007873763
              ],
              [
                80.02347564697283,
                12.342362403869629
              ],
              [
                80.02319335937528,
                12.342362403869629
              ],
              [
                80.02319335937528,
                12.342083930969238
              ],
              [
                80.0204162597658,
                12.342083930969238
              ],
              [
                80.0204162597658,
                12.341806411743164
              ],
              [
                80.01930236816412,
                12.341810226440487
              ],
              [
                80.01930236816412,
                12.341521263122502
              ],
              [
                80.01902770996122,
                12.341527938842773
              ],
              [
                80.01902770996122,
                12.340971946716309
              ],
              [
                80.0184707641601,
                12.340971946716309
              ],
              [
                80.0184707641601,
                12.340694427490405
              ],
              [
                80.0173645019533,
                12.340694427490405
              ],
              [
                80.0173645019533,
                12.34041786193859
              ],
              [
                80.01708221435575,
                12.340419769287166
              ],
              [
                80.01708221435575,
                12.339580535888672
              ],
              [
                80.0173645019533,
                12.339584350586222
              ],
              [
                80.0173645019533,
                12.33930587768566
              ],
              [
                80.0176391601563,
                12.339309692382812
              ],
              [
                80.0176391601563,
                12.339030265808162
              ],
              [
                80.0206909179688,
                12.339030265808162
              ],
              [
                80.0206909179688,
                12.338751792907942
              ],
              [
                80.02098083496111,
                12.338751792907942
              ],
              [
                80.02098083496111,
                12.338459968566895
              ],
              [
                80.02014160156278,
                12.338471412658805
              ],
              [
                80.02014160156278,
                12.338195800781307
              ],
              [
                80.01819610595709,
                12.338195800781307
              ],
              [
                80.01819610595709,
                12.33791542053251
              ],
              [
                80.0176391601563,
                12.337920188903809
              ],
              [
                80.0176391601563,
                12.337080955505655
              ],
              [
                80.01791381835955,
                12.337082862854231
              ],
              [
                80.01791381835955,
                12.336805343628157
              ],
              [
                80.01875305175787,
                12.336810111999625
              ],
              [
                80.01875305175787,
                12.336529731750659
              ],
              [
                80.0184707641601,
                12.336529731750659
              ],
              [
                80.0184707641601,
                12.335970878601302
              ],
              [
                80.01819610595709,
                12.335970878601302
              ],
              [
                80.01819610595709,
                12.335695266723803
              ],
              [
                80.01791381835955,
                12.335695266723803
              ],
              [
                80.01791381835955,
                12.334583282470646
              ],
              [
                80.0176391601563,
                12.334583282470646
              ],
              [
                80.0176391601563,
                12.33374881744379
              ],
              [
                80.01735687255876,
                12.333750724792594
              ],
              [
                80.01735687255876,
                12.33319091796875
              ],
              [
                80.01708221435575,
                12.3331947326663
              ],
              [
                80.01708221435575,
                12.332917213439998
              ],
              [
                80.01680755615251,
                12.332921981811694
              ],
              [
                80.01680755615251,
                12.332080841064567
              ],
              [
                80.01708221435575,
                12.332082748413143
              ],
              [
                80.01708221435575,
                12.331805229187069
              ],
              [
                80.01735687255876,
                12.33181190490751
              ],
              [
                80.01735687255876,
                12.330968856811637
              ],
              [
                80.01708221435575,
                12.330972671508789
              ],
              [
                80.01708221435575,
                12.330695152282715
              ],
              [
                80.01597595214872,
                12.330695152282715
              ],
              [
                80.01597595214872,
                12.330416679382324
              ],
              [
                80.01513671875006,
                12.33042240142828
              ],
              [
                80.01513671875006,
                12.330141067504826
              ],
              [
                80.0143127441408,
                12.330141067504826
              ],
              [
                80.0143127441408,
                12.32986068725586
              ],
              [
                80.01403045654325,
                12.32986068725586
              ],
              [
                80.01403045654325,
                12.32958126068138
              ],
              [
                80.01347351074247,
                12.329583168029785
              ],
              [
                80.01347351074247,
                12.329304695129395
              ],
              [
                80.01319122314453,
                12.329309463501033
              ],
              [
                80.01319122314453,
                12.329030990600643
              ],
              [
                80.01291656494169,
                12.329030990600643
              ],
              [
                80.01291656494169,
                12.328750610351506
              ],
              [
                80.01235961914057,
                12.328750610351506
              ],
              [
                80.01235961914057,
                12.328471183777026
              ],
              [
                80.01208496093756,
                12.328473091125602
              ],
              [
                80.01208496093756,
                12.328194618225211
              ],
              [
                80.01041412353544,
                12.328194618225211
              ],
              [
                80.01041412353544,
                12.327082633972282
              ],
              [
                80.01097106933605,
                12.327082633972282
              ],
              [
                80.01097106933605,
                12.327361106872672
              ],
              [
                80.01125335693376,
                12.327361106872672
              ],
              [
                80.01125335693376,
                12.327640533447322
              ],
              [
                80.01207733154303,
                12.327640533447322
              ],
              [
                80.01207733154303,
                12.327361106872672
              ],
              [
                80.01235961914057,
                12.327361106872672
              ],
              [
                80.01235961914057,
                12.327082633972282
              ],
              [
                80.01264190673834,
                12.327082633972282
              ],
              [
                80.01264190673834,
                12.326805114746378
              ],
              [
                80.01291656494169,
                12.326810836791935
              ],
              [
                80.01291656494169,
                12.326251029968319
              ],
              [
                80.01319122314453,
                12.326251029968319
              ],
              [
                80.01319122314453,
                12.325969696045036
              ],
              [
                80.01347351074247,
                12.325972557068098
              ],
              [
                80.01347351074247,
                12.32291603088396
              ],
              [
                80.01374816894548,
                12.322920799255598
              ],
              [
                80.01374816894548,
                12.322641372680721
              ],
              [
                80.0143127441408,
                12.322641372680721
              ],
              [
                80.0143127441408,
                12.322920799255598
              ],
              [
                80.01457977294928,
                12.32291603088396
              ],
              [
                80.01457977294928,
                12.323193550109863
              ],
              [
                80.01484680175776,
                12.323189735412654
              ],
              [
                80.01484680175776,
                12.324030876159782
              ],
              [
                80.0154190063476,
                12.324030876159782
              ],
              [
                80.0154190063476,
                12.324311256408919
              ],
              [
                80.01569366455084,
                12.324307441711369
              ],
              [
                80.01569366455084,
                12.324582099914608
              ],
              [
                80.01597595214872,
                12.324582099914608
              ],
              [
                80.01597595214872,
                12.324859619140852
              ],
              [
                80.01625061035162,
                12.324859619140852
              ],
              [
                80.01625061035162,
                12.325140953063965
              ],
              [
                80.0165328979495,
                12.325140953063965
              ],
              [
                80.0165328979495,
                12.325421333313102
              ],
              [
                80.01708221435575,
                12.325416564941463
              ],
              [
                80.01708221435575,
                12.325695037842024
              ],
              [
                80.0176391601563,
                12.325695037842024
              ],
              [
                80.0176391601563,
                12.325972557068098
              ],
              [
                80.01821136474615,
                12.325969696045036
              ],
              [
                80.01821136474615,
                12.326251029968319
              ],
              [
                80.01930236816412,
                12.326251029968319
              ],
              [
                80.01930236816412,
                12.3265256881715
              ],
              [
                80.01957702636747,
                12.326521873474348
              ],
              [
                80.01957702636747,
                12.326810836791935
              ],
              [
                80.01985931396501,
                12.326805114746378
              ],
              [
                80.01985931396501,
                12.327082633972282
              ],
              [
                80.02014160156278,
                12.327082633972282
              ],
              [
                80.02014160156278,
                12.327361106872672
              ],
              [
                80.0204162597658,
                12.327361106872672
              ],
              [
                80.0204162597658,
                12.327640533447322
              ],
              [
                80.0206909179688,
                12.327640533447322
              ],
              [
                80.0206909179688,
                12.327920913696289
              ],
              [
                80.02097320556658,
                12.327917098999137
              ],
              [
                80.02097320556658,
                12.328473091125602
              ],
              [
                80.02124786376959,
                12.328471183777026
              ],
              [
                80.02124786376959,
                12.328750610351506
              ],
              [
                80.02208709716791,
                12.328750610351506
              ],
              [
                80.02208709716791,
                12.329030990600643
              ],
              [
                80.0226364135745,
                12.329030990600643
              ],
              [
                80.0226364135745,
                12.329309463501033
              ],
              [
                80.02291870117188,
                12.329304695129395
              ],
              [
                80.02291870117188,
                12.329583168029785
              ],
              [
                80.02319335937528,
                12.32958126068138
              ],
              [
                80.02319335937528,
                12.330141067504826
              ],
              [
                80.02348327636736,
                12.330141067504826
              ],
              [
                80.02348327636736,
                12.33042240142828
              ],
              [
                80.0237503051759,
                12.330416679382324
              ],
              [
                80.0237503051759,
                12.330695152282715
              ],
              [
                80.02402496337908,
                12.330695152282715
              ],
              [
                80.02402496337908,
                12.330970764160213
              ],
              [
                80.02430725097662,
                12.330968856811637
              ],
              [
                80.02430725097662,
                12.33125114440918
              ],
              [
                80.02458190917969,
                12.33125114440918
              ],
              [
                80.02458190917969,
                12.331530570983887
              ],
              [
                80.02485656738287,
                12.331530570983887
              ],
              [
                80.02485656738287,
                12.33181190490751
              ],
              [
                80.02513885498041,
                12.331805229187069
              ],
              [
                80.02513885498041,
                12.332082748413143
              ],
              [
                80.02541351318365,
                12.332082748413143
              ],
              [
                80.02541351318365,
                12.332361221313533
              ],
              [
                80.02597045898438,
                12.332361221313533
              ],
              [
                80.02597045898438,
                12.332651138305664
              ],
              [
                80.02625274658232,
                12.332651138305664
              ],
              [
                80.02625274658232,
                12.332921981811694
              ],
              [
                80.02652740478533,
                12.332917213439998
              ],
              [
                80.02652740478533,
                12.3331947326663
              ],
              [
                80.02678680419928,
                12.33319091796875
              ],
              [
                80.02678680419928,
                12.333750724792594
              ],
              [
                80.02707672119158,
                12.333750724792594
              ],
              [
                80.02707672119158,
                12.334309577941951
              ],
              [
                80.0279159545899,
                12.334304809570483
              ],
              [
                80.0279159545899,
                12.334583282470646
              ],
              [
                80.02847290039068,
                12.334583282470646
              ],
              [
                80.02847290039068,
                12.334304809570483
              ],
              [
                80.03013610839861,
                12.334304809570483
              ],
              [
                80.03013610839861,
                12.334583282470646
              ],
              [
                80.03069305419939,
                12.334583282470646
              ],
              [
                80.03069305419939,
                12.334860801696948
              ],
              [
                80.03151702880865,
                12.334858894348145
              ],
              [
                80.03151702880865,
                12.335139274597338
              ],
              [
                80.03208160400396,
                12.335139274597338
              ],
              [
                80.03208160400396,
                12.335419654846305
              ],
              [
                80.03236389160185,
                12.335416793823242
              ],
              [
                80.03236389160185,
                12.335695266723803
              ],
              [
                80.03263854980486,
                12.335695266723803
              ],
              [
                80.03263854980486,
                12.335970878601302
              ],
              [
                80.0329132080081,
                12.335970878601302
              ],
              [
                80.0329132080081,
                12.336249351501692
              ],
              [
                80.03402709960943,
                12.336249351501692
              ],
              [
                80.03402709960943,
                12.336529731750659
              ],
              [
                80.03542327880888,
                12.336529731750659
              ],
              [
                80.03542327880888,
                12.336810111999625
              ],
              [
                80.03569793701172,
                12.336805343628157
              ],
              [
                80.03569793701172,
                12.337082862854231
              ],
              [
                80.0359573364259,
                12.337080955505655
              ],
              [
                80.0359573364259,
                12.337641716003418
              ],
              [
                80.03708648681646,
                12.337641716003418
              ],
              [
                80.03708648681646,
                12.337920188903809
              ],
              [
                80.03791809082026,
                12.337920188903809
              ],
              [
                80.03791809082026,
                12.337641716003418
              ],
              [
                80.03848266601591,
                12.337641716003418
              ],
              [
                80.03848266601591,
                12.337920188903809
              ],
              [
                80.03930664062517,
                12.337920188903809
              ],
              [
                80.03930664062517,
                12.337641716003418
              ],
              [
                80.03958129882824,
                12.337641716003418
              ],
              [
                80.03958129882824,
                12.337361335754451
              ],
              [
                80.04096984863276,
                12.337361335754451
              ],
              [
                80.04096984863276,
                12.337082862854231
              ],
              [
                80.04152679443388,
                12.337082862854231
              ],
              [
                80.04152679443388,
                12.336805343628157
              ],
              [
                80.0418090820313,
                12.336810111999625
              ],
              [
                80.0418090820313,
                12.336529731750659
              ],
              [
                80.04515075683622,
                12.336529731750659
              ],
              [
                80.04515075683622,
                12.336810111999625
              ],
              [
                80.0454177856447,
                12.336805343628157
              ],
              [
                80.0454177856447,
                12.337082862854231
              ],
              [
                80.04569244384794,
                12.337082862854231
              ],
              [
                80.04569244384794,
                12.337361335754451
              ],
              [
                80.04596710205095,
                12.337361335754451
              ],
              [
                80.04596710205095,
                12.337920188903809
              ],
              [
                80.0462493896485,
                12.33791542053251
              ],
              [
                80.0462493896485,
                12.338195800781307
              ],
              [
                80.04652404785173,
                12.338195800781307
              ],
              [
                80.04652404785173,
                12.338471412658805
              ],
              [
                80.04680633544928,
                12.338459968566895
              ],
              [
                80.04680633544928,
                12.338751792907942
              ],
              [
                80.04708099365229,
                12.338751792907942
              ],
              [
                80.04708099365229,
                12.339309692382812
              ],
              [
                80.04736328125006,
                12.33930587768566
              ],
              [
                80.04736328125006,
                12.339584350586222
              ],
              [
                80.04763793945341,
                12.339580535888672
              ],
              [
                80.04763793945341,
                12.339861869812125
              ],
              [
                80.04792022705084,
                12.339861869812125
              ],
              [
                80.04792022705084,
                12.340419769287166
              ],
              [
                80.04819488525419,
                12.34041786193859
              ],
              [
                80.04819488525419,
                12.340694427490405
              ],
              [
                80.0484695434572,
                12.340694427490405
              ],
              [
                80.0484695434572,
                12.340971946716309
              ],
              [
                80.04875183105497,
                12.340971946716309
              ],
              [
                80.04875183105497,
                12.34125041961687
              ],
              [
                80.04902648925798,
                12.34125041961687
              ],
              [
                80.04902648925798,
                12.341810226440487
              ],
              [
                80.04930877685558,
                12.341806411743164
              ],
              [
                80.04930877685558,
                12.342362403869629
              ],
              [
                80.04957580566423,
                12.342359542846907
              ],
              [
                80.04957580566423,
                12.34292030334467
              ],
              [
                80.04985809326178,
                12.342915534973201
              ],
              [
                80.04985809326178,
                12.343194007873763
              ],
              [
                80.05014038085938,
                12.343194007873763
              ],
              [
                80.05014038085938,
                12.343471527099666
              ],
              [
                80.05042266845709,
                12.34346961975109
              ],
              [
                80.05042266845709,
                12.34375
              ],
              [
                80.0506973266601,
                12.34375
              ],
              [
                80.0506973266601,
                12.344312667846793
              ],
              [
                80.05095672607422,
                12.344312667846793
              ],
              [
                80.05095672607422,
                12.344591140747355
              ],
              [
                80.05124664306669,
                12.344591140747355
              ],
              [
                80.05124664306669,
                12.345140457153377
              ],
              [
                80.05152893066406,
                12.345140457153377
              ],
              [
                80.05152893066406,
                12.345422744751147
              ],
              [
                80.05208587646501,
                12.345416069030705
              ],
              [
                80.05208587646501,
                12.345693588256779
              ],
              [
                80.05236053466808,
                12.345693588256779
              ],
              [
                80.05236053466808,
                12.34597206115717
              ],
              [
                80.0526428222658,
                12.345970153808594
              ],
              [
                80.0526428222658,
                12.346529960632438
              ],
              [
                80.0529174804688,
                12.346529960632438
              ],
              [
                80.0529174804688,
                12.346811294555891
              ],
              [
                80.05319213867188,
                12.346805572509936
              ],
              [
                80.05319213867188,
                12.347082138061523
              ],
              [
                80.05346679687506,
                12.347080230713118
              ],
              [
                80.05347442626959,
                12.347359657287825
              ],
              [
                80.05403137207037,
                12.347359657287825
              ],
              [
                80.05403137207037,
                12.347648620605412
              ],
              [
                80.05430603027372,
                12.347648620605412
              ],
              [
                80.05430603027372,
                12.347921371460245
              ],
              [
                80.0548629760745,
                12.34791564941429
              ],
              [
                80.0548629760745,
                12.348471641540584
              ],
              [
                80.05513763427751,
                12.348469734192179
              ],
              [
                80.05513763427751,
                12.348750114441145
              ],
              [
                80.05541992187528,
                12.348750114441145
              ],
              [
                80.05541992187528,
                12.349031448364201
              ],
              [
                80.0559692382813,
                12.349031448364201
              ],
              [
                80.0559692382813,
                12.349310874939079
              ],
              [
                80.05625152587908,
                12.349304199219034
              ],
              [
                80.05625152587908,
                12.349583625793684
              ],
              [
                80.05680847167963,
                12.349583625793684
              ],
              [
                80.05680847167963,
                12.349860191345499
              ],
              [
                80.0570907592774,
                12.349860191345499
              ],
              [
                80.0570907592774,
                12.350140571594295
              ],
              [
                80.05735778808622,
                12.350140571594295
              ],
              [
                80.05735778808622,
                12.350420951843262
              ],
              [
                80.05764007568365,
                12.350416183471793
              ],
              [
                80.05764007568365,
                12.350693702697868
              ],
              [
                80.057914733887,
                12.350693702697868
              ],
              [
                80.057914733887,
                12.350972175598258
              ],
              [
                80.05959320068365,
                12.350970268249682
              ],
              [
                80.05959320068365,
                12.351250648498649
              ],
              [
                80.05986022949213,
                12.351250648498649
              ],
              [
                80.05986022949213,
                12.351531028747786
              ],
              [
                80.06041717529325,
                12.351531028747786
              ],
              [
                80.06041717529325,
                12.351811408996582
              ],
              [
                80.06069183349615,
                12.351806640625114
              ],
              [
                80.06069183349615,
                12.352082252502441
              ],
              [
                80.0609664916995,
                12.352080345154036
              ],
              [
                80.0609664916995,
                12.352359771728516
              ],
              [
                80.06181335449236,
                12.352359771728516
              ],
              [
                80.06180572509783,
                12.352082252502441
              ],
              [
                80.06208038330084,
                12.352082252502441
              ],
              [
                80.06208038330084,
                12.351806640625114
              ],
              [
                80.06236267089861,
                12.351811408996582
              ],
              [
                80.06236267089861,
                12.351531028747786
              ],
              [
                80.06291961669922,
                12.351531028747786
              ],
              [
                80.06291961669922,
                12.351250648498649
              ],
              [
                80.06318664550787,
                12.351250648498649
              ],
              [
                80.06318664550787,
                12.350691795349292
              ],
              [
                80.06291961669922,
                12.350693702697868
              ],
              [
                80.06291961669922,
                12.350137710571403
              ],
              [
                80.06263732910162,
                12.350140571594295
              ],
              [
                80.06263732910162,
                12.349860191345499
              ],
              [
                80.06236267089861,
                12.349860191345499
              ],
              [
                80.06236267089861,
                12.349304199219034
              ],
              [
                80.06208038330084,
                12.349310874939079
              ],
              [
                80.06208038330084,
                12.348750114441145
              ],
              [
                80.0609664916995,
                12.348750114441145
              ],
              [
                80.0609664916995,
                12.348469734192179
              ],
              [
                80.06041717529325,
                12.348471641540584
              ],
              [
                80.06041717529325,
                12.34819412231468
              ],
              [
                80.0601425170899,
                12.34819412231468
              ],
              [
                80.0601425170899,
                12.34791564941429
              ],
              [
                80.05986022949213,
                12.347921371460245
              ],
              [
                80.05986022949213,
                12.347648620605412
              ],
              [
                80.05930328369158,
                12.347648620605412
              ],
              [
                80.05930328369158,
                12.347359657287825
              ],
              [
                80.0587463378908,
                12.34736156463623
              ],
              [
                80.0587463378908,
                12.347082138061523
              ],
              [
                80.05847167968778,
                12.347082138061523
              ],
              [
                80.05847167968778,
                12.346528053283635
              ],
              [
                80.05819702148455,
                12.346529960632438
              ],
              [
                80.05819702148455,
                12.346249580383471
              ],
              [
                80.05790710449247,
                12.346249580383471
              ],
              [
                80.05790710449247,
                12.345691680908203
              ],
              [
                80.05764007568365,
                12.345693588256779
              ],
              [
                80.05764007568365,
                12.345137596130314
              ],
              [
                80.05735778808622,
                12.345140457153377
              ],
              [
                80.05735778808622,
                12.34346961975109
              ],
              [
                80.05708312988287,
                12.343471527099666
              ],
              [
                80.05708312988287,
                12.343194007873763
              ],
              [
                80.05735778808622,
                12.343194007873763
              ],
              [
                80.05735778808622,
                12.342915534973201
              ],
              [
                80.0570907592774,
                12.34292030334467
              ],
              [
                80.0570907592774,
                12.342082023620662
              ],
              [
                80.05680847167963,
                12.342083930969238
              ],
              [
                80.05680847167963,
                12.34125041961687
              ],
              [
                80.05652618408209,
                12.34125041961687
              ],
              [
                80.05652618408209,
                12.340140342712516
              ],
              [
                80.05625152587908,
                12.340140342712516
              ],
              [
                80.05625152587908,
                12.339580535888672
              ],
              [
                80.0559692382813,
                12.339584350586222
              ],
              [
                80.0559692382813,
                12.33930587768566
              ],
              [
                80.05568695068376,
                12.339309692382812
              ],
              [
                80.05568695068376,
                12.339030265808162
              ],
              [
                80.05541992187528,
                12.339030265808162
              ],
              [
                80.05541992187528,
                12.338459968566895
              ],
              [
                80.05513763427751,
                12.338471412658805
              ],
              [
                80.05513763427751,
                12.337361335754451
              ],
              [
                80.0548629760745,
                12.337361335754451
              ],
              [
                80.0548629760745,
                12.337082862854231
              ],
              [
                80.05458068847656,
                12.337082862854231
              ],
              [
                80.05458068847656,
                12.336526870727596
              ],
              [
                80.05430603027372,
                12.336529731750659
              ],
              [
                80.05430603027372,
                12.335691452026424
              ],
              [
                80.05403137207037,
                12.335695266723803
              ],
              [
                80.05403137207037,
                12.335139274597338
              ],
              [
                80.0537490844726,
                12.335139274597338
              ],
              [
                80.0537490844726,
                12.334858894348145
              ],
              [
                80.05347442626959,
                12.334860801696948
              ],
              [
                80.05347442626959,
                12.334304809570483
              ],
              [
                80.05319213867188,
                12.334309577941951
              ],
              [
                80.05319213867188,
                12.334029197693155
              ],
              [
                80.0529174804688,
                12.334029197693155
              ],
              [
                80.0529174804688,
                12.333750724792594
              ],
              [
                80.0526428222658,
                12.333750724792594
              ],
              [
                80.0526428222658,
                12.333471298217717
              ],
              [
                80.05236053466808,
                12.33347320556669
              ],
              [
                80.05236053466808,
                12.3331947326663
              ],
              [
                80.05208587646501,
                12.3331947326663
              ],
              [
                80.05208587646501,
                12.332917213439998
              ],
              [
                80.05179595947294,
                12.332921981811694
              ],
              [
                80.05179595947294,
                12.332361221313533
              ],
              [
                80.05152893066406,
                12.332361221313533
              ],
              [
                80.05152893066406,
                12.331526756286678
              ],
              [
                80.05124664306669,
                12.331530570983887
              ],
              [
                80.05124664306669,
                12.331200599670467
              ],
              [
                80.05124664306669,
                12.330972671508789
              ],
              [
                80.05097198486334,
                12.330972671508789
              ],
              [
                80.05097198486334,
                12.330849647522086
              ],
              [
                80.05097198486334,
                12.330695152282715
              ],
              [
                80.05084991455107,
                12.330695152282715
              ],
              [
                80.0506973266601,
                12.330695152282715
              ],
              [
                80.0506973266601,
                12.330416679382324
              ],
              [
                80.05042266845709,
                12.33042240142828
              ],
              [
                80.05042266845709,
                12.330141067504826
              ],
              [
                80.05014038085938,
                12.330141067504826
              ],
              [
                80.05014038085938,
                12.329780578613281
              ],
              [
                80.05014038085938,
                12.329583168029785
              ],
              [
                80.04998779296892,
                12.329583168029785
              ],
              [
                80.04985809326178,
                12.329583168029785
              ],
              [
                80.04985809326178,
                12.329421043396053
              ],
              [
                80.04985809326178,
                12.329304695129395
              ],
              [
                80.04957580566423,
                12.329309463501033
              ],
              [
                80.04957580566423,
                12.329070091247843
              ],
              [
                80.04958343505876,
                12.32874870300293
              ],
              [
                80.04930877685558,
                12.32874870300293
              ],
              [
                80.04930877685558,
                12.328473091125602
              ],
              [
                80.04902648925798,
                12.328473091125602
              ],
              [
                80.04902648925798,
                12.328351974487475
              ],
              [
                80.04902648925798,
                12.328194618225211
              ],
              [
                80.04889678955084,
                12.328194618225211
              ],
              [
                80.04875183105497,
                12.328194618225211
              ],
              [
                80.0486907958985,
                12.327920913696289
              ],
              [
                80.0484695434572,
                12.327920913696289
              ],
              [
                80.0484695434572,
                12.327640533447322
              ],
              [
                80.04818725585966,
                12.327640533447322
              ],
              [
                80.04819488525419,
                12.327280998230094
              ],
              [
                80.04819488525419,
                12.327082633972282
              ],
              [
                80.04804229736328,
                12.327082633972282
              ],
              [
                80.04792022705084,
                12.327082633972282
              ],
              [
                80.04792022705084,
                12.326930046081486
              ],
              [
                80.04792022705084,
                12.3265256881715
              ],
              [
                80.04819488525419,
                12.3265256881715
              ],
              [
                80.04819488525419,
                12.325138092041243
              ],
              [
                80.04736328125006,
                12.325140953063965
              ],
              [
                80.04736328125006,
                12.324859619140852
              ],
              [
                80.04708099365229,
                12.324859619140852
              ],
              [
                80.04708099365229,
                12.324307441711369
              ],
              [
                80.04680633544928,
                12.324311256408919
              ],
              [
                80.04680633544928,
                12.323749542236328
              ],
              [
                80.04651641845703,
                12.323749542236328
              ],
              [
                80.04651641845703,
                12.323460578918514
              ],
              [
                80.0462493896485,
                12.323472023010254
              ],
              [
                80.0462493896485,
                12.323193550109863
              ],
              [
                80.04569244384794,
                12.323193550109863
              ],
              [
                80.04569244384794,
                12.322637557983398
              ],
              [
                80.0454177856447,
                12.322641372680721
              ],
              [
                80.0454177856447,
                12.322360038757495
              ],
              [
                80.04513549804716,
                12.322360038757495
              ],
              [
                80.04513549804716,
                12.321805953979606
              ],
              [
                80.0448608398438,
                12.321810722351074
              ],
              [
                80.0448608398438,
                12.320969581603947
              ],
              [
                80.04458618164091,
                12.32097244262701
              ],
              [
                80.04458618164091,
                12.320693969726847
              ],
              [
                80.04402923583979,
                12.320690155029297
              ],
              [
                80.04402923583979,
                12.320416450500545
              ],
              [
                80.04374694824224,
                12.320421218872013
              ],
              [
                80.04374694824224,
                12.32014274597185
              ],
              [
                80.04347229003923,
                12.32014274597185
              ],
              [
                80.04347229003923,
                12.31958198547369
              ],
              [
                80.043197631836,
                12.31958198547369
              ],
              [
                80.043197631836,
                12.319306373596191
              ],
              [
                80.04292297363298,
                12.319311141968058
              ],
              [
                80.04292297363298,
                12.319032669067667
              ],
              [
                80.04264068603544,
                12.319032669067667
              ],
              [
                80.04264068603544,
                12.318471908569336
              ],
              [
                80.04235839843767,
                12.318471908569336
              ],
              [
                80.04235839843767,
                12.318194389343262
              ],
              [
                80.04208374023466,
                12.318194389343262
              ],
              [
                80.04208374023466,
                12.317640304565373
              ],
              [
                80.0418090820313,
                12.317640304565373
              ],
              [
                80.0418090820313,
                12.317078590393123
              ],
              [
                80.04152679443388,
                12.317084312439079
              ],
              [
                80.04152679443388,
                12.316528320312614
              ],
              [
                80.04125213623053,
                12.31653022766119
              ],
              [
                80.04125213623053,
                12.315970420837573
              ],
              [
                80.04096984863276,
                12.315972328186149
              ],
              [
                80.04096984863276,
                12.315416336059684
              ],
              [
                80.04070281982428,
                12.315420150756836
              ],
              [
                80.04070281982428,
                12.31486034393339
              ],
              [
                80.04041290283203,
                12.314862251281966
              ],
              [
                80.04041290283203,
                12.31430625915533
              ],
              [
                80.04013824462896,
                12.314310073852482
              ],
              [
                80.04013824462896,
                12.313471794128475
              ],
              [
                80.04041290283203,
                12.313471794128475
              ],
              [
                80.04041290283203,
                12.313750267029036
              ],
              [
                80.04070281982428,
                12.313750267029036
              ],
              [
                80.04070281982428,
                12.314029693603516
              ],
              [
                80.04096984863276,
                12.314029693603516
              ],
              [
                80.04096984863276,
                12.314310073852482
              ],
              [
                80.04125213623053,
                12.31430625915533
              ],
              [
                80.04125213623053,
                12.314862251281966
              ],
              [
                80.04152679443388,
                12.31486034393339
              ],
              [
                80.04152679443388,
                12.31513977050787
              ],
              [
                80.0418090820313,
                12.31513977050787
              ],
              [
                80.0418090820313,
                12.315420150756836
              ],
              [
                80.04208374023466,
                12.315416336059684
              ],
              [
                80.04208374023466,
                12.315972328186149
              ],
              [
                80.04235839843767,
                12.315970420837573
              ],
              [
                80.04235839843767,
                12.316249847412223
              ],
              [
                80.04264068603544,
                12.316249847412223
              ],
              [
                80.04264068603544,
                12.316810607910156
              ],
              [
                80.04291534423845,
                12.316805839538517
              ],
              [
                80.04291534423845,
                12.317084312439079
              ],
              [
                80.043197631836,
                12.317078590393123
              ],
              [
                80.043197631836,
                12.317640304565373
              ],
              [
                80.04347229003923,
                12.317640304565373
              ],
              [
                80.04347229003923,
                12.318194389343262
              ],
              [
                80.04374694824224,
                12.318194389343262
              ],
              [
                80.04374694824224,
                12.318471908569336
              ],
              [
                80.04402923583979,
                12.318471908569336
              ],
              [
                80.04402923583979,
                12.319032669067667
              ],
              [
                80.0442962646485,
                12.319032669067667
              ],
              [
                80.0442962646485,
                12.319311141968058
              ],
              [
                80.04458618164091,
                12.319306373596191
              ],
              [
                80.04458618164091,
                12.319862365722656
              ],
              [
                80.0448608398438,
                12.31986045837408
              ],
              [
                80.0448608398438,
                12.32014274597185
              ],
              [
                80.04515075683622,
                12.32014274597185
              ],
              [
                80.04515075683622,
                12.320421218872013
              ],
              [
                80.0454177856447,
                12.320416450500545
              ],
              [
                80.0454177856447,
                12.32097244262701
              ],
              [
                80.04569244384794,
                12.320969581603947
              ],
              [
                80.04569244384794,
                12.321249961853312
              ],
              [
                80.04596710205095,
                12.321249961853312
              ],
              [
                80.04596710205095,
                12.321531295776367
              ],
              [
                80.0462493896485,
                12.321531295776367
              ],
              [
                80.0462493896485,
                12.321810722351074
              ],
              [
                80.04651641845703,
                12.321810722351074
              ],
              [
                80.04651641845703,
                12.322360038757495
              ],
              [
                80.04680633544928,
                12.322360038757495
              ],
              [
                80.04680633544928,
                12.322641372680721
              ],
              [
                80.04708099365229,
                12.322641372680721
              ],
              [
                80.04708099365229,
                12.322920799255598
              ],
              [
                80.04736328125006,
                12.32291603088396
              ],
              [
                80.04736328125006,
                12.323472023010254
              ],
              [
                80.04763793945341,
                12.323460578918514
              ],
              [
                80.04763793945341,
                12.323749542236328
              ],
              [
                80.04792022705084,
                12.323749542236328
              ],
              [
                80.04792022705084,
                12.324030876159782
              ],
              [
                80.04819488525419,
                12.324028968811206
              ],
              [
                80.04819488525419,
                12.324582099914608
              ],
              [
                80.0484695434572,
                12.324582099914608
              ],
              [
                80.0484695434572,
                12.324859619140852
              ],
              [
                80.04875183105497,
                12.324859619140852
              ],
              [
                80.04875183105497,
                12.325421333313102
              ],
              [
                80.04957580566423,
                12.325421333313102
              ],
              [
                80.04957580566423,
                12.325140953063965
              ],
              [
                80.05014038085938,
                12.325140953063965
              ],
              [
                80.05014038085938,
                12.324859619140852
              ],
              [
                80.04985809326178,
                12.324859619140852
              ],
              [
                80.04985809326178,
                12.324307441711369
              ],
              [
                80.04957580566423,
                12.324311256408919
              ],
              [
                80.04957580566423,
                12.324030876159782
              ],
              [
                80.04930877685558,
                12.324030876159782
              ],
              [
                80.04930877685558,
                12.323460578918514
              ],
              [
                80.04902648925798,
                12.323472023010254
              ],
              [
                80.04902648925798,
                12.323193550109863
              ],
              [
                80.04875183105497,
                12.323193550109863
              ],
              [
                80.04875183105497,
                12.322637557983398
              ],
              [
                80.0484695434572,
                12.322641372680721
              ],
              [
                80.0484695434572,
                12.322360038757495
              ],
              [
                80.04818725585966,
                12.322360038757495
              ],
              [
                80.04818725585966,
                12.321810722351074
              ],
              [
                80.04792022705084,
                12.321810722351074
              ],
              [
                80.04792022705084,
                12.321531295776367
              ],
              [
                80.04763793945341,
                12.321531295776367
              ],
              [
                80.04763793945341,
                12.320969581603947
              ],
              [
                80.04736328125006,
                12.32097244262701
              ],
              [
                80.04736328125006,
                12.320693969726847
              ],
              [
                80.04708099365229,
                12.320690155029297
              ],
              [
                80.04708099365229,
                12.320416450500545
              ],
              [
                80.04680633544928,
                12.320421218872013
              ],
              [
                80.04680633544928,
                12.31986045837408
              ],
              [
                80.04652404785173,
                12.319862365722656
              ],
              [
                80.04652404785173,
                12.31958198547369
              ],
              [
                80.0462493896485,
                12.31958198547369
              ],
              [
                80.0462493896485,
                12.319306373596191
              ],
              [
                80.04596710205095,
                12.319311141968058
              ],
              [
                80.04596710205095,
                12.318750381469727
              ],
              [
                80.04569244384794,
                12.318750381469727
              ],
              [
                80.04569244384794,
                12.318471908569336
              ],
              [
                80.0454177856447,
                12.318471908569336
              ],
              [
                80.0454177856447,
                12.317915916442871
              ],
              [
                80.04515075683622,
                12.31791973114025
              ],
              [
                80.04515075683622,
                12.317640304565373
              ],
              [
                80.0448608398438,
                12.317640304565373
              ],
              [
                80.0448608398438,
                12.317359924316406
              ],
              [
                80.04458618164091,
                12.317359924316406
              ],
              [
                80.04458618164091,
                12.316810607910156
              ],
              [
                80.0442962646485,
                12.316810607910156
              ],
              [
                80.0442962646485,
                12.31653022766119
              ],
              [
                80.04402923583979,
                12.31653022766119
              ],
              [
                80.04402923583979,
                12.316249847412223
              ],
              [
                80.04374694824224,
                12.316249847412223
              ],
              [
                80.04374694824224,
                12.315690994262695
              ],
              [
                80.04347229003923,
                12.315693855285758
              ],
              [
                80.04347229003923,
                12.315416336059684
              ],
              [
                80.043197631836,
                12.315420150756836
              ],
              [
                80.043197631836,
                12.31486034393339
              ],
              [
                80.04291534423845,
                12.314862251281966
              ],
              [
                80.04291534423845,
                12.314583778381575
              ],
              [
                80.04264068603544,
                12.314583778381575
              ],
              [
                80.04264068603544,
                12.31430625915533
              ],
              [
                80.04235839843767,
                12.314310073852482
              ],
              [
                80.04235839843767,
                12.313750267029036
              ],
              [
                80.04208374023466,
                12.313750267029036
              ],
              [
                80.04208374023466,
                12.313471794128475
              ],
              [
                80.0418090820313,
                12.313471794128475
              ],
              [
                80.0418090820313,
                12.313191413879679
              ],
              [
                80.04152679443388,
                12.313194274902571
              ],
              [
                80.04152679443388,
                12.312640190124682
              ],
              [
                80.04125213623053,
                12.312640190124682
              ],
              [
                80.04125213623053,
                12.3123588562014
              ],
              [
                80.04096984863276,
                12.312361717224121
              ],
              [
                80.04096984863276,
                12.311805725097827
              ],
              [
                80.04070281982428,
                12.311809539794979
              ],
              [
                80.04070281982428,
                12.311520576476994
              ],
              [
                80.04041290283203,
                12.311527252197266
              ],
              [
                80.04041290283203,
                12.311248779296875
              ],
              [
                80.04013824462896,
                12.311251640319938
              ],
              [
                80.04013824462896,
                12.310690879822005
              ],
              [
                80.03986358642595,
                12.310695648193473
              ],
              [
                80.03986358642595,
                12.310415267944506
              ],
              [
                80.03958129882824,
                12.31042194366455
              ],
              [
                80.03958129882824,
                12.309859275817814
              ],
              [
                80.03930664062517,
                12.309861183166618
              ],
              [
                80.03930664062517,
                12.309305191040323
              ],
              [
                80.0390167236331,
                12.309309959411621
              ],
              [
                80.0390167236331,
                12.309029579162825
              ],
              [
                80.03874969482422,
                12.309029579162825
              ],
              [
                80.03874969482422,
                12.308749198913858
              ],
              [
                80.03847503662138,
                12.308749198913858
              ],
              [
                80.03847503662138,
                12.308472633362044
              ],
              [
                80.0381927490235,
                12.308480262756575
              ],
              [
                80.0381927490235,
                12.30819129943859
              ],
              [
                80.03791809082026,
                12.308193206787166
              ],
              [
                80.03791809082026,
                12.307639122009505
              ],
              [
                80.03763580322271,
                12.30764198303217
              ],
              [
                80.03763580322271,
                12.307081222534237
              ],
              [
                80.03736114501953,
                12.307083129882812
              ],
              [
                80.03736114501953,
                12.30680465698265
              ],
              [
                80.03708648681646,
                12.306810379028377
              ],
              [
                80.03708648681646,
                12.306531906128214
              ],
              [
                80.03679656982439,
                12.306531906128214
              ],
              [
                80.03679656982439,
                12.30625057220476
              ],
              [
                80.03652954101574,
                12.30625057220476
              ],
              [
                80.03652954101574,
                12.305971145629883
              ],
              [
                80.03624725341814,
                12.305973052978459
              ],
              [
                80.03624725341814,
                12.305138587951603
              ],
              [
                80.03569793701172,
                12.305141448974666
              ],
              [
                80.03569793701172,
                12.304580688476562
              ],
              [
                80.03541564941435,
                12.304582595825138
              ],
              [
                80.03541564941435,
                12.304305076599235
              ],
              [
                80.035140991211,
                12.304308891296614
              ],
              [
                80.035140991211,
                12.303750991821346
              ],
              [
                80.03457641601568,
                12.303750991821346
              ],
              [
                80.03457641601568,
                12.303190231323242
              ],
              [
                80.03430175781244,
                12.303194999694881
              ],
              [
                80.03430175781244,
                12.30291652679449
              ],
              [
                80.03402709960943,
                12.302921295165959
              ],
              [
                80.03402709960943,
                12.302640914916992
              ],
              [
                80.03375244140642,
                12.302640914916992
              ],
              [
                80.03375244140642,
                12.302080154419059
              ],
              [
                80.03347015380865,
                12.302083015442122
              ],
              [
                80.03347015380865,
                12.301528930664062
              ],
              [
                80.0332107543947,
                12.301530838012638
              ],
              [
                80.0332107543947,
                12.300971031189192
              ],
              [
                80.0329132080081,
                12.300972938537598
              ],
              [
                80.0329132080081,
                12.300695419311694
              ],
              [
                80.03263854980486,
                12.300695419311694
              ],
              [
                80.03263854980486,
                12.30013942718523
              ],
              [
                80.03235626220732,
                12.300141334533805
              ],
              [
                80.03235626220732,
                12.299579620361555
              ],
              [
                80.03208160400396,
                12.299583435058537
              ],
              [
                80.03208160400396,
                12.299025535583496
              ],
              [
                80.03180694580107,
                12.299031257629622
              ],
              [
                80.03180694580107,
                12.298469543457031
              ],
              [
                80.03152465820318,
                12.298473358154581
              ],
              [
                80.03152465820318,
                12.29819488525419
              ],
              [
                80.03125,
                12.29819488525419
              ],
              [
                80.03125,
                12.297637939453239
              ],
              [
                80.03098297119146,
                12.297640800476131
              ],
              [
                80.03098297119146,
                12.29708003997797
              ],
              [
                80.03069305419939,
                12.297081947326774
              ],
              [
                80.03069305419939,
                12.296527862549055
              ],
              [
                80.03041839599615,
                12.296540260314885
              ],
              [
                80.03041839599615,
                12.296250343322981
              ],
              [
                80.03013610839861,
                12.296250343322981
              ],
              [
                80.03013610839861,
                12.295694351196516
              ],
              [
                80.0298614501956,
                12.295694351196516
              ],
              [
                80.0298614501956,
                12.295415878296126
              ],
              [
                80.02958679199236,
                12.295420646667594
              ],
              [
                80.02958679199236,
                12.294861793518066
              ],
              [
                80.02929687500028,
                12.294861793518066
              ],
              [
                80.02929687500028,
                12.294580459594954
              ],
              [
                80.02902984619146,
                12.294584274292163
              ],
              [
                80.02902984619146,
                12.29402828216547
              ],
              [
                80.02874755859403,
                12.294031143188533
              ],
              [
                80.02874755859403,
                12.293480873108024
              ],
              [
                80.02847290039068,
                12.293480873108024
              ],
              [
                80.02847290039068,
                12.293191909790039
              ],
              [
                80.02819824218744,
                12.293193817138615
              ],
              [
                80.02819061279291,
                12.29263782501215
              ],
              [
                80.0279159545899,
                12.292639732361124
              ],
              [
                80.0279159545899,
                12.292360305786246
              ],
              [
                80.02764129638689,
                12.292362213134822
              ],
              [
                80.02764129638689,
                12.291806221008358
              ],
              [
                80.02735900878912,
                12.291810989379826
              ],
              [
                80.02735900878912,
                12.29152965545677
              ],
              [
                80.02707672119158,
                12.29152965545677
              ],
              [
                80.02707672119158,
                12.290969848632926
              ],
              [
                80.0268020629884,
                12.290971755981502
              ],
              [
                80.0268020629884,
                12.290694236755598
              ],
              [
                80.02652740478533,
                12.290694236755598
              ],
              [
                80.02652740478533,
                12.290140151977539
              ],
              [
                80.02625274658232,
                12.290140151977539
              ],
              [
                80.02625274658232,
                12.289859771728743
              ],
              [
                80.02597045898438,
                12.289859771728743
              ],
              [
                80.02597045898438,
                12.289310455322322
              ],
              [
                80.02569580078153,
                12.289310455322322
              ],
              [
                80.02569580078153,
                12.289030075073185
              ],
              [
                80.02540588378912,
                12.289030075073185
              ],
              [
                80.02540588378912,
                12.288469314575423
              ],
              [
                80.02513885498041,
                12.288472175598145
              ],
              [
                80.02513885498041,
                12.288193702697754
              ],
              [
                80.0248641967774,
                12.288193702697754
              ],
              [
                80.0248641967774,
                12.287637710571289
              ],
              [
                80.02458190917969,
                12.287639617920036
              ],
              [
                80.02458190917969,
                12.287349700927962
              ],
              [
                80.02430725097662,
                12.287362098693961
              ],
              [
                80.02430725097662,
                12.286806106567496
              ],
              [
                80.02401733398455,
                12.286809921264648
              ],
              [
                80.02401733398455,
                12.286529541015682
              ],
              [
                80.0237503051759,
                12.286529541015682
              ],
              [
                80.0237503051759,
                12.285971641540641
              ],
              [
                80.02347564697283,
                12.285971641540641
              ],
              [
                80.02347564697283,
                12.28569316864025
              ],
              [
                80.02319335937528,
                12.28569316864025
              ],
              [
                80.02319335937528,
                12.285140037536848
              ],
              [
                80.02291870117188,
                12.285141944885254
              ],
              [
                80.02291870117188,
                12.284861564636287
              ],
              [
                80.0226364135745,
                12.284861564636287
              ],
              [
                80.0226364135745,
                12.284304618835677
              ],
              [
                80.02236175537115,
                12.284310340881461
              ],
              [
                80.02236175537115,
                12.28403186798107
              ],
              [
                80.02208709716791,
                12.28403186798107
              ],
              [
                80.02208709716791,
                12.283469200134334
              ],
              [
                80.02180480957037,
                12.283471107483138
              ],
              [
                80.02180480957037,
                12.282917022705078
              ],
              [
                80.02153015136719,
                12.282921791076888
              ],
              [
                80.02153015136719,
                12.282638549804688
              ],
              [
                80.02124786376959,
                12.282638549804688
              ],
              [
                80.02124786376959,
                12.282080650329817
              ],
              [
                80.02097320556658,
                12.282082557678223
              ],
              [
                80.02097320556658,
                12.281526565551928
              ],
              [
                80.0206909179688,
                12.281540870666504
              ],
              [
                80.0206909179688,
                12.280970573425463
              ],
              [
                80.0204162597658,
                12.280973434448526
              ],
              [
                80.0204162597658,
                12.280693054199162
              ],
              [
                80.02014160156278,
                12.280693054199162
              ],
              [
                80.02014160156278,
                12.280138969421671
              ],
              [
                80.01985931396501,
                12.280140876770076
              ],
              [
                80.01985931396501,
                12.279581069946403
              ],
              [
                80.019584655762,
                12.279582977294979
              ],
              [
                80.019584655762,
                12.279026985168514
              ],
              [
                80.01930236816412,
                12.279028892517317
              ],
              [
                80.01930236816412,
                12.278751373291016
              ],
              [
                80.01902770996122,
                12.278751373291016
              ],
              [
                80.01902770996122,
                12.278181076049975
              ],
              [
                80.01875305175787,
                12.27819538116455
              ],
              [
                80.01875305175787,
                12.277639389038086
              ],
              [
                80.0184707641601,
                12.277641296386662
              ],
              [
                80.0184707641601,
                12.2770805358889
              ],
              [
                80.01819610595709,
                12.277083396911621
              ],
              [
                80.01819610595709,
                12.27680492401123
              ],
              [
                80.01792144775408,
                12.276811599731673
              ],
              [
                80.01792144775408,
                12.276250839233342
              ],
              [
                80.0176391601563,
                12.276250839233342
              ],
              [
                80.0176391601563,
                12.275690078735579
              ],
              [
                80.0173645019533,
                12.275694847107047
              ],
              [
                80.0173645019533,
                12.275138854980582
              ],
              [
                80.01708221435575,
                12.275140762329158
              ],
              [
                80.01708221435575,
                12.274580001831055
              ],
              [
                80.01680755615251,
                12.274582862854118
              ],
              [
                80.01680755615251,
                12.271806716918945
              ],
              [
                80.0165328979495,
                12.271810531616268
              ],
              [
                80.0165328979495,
                12.270140647888297
              ],
              [
                80.01597595214872,
                12.270140647888297
              ],
              [
                80.01597595214872,
                12.26986026763933
              ],
              [
                80.01569366455084,
                12.26986026763933
              ],
              [
                80.01569366455084,
                12.269584655762003
              ],
              [
                80.0154190063476,
                12.269584655762003
              ],
              [
                80.0154190063476,
                12.269027709961051
              ],
              [
                80.01513671875006,
                12.269030570983944
              ],
              [
                80.01513671875006,
                12.268471717834586
              ],
              [
                80.01486206054705,
                12.268471717834586
              ],
              [
                80.01486206054705,
                12.26763820648199
              ],
              [
                80.01457977294928,
                12.267640113830794
              ],
              [
                80.01457977294928,
                12.266811370849894
              ],
              [
                80.0143127441408,
                12.266811370849894
              ],
              [
                80.0143127441408,
                12.265970230102766
              ],
              [
                80.01403045654325,
                12.265972137451172
              ],
              [
                80.01403045654325,
                12.265137672424316
              ],
              [
                80.01374816894548,
                12.26513957977312
              ],
              [
                80.01374816894548,
                12.264312744140796
              ],
              [
                80.01346588134794,
                12.264312744140796
              ],
              [
                80.01346588134794,
                12.263469696044922
              ],
              [
                80.01319122314453,
                12.263471603393498
              ],
              [
                80.01319122314453,
                12.262915611267204
              ],
              [
                80.01291656494169,
                12.262920379638672
              ],
              [
                80.01291656494169,
                12.262359619140739
              ],
              [
                80.01264190673834,
                12.262361526489315
              ],
              [
                80.01264190673834,
                12.26180553436285
              ],
              [
                80.01235961914057,
                12.261810302734318
              ],
              [
                80.01235961914057,
                12.261249542236555
              ],
              [
                80.01207733154303,
                12.261249542236555
              ],
              [
                80.01207733154303,
                12.26097202301031
              ],
              [
                80.01180267333984,
                12.26097202301031
              ],
              [
                80.01180267333984,
                12.260417938232422
              ],
              [
                80.01152801513678,
                12.260429382324503
              ],
              [
                80.01152801513678,
                12.260140419006518
              ],
              [
                80.01125335693376,
                12.260140419006518
              ],
              [
                80.01125335693376,
                12.259580612182845
              ],
              [
                80.01097106933605,
                12.259584426880053
              ],
              [
                80.01097106933605,
                12.259305953979663
              ],
              [
                80.01069641113298,
                12.259309768676815
              ],
              [
                80.01069641113298,
                12.258751869201774
              ],
              [
                80.01040649414091,
                12.258751869201774
              ],
              [
                80.01040649414091,
                12.25847053527832
              ],
              [
                80.01013946533203,
                12.25847053527832
              ],
              [
                80.01013946533203,
                12.257914543151855
              ],
              [
                80.00985717773466,
                12.25792026519781
              ],
              [
                80.00985717773466,
                12.25737094879156
              ],
              [
                80.0095825195313,
                12.25737094879156
              ],
              [
                80.0095825195313,
                12.257081031799487
              ],
              [
                80.00930786132807,
                12.257082939148063
              ],
              [
                80.00930786132807,
                12.256526947021598
              ],
              [
                80.00904083251959,
                12.256529808044661
              ],
              [
                80.00904083251959,
                12.256249427795694
              ],
              [
                80.00763702392595,
                12.256249427795694
              ],
              [
                80.00763702392595,
                12.256529808044661
              ],
              [
                80.00791931152355,
                12.256526947021598
              ],
              [
                80.00791931152355,
                12.257082939148063
              ],
              [
                80.0081863403322,
                12.257081031799487
              ],
              [
                80.0081863403322,
                12.25737094879156
              ],
              [
                80.00846862792974,
                12.25737094879156
              ],
              [
                80.00846862792974,
                12.25764179229759
              ],
              [
                80.00875091552734,
                12.257639884949015
              ],
              [
                80.00875091552734,
                12.258193016052246
              ],
              [
                80.00902557373053,
                12.258193016052246
              ],
              [
                80.00902557373053,
                12.25847053527832
              ],
              [
                80.00930786132807,
                12.25847053527832
              ],
              [
                80.00930786132807,
                12.259030342102164
              ],
              [
                80.0095825195313,
                12.259028434753361
              ],
              [
                80.0095825195313,
                12.259584426880053
              ],
              [
                80.00985717773466,
                12.259580612182845
              ],
              [
                80.00985717773466,
                12.260140419006518
              ],
              [
                80.01013946533203,
                12.260137557983455
              ],
              [
                80.01013946533203,
                12.26069355011009
              ],
              [
                80.01040649414091,
                12.260690689087028
              ],
              [
                80.01040649414091,
                12.261249542236555
              ],
              [
                80.01069641113298,
                12.261249542236555
              ],
              [
                80.01069641113298,
                12.261529922485352
              ],
              [
                80.01097106933605,
                12.261528015136946
              ],
              [
                80.01097106933605,
                12.262084007263411
              ],
              [
                80.01125335693376,
                12.262084007263411
              ],
              [
                80.01125335693376,
                12.262361526489315
              ],
              [
                80.01152801513678,
                12.262359619140739
              ],
              [
                80.01152801513678,
                12.262639999389705
              ],
              [
                80.01180267333984,
                12.262639999389705
              ],
              [
                80.01180267333984,
                12.263194084167594
              ],
              [
                80.01208496093756,
                12.263194084167594
              ],
              [
                80.01208496093756,
                12.263471603393498
              ],
              [
                80.01235961914057,
                12.263469696044922
              ],
              [
                80.01235961914057,
                12.264030456543026
              ],
              [
                80.01264190673834,
                12.264027595519963
              ],
              [
                80.01264190673834,
                12.264583587646428
              ],
              [
                80.01235961914057,
                12.264581680297852
              ],
              [
                80.01235961914057,
                12.26513957977312
              ],
              [
                80.01207733154303,
                12.26513957977312
              ],
              [
                80.01207733154303,
                12.265420913696346
              ],
              [
                80.01152801513678,
                12.265420913696346
              ],
              [
                80.01152801513678,
                12.26513957977312
              ],
              [
                80.01125335693376,
                12.26513957977312
              ],
              [
                80.01125335693376,
                12.264860153198242
              ],
              [
                80.01097106933605,
                12.264862060546818
              ],
              [
                80.01097106933605,
                12.264583587646428
              ],
              [
                80.01041412353544,
                12.264583587646428
              ],
              [
                80.01041412353544,
                12.264306068420353
              ],
              [
                80.01013946533203,
                12.264312744140796
              ],
              [
                80.01013946533203,
                12.264030456543026
              ],
              [
                80.00985717773466,
                12.264030456543026
              ],
              [
                80.00985717773466,
                12.263750076294059
              ],
              [
                80.0095825195313,
                12.263750076294059
              ],
              [
                80.0095825195313,
                12.263469696044922
              ],
              [
                80.00930786132807,
                12.263471603393498
              ],
              [
                80.00930786132807,
                12.263194084167594
              ],
              [
                80.00902557373053,
                12.263194084167594
              ],
              [
                80.00902557373053,
                12.262915611267204
              ],
              [
                80.00875091552734,
                12.262920379638672
              ],
              [
                80.00875091552734,
                12.262639999389705
              ],
              [
                80.00846862792974,
                12.262639999389705
              ],
              [
                80.00846862792974,
                12.262359619140739
              ],
              [
                80.00819396972673,
                12.262361526489315
              ],
              [
                80.00819396972673,
                12.262084007263411
              ],
              [
                80.00791931152355,
                12.262084007263411
              ],
              [
                80.00791931152355,
                12.26180553436285
              ],
              [
                80.00763702392595,
                12.261810302734318
              ],
              [
                80.00763702392595,
                12.261529922485352
              ],
              [
                80.00736236572294,
                12.261529922485352
              ],
              [
                80.00736236572294,
                12.26097202301031
              ],
              [
                80.00708007812517,
                12.26097202301031
              ],
              [
                80.00708007812517,
                12.26069355011009
              ],
              [
                80.00680541992216,
                12.26069355011009
              ],
              [
                80.00680541992216,
                12.260417938232422
              ],
              [
                80.0065307617188,
                12.260429382324503
              ],
              [
                80.0065307617188,
                12.259861946105957
              ],
              [
                80.00624847412138,
                12.259861946105957
              ],
              [
                80.00624847412138,
                12.259580612182845
              ],
              [
                80.00569152832026,
                12.259584426880053
              ],
              [
                80.00569152832026,
                12.259305953979663
              ],
              [
                80.00485992431646,
                12.259305953979663
              ],
              [
                80.00485992431646,
                12.259584426880053
              ],
              [
                80.00458526611345,
                12.259584426880053
              ],
              [
                80.00458526611345,
                12.26097202301031
              ],
              [
                80.00485992431646,
                12.26097202301031
              ],
              [
                80.00485992431646,
                12.262639999389705
              ],
              [
                80.00514221191423,
                12.262639999389705
              ],
              [
                80.00514221191423,
                12.263750076294059
              ],
              [
                80.00541687011724,
                12.263750076294059
              ],
              [
                80.00541687011724,
                12.264312744140796
              ],
              [
                80.00569152832026,
                12.264306068420353
              ],
              [
                80.00569152832026,
                12.264862060546818
              ],
              [
                80.00598144531256,
                12.264860153198242
              ],
              [
                80.00598144531256,
                12.265420913696346
              ],
              [
                80.00624847412138,
                12.265416145324707
              ],
              [
                80.00624847412138,
                12.265972137451172
              ],
              [
                80.0065307617188,
                12.265970230102766
              ],
              [
                80.0065307617188,
                12.266530990600529
              ],
              [
                80.00680541992216,
                12.266528129577637
              ],
              [
                80.00680541992216,
                12.267082214355526
              ],
              [
                80.00708007812517,
                12.26708030700695
              ],
              [
                80.00708007812517,
                12.267359733581827
              ],
              [
                80.00763702392595,
                12.267359733581827
              ],
              [
                80.00763702392595,
                12.26792144775385
              ],
              [
                80.00791931152355,
                12.26792144775385
              ],
              [
                80.00791931152355,
                12.269030570983944
              ],
              [
                80.00819396972673,
                12.269027709961051
              ],
              [
                80.00819396972673,
                12.269584655762003
              ],
              [
                80.00846862792974,
                12.269584655762003
              ],
              [
                80.00846862792974,
                12.26986026763933
              ],
              [
                80.00904083251959,
                12.26986026763933
              ],
              [
                80.00904083251959,
                12.270140647888297
              ],
              [
                80.00930786132807,
                12.270140647888297
              ],
              [
                80.00930786132807,
                12.270421028137434
              ],
              [
                80.0095825195313,
                12.270416259765796
              ],
              [
                80.0095825195313,
                12.2706937789917
              ],
              [
                80.01013946533203,
                12.2706937789917
              ],
              [
                80.01013946533203,
                12.27097320556635
              ],
              [
                80.01040649414091,
                12.270970344543684
              ],
              [
                80.01040649414091,
                12.271250724792651
              ],
              [
                80.01097106933605,
                12.271250724792651
              ],
              [
                80.01097106933605,
                12.271531105041618
              ],
              [
                80.01125335693376,
                12.271529197693042
              ],
              [
                80.01125335693376,
                12.272082328796444
              ],
              [
                80.01152801513678,
                12.272080421448038
              ],
              [
                80.01152801513678,
                12.2726411819458
              ],
              [
                80.01013946533203,
                12.2726411819458
              ],
              [
                80.01013946533203,
                12.272370338439941
              ],
              [
                80.00985717773466,
                12.272370338439941
              ],
              [
                80.00985717773466,
                12.272080421448038
              ],
              [
                80.0095825195313,
                12.272082328796444
              ],
              [
                80.0095825195313,
                12.271806716918945
              ],
              [
                80.00930786132807,
                12.271810531616268
              ],
              [
                80.00930786132807,
                12.271531105041618
              ],
              [
                80.00907897949247,
                12.271485328674373
              ],
              [
                80.00902557373053,
                12.271250724792651
              ],
              [
                80.00894165039062,
                12.271250724792651
              ],
              [
                80.00846862792974,
                12.271250724792651
              ],
              [
                80.00846862792974,
                12.270970344543684
              ],
              [
                80.00819396972673,
                12.27097320556635
              ],
              [
                80.00819396972673,
                12.2706937789917
              ],
              [
                80.00791931152355,
                12.2706937789917
              ],
              [
                80.00791931152355,
                12.270416259765796
              ],
              [
                80.00763702392595,
                12.270421028137434
              ],
              [
                80.00763702392595,
                12.270140647888297
              ],
              [
                80.00736236572294,
                12.270140647888297
              ],
              [
                80.00736236572294,
                12.269881248474348
              ],
              [
                80.00736236572294,
                12.269584655762003
              ],
              [
                80.00708007812517,
                12.269584655762003
              ],
              [
                80.00708007812517,
                12.269027709961051
              ],
              [
                80.00681304931669,
                12.269030570983944
              ],
              [
                80.00681304931669,
                12.267640113830794
              ],
              [
                80.0065307617188,
                12.267640113830794
              ],
              [
                80.0065307617188,
                12.267359733581827
              ],
              [
                80.00597381591803,
                12.267359733581827
              ],
              [
                80.00597381591803,
                12.267082214355526
              ],
              [
                80.00569152832026,
                12.267082214355526
              ],
              [
                80.00569152832026,
                12.266528129577637
              ],
              [
                80.00541687011724,
                12.266530990600529
              ],
              [
                80.00541687011724,
                12.266241073608455
              ],
              [
                80.00514221191423,
                12.266249656677473
              ],
              [
                80.00514221191423,
                12.265693664550781
              ],
              [
                80.00485992431646,
                12.265693664550781
              ],
              [
                80.00485992431646,
                12.265416145324707
              ],
              [
                80.00459289550798,
                12.265420913696346
              ],
              [
                80.00459289550798,
                12.264860153198242
              ],
              [
                80.00430297851591,
                12.264862060546818
              ],
              [
                80.00430297851591,
                12.262915611267204
              ],
              [
                80.00402832031267,
                12.262920379638672
              ],
              [
                80.00402832031267,
                12.261529922485352
              ],
              [
                80.00374603271513,
                12.261529922485352
              ],
              [
                80.00374603271513,
                12.259580612182845
              ],
              [
                80.00347137451178,
                12.259584426880053
              ],
              [
                80.00347137451178,
                12.25847053527832
              ],
              [
                80.00319671630888,
                12.25847053527832
              ],
              [
                80.00319671630888,
                12.258195877075309
              ],
              [
                80.00290679931646,
                12.25819110870384
              ],
              [
                80.002914428711,
                12.257914543151855
              ],
              [
                80.00235748291021,
                12.25792026519781
              ],
              [
                80.00235748291021,
                12.25764179229759
              ],
              [
                80.00152587890642,
                12.25764179229759
              ],
              [
                80.00152587890642,
                12.25737094879156
              ],
              [
                80.00096893310564,
                12.25737094879156
              ],
              [
                80.00096893310564,
                12.257081031799487
              ],
              [
                79.9998626708985,
                12.257082939148063
              ],
              [
                79.99877166748075,
                12.257082939148063
              ],
              [
                79.99819183349621,
                12.257082939148063
              ],
              [
                79.99819183349621,
                12.25680541992216
              ],
              [
                79.99791717529314,
                12.256810188293457
              ],
              [
                79.99791717529314,
                12.256529808044661
              ],
              [
                79.99736022949219,
                12.256529808044661
              ],
              [
                79.99736022949219,
                12.256249427795694
              ],
              [
                79.996810913086,
                12.256249427795694
              ],
              [
                79.996810913086,
                12.256529808044661
              ],
              [
                79.99624633789068,
                12.256526947021598
              ],
              [
                79.99624633789068,
                12.257082939148063
              ],
              [
                79.99569702148443,
                12.257082939148063
              ],
              [
                79.99569702148443,
                12.25680541992216
              ],
              [
                79.99540710449236,
                12.256810188293457
              ],
              [
                79.99540710449236,
                12.256249427795694
              ],
              [
                79.99514007568371,
                12.256249427795694
              ],
              [
                79.99514007568371,
                12.25569057464594
              ],
              [
                79.99485778808611,
                12.255695343017805
              ],
              [
                79.99485778808611,
                12.255416870117244
              ],
              [
                79.99404144287138,
                12.255419731140307
              ],
              [
                79.99404144287138,
                12.25513935089134
              ],
              [
                79.99375152587896,
                12.25513935089134
              ],
              [
                79.99375152587896,
                12.25486087799095
              ],
              [
                79.99346923828153,
                12.25486087799095
              ],
              [
                79.99346923828153,
                12.254581451416072
              ],
              [
                79.992919921875,
                12.254583358764648
              ],
              [
                79.992919921875,
                12.254304885864485
              ],
              [
                79.99236297607439,
                12.254304885864485
              ],
              [
                79.99236297607439,
                12.254027366638184
              ],
              [
                79.99180603027361,
                12.254029273986987
              ],
              [
                79.99180603027361,
                12.253748893737793
              ],
              [
                79.99096679687528,
                12.253748893737793
              ],
              [
                79.99096679687528,
                12.253471374511719
              ],
              [
                79.99069213867193,
                12.253473281860295
              ],
              [
                79.99069213867193,
                12.253194808960131
              ],
              [
                79.99041748046903,
                12.253194808960131
              ],
              [
                79.99041748046903,
                12.25291728973383
              ],
              [
                79.98986053466791,
                12.252920150756893
              ],
              [
                79.98986053466791,
                12.252640724182243
              ],
              [
                79.98929595947266,
                12.252640724182243
              ],
              [
                79.98929595947266,
                12.252361297607365
              ],
              [
                79.98847198486357,
                12.252361297607365
              ],
              [
                79.98847198486357,
                12.252082824706974
              ],
              [
                79.98791503906278,
                12.252082824706974
              ],
              [
                79.98791503906278,
                12.25180530548107
              ],
              [
                79.98707580566412,
                12.251811981201342
              ],
              [
                79.98707580566412,
                12.251531600952148
              ],
              [
                79.98652648925787,
                12.251531600952148
              ],
              [
                79.98652648925787,
                12.251239776611499
              ],
              [
                79.98625183105486,
                12.251251220703182
              ],
              [
                79.98625183105486,
                12.250970840454215
              ],
              [
                79.98596954345709,
                12.250970840454215
              ],
              [
                79.98596954345709,
                12.250691413879565
              ],
              [
                79.98542022705107,
                12.250695228576717
              ],
              [
                79.98542022705107,
                12.250416755676326
              ],
              [
                79.9851379394533,
                12.250421524047795
              ],
              [
                79.9851379394533,
                12.249858856201286
              ],
              [
                79.98486328125028,
                12.249860763549862
              ],
              [
                79.98486328125028,
                12.249304771423567
              ],
              [
                79.98458099365234,
                12.249312400817928
              ],
              [
                79.98458099365234,
                12.248750686645508
              ],
              [
                79.9843063354495,
                12.248750686645508
              ],
              [
                79.9843063354495,
                12.248471260071028
              ],
              [
                79.98402404785162,
                12.248473167419434
              ],
              [
                79.98402404785162,
                12.248194694519043
              ],
              [
                79.98374938964838,
                12.248199462890682
              ],
              [
                79.98374938964838,
                12.246810913085938
              ],
              [
                79.98346710205084,
                12.246810913085938
              ],
              [
                79.98346710205084,
                12.24625110626232
              ],
              [
                79.98319244384766,
                12.24625110626232
              ],
              [
                79.98319244384766,
                12.245429992675952
              ],
              [
                79.98291778564459,
                12.245429992675952
              ],
              [
                79.98291778564459,
                12.24431133270275
              ],
              [
                79.98264312744158,
                12.24431133270275
              ],
              [
                79.98264312744158,
                12.243750572204817
              ],
              [
                79.98210144042969,
                12.243750572204817
              ],
              [
                79.98210144042969,
                12.24347019195585
              ],
              [
                79.98152923583984,
                12.243472099304256
              ],
              [
                79.98152923583984,
                12.243193626404036
              ],
              [
                79.98124694824247,
                12.243193626404036
              ],
              [
                79.98124694824247,
                12.242916107177962
              ],
              [
                79.98069763183588,
                12.24292087554943
              ],
              [
                79.98069763183588,
                12.242641448974553
              ],
              [
                79.98014068603516,
                12.242641448974553
              ],
              [
                79.98014068603516,
                12.242360115051497
              ],
              [
                79.97957611084001,
                12.242360115051497
              ],
              [
                79.97957611084001,
                12.242079734802303
              ],
              [
                79.97930908203136,
                12.242083549499512
              ],
              [
                79.97930908203136,
                12.241806030273608
              ],
              [
                79.97875213623075,
                12.241810798645247
              ],
              [
                79.97875213623075,
                12.24153137207037
              ],
              [
                79.9782028198245,
                12.24153137207037
              ],
              [
                79.9782028198245,
                12.241250038147143
              ],
              [
                79.97763824462919,
                12.241250038147143
              ],
              [
                79.97763824462919,
                12.24096965789795
              ],
              [
                79.97708129882807,
                12.240971565246753
              ],
              [
                79.97708129882807,
                12.240694046020451
              ],
              [
                79.97652435302751,
                12.240694046020451
              ],
              [
                79.97652435302751,
                12.240415573120288
              ],
              [
                79.97624969482428,
                12.240421295166016
              ],
              [
                79.97624969482428,
                12.24013996124296
              ],
              [
                79.97567749023443,
                12.24013996124296
              ],
              [
                79.97567749023443,
                12.239859580993596
              ],
              [
                79.97513580322294,
                12.239862442016658
              ],
              [
                79.97513580322294,
                12.239582061767521
              ],
              [
                79.97458648681669,
                12.239582061767521
              ],
              [
                79.97458648681669,
                12.239306449890194
              ],
              [
                79.97402954101557,
                12.239306449890194
              ],
              [
                79.97402954101557,
                12.239027976989803
              ],
              [
                79.97374725341803,
                12.239032745361499
              ],
              [
                79.97374725341803,
                12.238750457763729
              ],
              [
                79.97347259521501,
                12.238750457763729
              ],
              [
                79.97347259521501,
                12.238471984863338
              ],
              [
                79.97319793701178,
                12.238471984863338
              ],
              [
                79.97319793701178,
                12.238194465637434
              ],
              [
                79.97291564941423,
                12.238194465637434
              ],
              [
                79.97291564941423,
                12.23763847351097
              ],
              [
                79.97264099121122,
                12.237640380859375
              ],
              [
                79.97264099121122,
                12.237360000610579
              ],
              [
                79.97235870361345,
                12.237360000610579
              ],
              [
                79.97235870361345,
                12.237079620361442
              ],
              [
                79.97208404541044,
                12.23708438873291
              ],
              [
                79.97208404541044,
                12.23680591583252
              ],
              [
                79.9718017578125,
                12.236810684204158
              ],
              [
                79.9718017578125,
                12.236530303955021
              ],
              [
                79.97097015380854,
                12.236530303955021
              ],
              [
                79.97097015380854,
                12.236261367797965
              ],
              [
                79.96930694580095,
                12.236261367797965
              ],
              [
                79.96930694580095,
                12.235969543457259
              ],
              [
                79.96902465820341,
                12.23597240447998
              ],
              [
                79.96902465820341,
                12.23569393157959
              ],
              [
                79.96819305419928,
                12.23569393157959
              ],
              [
                79.96819305419928,
                12.235416412353686
              ],
              [
                79.96791839599604,
                12.235420227050838
              ],
              [
                79.96791839599604,
                12.235139846801871
              ],
              [
                79.9676361083985,
                12.235139846801871
              ],
              [
                79.9676361083985,
                12.234860420227221
              ],
              [
                79.96736145019531,
                12.234862327575797
              ],
              [
                79.96736145019531,
                12.234583854675407
              ],
              [
                79.96708679199224,
                12.234583854675407
              ],
              [
                79.96708679199224,
                12.234306335449332
              ],
              [
                79.96681213378923,
                12.234310150146484
              ],
              [
                79.96681213378923,
                12.234029769897518
              ],
              [
                79.96652984619152,
                12.234029769897518
              ],
              [
                79.96652984619152,
                12.233750343323038
              ],
              [
                79.96597290039091,
                12.233750343323038
              ],
              [
                79.96597290039091,
                12.232919692993164
              ],
              [
                79.96541595459013,
                12.232919692993164
              ],
              [
                79.96541595459013,
                12.232640266418684
              ],
              [
                79.96485900878935,
                12.232640266418684
              ],
              [
                79.96485900878935,
                12.232361793518123
              ],
              [
                79.96402740478521,
                12.232361793518123
              ],
              [
                79.96402740478521,
                12.232081413269327
              ],
              [
                79.96347045898443,
                12.23208427429222
              ],
              [
                79.96347045898443,
                12.231805801391829
              ],
              [
                79.96290588378918,
                12.23180961608881
              ],
              [
                79.96290588378918,
                12.23153018951433
              ],
              [
                79.96208190917974,
                12.23153018951433
              ],
              [
                79.96208190917974,
                12.231248855591048
              ],
              [
                79.96180725097685,
                12.231248855591048
              ],
              [
                79.96180725097685,
                12.230971336364973
              ],
              [
                79.96125030517572,
                12.230971336364973
              ],
              [
                79.96125030517572,
                12.230695724487475
              ],
              [
                79.96097564697271,
                12.230695724487475
              ],
              [
                79.96097564697271,
                12.230415344238509
              ],
              [
                79.96041870117193,
                12.230422019958723
              ],
              [
                79.96041870117193,
                12.229859352111816
              ],
              [
                79.96013641357439,
                12.22986125946062
              ],
              [
                79.96013641357439,
                12.229582786560059
              ],
              [
                79.95986175537138,
                12.229582786560059
              ],
              [
                79.95986175537138,
                12.229305267334155
              ],
              [
                79.95929718017607,
                12.229310035705623
              ],
              [
                79.95929718017607,
                12.229029655456827
              ],
              [
                79.95874786376982,
                12.229029655456827
              ],
              [
                79.95874786376982,
                12.228749275207463
              ],
              [
                79.9581909179687,
                12.228749275207463
              ],
              [
                79.9581909179687,
                12.228468894958496
              ],
              [
                79.95764160156267,
                12.2284708023073
              ],
              [
                79.95764160156267,
                12.228193283080998
              ],
              [
                79.95708465576189,
                12.228193283080998
              ],
              [
                79.95708465576189,
                12.22791671752941
              ],
              [
                79.95652770996111,
                12.227919578552473
              ],
              [
                79.95652770996111,
                12.227360725403116
              ],
              [
                79.9554061889649,
                12.227360725403116
              ],
              [
                79.9554061889649,
                12.227069854736328
              ],
              [
                79.9551391601562,
                12.227083206176815
              ],
              [
                79.9551391601562,
                12.226804733276651
              ],
              [
                79.95487213134771,
                12.226810455322209
              ],
              [
                79.95487213134771,
                12.226531982421818
              ],
              [
                79.95403289794939,
                12.226531982421818
              ],
              [
                79.95403289794939,
                12.226250648498763
              ],
              [
                79.95375061035168,
                12.226250648498763
              ],
              [
                79.95375061035168,
                12.225971221923885
              ],
              [
                79.95319366455107,
                12.225973129272461
              ],
              [
                79.95319366455107,
                12.225694656372298
              ],
              [
                79.95263671875028,
                12.225694656372298
              ],
              [
                79.95263671875028,
                12.225417137145996
              ],
              [
                79.9520797729495,
                12.225421905517862
              ],
              [
                79.9520797729495,
                12.225140571594409
              ],
              [
                79.95124816894537,
                12.225140571594409
              ],
              [
                79.95124816894537,
                12.224861145019531
              ],
              [
                79.95097351074236,
                12.224861145019531
              ],
              [
                79.95097351074236,
                12.22458267211914
              ],
              [
                79.95041656494158,
                12.22458267211914
              ],
              [
                79.95041656494158,
                12.224305152893066
              ],
              [
                79.9498596191408,
                12.224305152893066
              ],
              [
                79.9498596191408,
                12.22458267211914
              ],
              [
                79.94958496093778,
                12.22458267211914
              ],
              [
                79.94958496093778,
                12.224305152893066
              ],
              [
                79.9493026733399,
                12.224321365356445
              ],
              [
                79.9493026733399,
                12.224031448364315
              ],
              [
                79.949028015137,
                12.224031448364315
              ],
              [
                79.949028015137,
                12.223751068115178
              ],
              [
                79.94873809814459,
                12.223751068115178
              ],
              [
                79.94873809814459,
                12.223190307617415
              ],
              [
                79.94847106933588,
                12.223195075988883
              ],
              [
                79.94847106933588,
                12.222916603088322
              ],
              [
                79.94790649414062,
                12.222922325134277
              ],
              [
                79.94790649414062,
                12.222640991210994
              ],
              [
                79.94735717773455,
                12.222640991210994
              ],
              [
                79.94735717773455,
                12.222360610962028
              ],
              [
                79.9468078613283,
                12.222360610962028
              ],
              [
                79.9468078613283,
                12.222083091735954
              ],
              [
                79.9462509155274,
                12.222083091735954
              ],
              [
                79.9462509155274,
                12.221804618835563
              ],
              [
                79.94596862792997,
                12.221809387207031
              ],
              [
                79.94596862792997,
                12.22153091430664
              ],
              [
                79.94570159912115,
                12.22153091430664
              ],
              [
                79.94570159912115,
                12.220971107483194
              ],
              [
                79.94541931152338,
                12.22097301483177
              ],
              [
                79.94541931152338,
                12.22069454193138
              ],
              [
                79.94513702392584,
                12.22069454193138
              ],
              [
                79.94513702392584,
                12.220417022705135
              ],
              [
                79.94486236572283,
                12.220420837402287
              ],
              [
                79.94486236572283,
                12.220141410827637
              ],
              [
                79.94458007812506,
                12.220141410827637
              ],
              [
                79.94458007812506,
                12.21986103057884
              ],
              [
                79.94486236572283,
                12.21986103057884
              ],
              [
                79.94486236572283,
                12.219310760498104
              ],
              [
                79.94569396972662,
                12.219306945800781
              ],
              [
                79.94569396972662,
                12.21958255767828
              ],
              [
                79.9462509155274,
                12.21958255767828
              ],
              [
                79.9462509155274,
                12.219149589538517
              ],
              [
                79.94581604003923,
                12.219029426574878
              ],
              [
                79.94513702392584,
                12.219031333923454
              ],
              [
                79.94513702392584,
                12.21872997283964
              ],
              [
                79.94061279296903,
                12.216601371765194
              ],
              [
                79.93521881103521,
                12.2214994430542
              ],
              [
                79.93041229248047,
                12.227860450744743
              ],
              [
                79.9114761352539,
                12.232051849365291
              ],
              [
                79.91039276123053,
                12.22117996215826
              ],
              [
                79.9108428955081,
                12.215440750122127
              ],
              [
                79.90439605712919,
                12.218110084533976
              ],
              [
                79.90159606933611,
                12.219269752502555
              ],
              [
                79.88958740234392,
                12.214341163635197
              ],
              [
                79.88548278808622,
                12.214859962463663
              ],
              [
                79.8722763061524,
                12.22280120849615
              ],
              [
                79.86450958251982,
                12.224490165710392
              ],
              [
                79.85617065429705,
                12.230030059814567
              ],
              [
                79.8508377075197,
                12.2389297485351
              ],
              [
                79.84764862060553,
                12.248240470886287
              ],
              [
                79.8340225219726,
                12.260611534118766
              ],
              [
                79.82823944091803,
                12.264150619507063
              ],
              [
                79.82869720458984,
                12.26611137390148
              ],
              [
                79.8290328979495,
                12.267500877380314
              ],
              [
                79.82872009277361,
                12.271471977233887
              ],
              [
                79.82846069335966,
                12.274869918823526
              ],
              [
                79.82131958007818,
                12.282691955566463
              ],
              [
                79.81645202636747,
                12.289711952209473
              ],
              [
                79.81539916992188,
                12.293821334839038
              ],
              [
                79.81064605712896,
                12.296351432800577
              ],
              [
                79.79741668701172,
                12.30735015869169
              ],
              [
                79.79567718505888,
                12.312420845032022
              ],
              [
                79.78900909423822,
                12.312420845032022
              ],
              [
                79.78486633300798,
                12.322200775146655
              ],
              [
                79.77307128906256,
                12.323310852050838
              ],
              [
                79.76902008056658,
                12.326010704040641
              ],
              [
                79.75782775878912,
                12.318560600280762
              ],
              [
                79.74652862548845,
                12.313291549682617
              ],
              [
                79.74279022216803,
                12.313191413879508
              ],
              [
                79.73824310302763,
                12.310461044311523
              ],
              [
                79.72361755371111,
                12.315469741821289
              ],
              [
                79.7173080444336,
                12.316889762878475
              ],
              [
                79.7138214111331,
                12.316102027893294
              ],
              [
                79.70376586914062,
                12.322151184082031
              ],
              [
                79.68836975097656,
                12.320671081543026
              ],
              [
                79.68762207031256,
                12.31631088256836
              ],
              [
                79.68692016601574,
                12.312170028686523
              ],
              [
                79.68206024169939,
                12.31042194366455
              ],
              [
                79.67640686035162,
                12.30980014801031
              ],
              [
                79.67101287841797,
                12.302390098571891
              ],
              [
                79.65564727783232,
                12.306159973144759
              ],
              [
                79.64582824707048,
                12.312089920043945
              ],
              [
                79.64023590087885,
                12.319060325622559
              ],
              [
                79.6371612548831,
                12.320421218872013
              ],
              [
                79.6364822387697,
                12.325920104980469
              ],
              [
                79.63565063476591,
                12.327941894531364
              ],
              [
                79.63507843017607,
                12.32933044433588
              ],
              [
                79.63063812255865,
                12.331501960754508
              ],
              [
                79.63047027587919,
                12.341160774231014
              ],
              [
                79.63244628906267,
                12.345770835876465
              ],
              [
                79.63832855224604,
                12.346631050109863
              ],
              [
                79.64906311035173,
                12.351368904113883
              ],
              [
                79.6536712646485,
                12.357490539550838
              ],
              [
                79.64704132080084,
                12.36431026458763
              ],
              [
                79.64945983886719,
                12.368929862976074
              ],
              [
                79.6738586425783,
                12.384760856628418
              ],
              [
                79.68235778808622,
                12.384491920471191
              ],
              [
                79.68444824218778,
                12.394790649414062
              ],
              [
                79.67871093750011,
                12.396759986877498
              ],
              [
                79.67568206787138,
                12.400178909301758
              ],
              [
                79.67664337158232,
                12.403940200805778
              ],
              [
                79.69153594970732,
                12.399591445922852
              ],
              [
                79.69316864013678,
                12.404471397399902
              ],
              [
                79.69210815429716,
                12.412671089172363
              ],
              [
                79.69040679931635,
                12.416009902954102
              ],
              [
                79.69473266601574,
                12.41677093505865
              ],
              [
                79.70121002197271,
                12.413740158081168
              ],
              [
                79.70329284667974,
                12.422141075134391
              ],
              [
                79.72173309326189,
                12.413981437683162
              ],
              [
                79.72554016113298,
                12.419419288635254
              ],
              [
                79.72634887695318,
                12.42549991607666
              ],
              [
                79.71926116943376,
                12.432539939880371
              ],
              [
                79.72133636474626,
                12.436519622802791
              ],
              [
                79.72454071044916,
                12.43989086151123
              ],
              [
                79.73078918457043,
                12.441729545593375
              ],
              [
                79.73596191406278,
                12.44120121002203
              ],
              [
                79.73609161376959,
                12.448159217834586
              ],
              [
                79.73304748535162,
                12.4508314132691
              ],
              [
                79.73297882080095,
                12.46907043457037
              ],
              [
                79.72836303710932,
                12.47089099884056
              ],
              [
                79.72207641601562,
                12.47577095031761
              ],
              [
                79.72016143798822,
                12.47900104522705
              ],
              [
                79.7140426635745,
                12.478309631347656
              ],
              [
                79.71021270751982,
                12.48114109039318
              ],
              [
                79.71121215820312,
                12.484670639038143
              ],
              [
                79.71372985839861,
                12.487051010131836
              ],
              [
                79.7169494628908,
                12.484901428222713
              ],
              [
                79.72278594970732,
                12.483510971069393
              ],
              [
                79.72500610351568,
                12.481621742248535
              ],
              [
                79.72603607177763,
                12.485450744629134
              ],
              [
                79.7297973632813,
                12.48826122283947
              ],
              [
                79.73831939697283,
                12.490229606628418
              ],
              [
                79.73914337158209,
                12.494220733642521
              ],
              [
                79.74297332763678,
                12.497831344604549
              ],
              [
                79.74282073974638,
                12.504389762878475
              ],
              [
                79.73796081542969,
                12.510980606079102
              ],
              [
                79.73163604736345,
                12.518021583557129
              ],
              [
                79.72223663330107,
                12.525840759277344
              ],
              [
                79.7034759521485,
                12.535431861877498
              ],
              [
                79.70729827880865,
                12.54508018493658
              ],
              [
                79.70765686035162,
                12.551789283752441
              ],
              [
                79.7012481689456,
                12.554009437561149
              ],
              [
                79.6961898803711,
                12.554381370544377
              ],
              [
                79.69351959228516,
                12.557589530944824
              ],
              [
                79.70323944091814,
                12.563389778137434
              ],
              [
                79.70461273193365,
                12.566598892212028
              ],
              [
                79.71051788330084,
                12.564460754394645
              ],
              [
                79.71449279785173,
                12.565211296081543
              ],
              [
                79.71473693847662,
                12.569881439209041
              ],
              [
                79.71201324462908,
                12.574051856994743
              ],
              [
                79.69264221191418,
                12.581440925598145
              ],
              [
                79.686782836914,
                12.579950332641715
              ],
              [
                79.6839370727539,
                12.584810256958008
              ],
              [
                79.67819976806635,
                12.58690166473383
              ],
              [
                79.67250061035173,
                12.58368968963623
              ],
              [
                79.6675872802735,
                12.583720207214355
              ],
              [
                79.6635131835937,
                12.581009864807186
              ],
              [
                79.65685272216797,
                12.578751564026106
              ],
              [
                79.65055084228516,
                12.582249641418514
              ],
              [
                79.64895629882824,
                12.584799766540755
              ],
              [
                79.64470672607428,
                12.585770606994629
              ],
              [
                79.64039611816435,
                12.588920593261662
              ],
              [
                79.63651275634771,
                12.587832450866813
              ],
              [
                79.63198089599621,
                12.596619606018066
              ],
              [
                79.63333892822294,
                12.606089591980037
              ],
              [
                79.63334655761747,
                12.611620903015194
              ],
              [
                79.63072204589844,
                12.613270759582463
              ],
              [
                79.62519836425798,
                12.612181663513184
              ],
              [
                79.62506866455084,
                12.614892005920353
              ],
              [
                79.62013244628912,
                12.617729187011662
              ],
              [
                79.62300109863287,
                12.631169319152946
              ],
              [
                79.62703704834013,
                12.640770912170524
              ],
              [
                79.63011932373075,
                12.643679618835563
              ],
              [
                79.6349716186524,
                12.65441036224371
              ],
              [
                79.64537048339872,
                12.656550407409668
              ],
              [
                79.65756988525419,
                12.653390884399528
              ],
              [
                79.67072296142607,
                12.654170036316032
              ],
              [
                79.69330596923845,
                12.662001609802246
              ],
              [
                79.71369934082048,
                12.671501159667912
              ],
              [
                79.72499847412115,
                12.674989700317326
              ],
              [
                79.73159027099638,
                12.680121421813965
              ],
              [
                79.73314666748047,
                12.684711456298942
              ],
              [
                79.73191070556646,
                12.68756198883051
              ],
              [
                79.72373199462902,
                12.686340332031364
              ],
              [
                79.72175598144537,
                12.688241004943904
              ],
              [
                79.72482299804693,
                12.691659927368221
              ],
              [
                79.7260284423831,
                12.695960998535156
              ],
              [
                79.7255020141601,
                12.70238971710205
              ],
              [
                79.72120666503912,
                12.706749916076717
              ],
              [
                79.71244812011724,
                12.709550857543945
              ],
              [
                79.70416259765642,
                12.709140777588004
              ],
              [
                79.7021102905274,
                12.713291168213118
              ],
              [
                79.70715332031278,
                12.715271949768066
              ],
              [
                79.71752929687517,
                12.716490745544377
              ],
              [
                79.72828674316412,
                12.718860626220817
              ],
              [
                79.7313766479495,
                12.723089218139705
              ],
              [
                79.73300170898438,
                12.729360580444563
              ],
              [
                79.72878265380876,
                12.733600616455021
              ],
              [
                79.72122192382818,
                12.737880706787166
              ],
              [
                79.71537017822294,
                12.742199897766056
              ],
              [
                79.69843292236328,
                12.74465179443365
              ],
              [
                79.69721984863293,
                12.748291969299373
              ],
              [
                79.69657135009766,
                12.756099700927678
              ],
              [
                79.69789886474626,
                12.762809753418026
              ],
              [
                79.69362640380888,
                12.766431808471793
              ],
              [
                79.68918609619146,
                12.762391090393066
              ],
              [
                79.6809921264649,
                12.76618957519537
              ],
              [
                79.67492675781278,
                12.77118968963623
              ],
              [
                79.66526031494158,
                12.777700424194279
              ],
              [
                79.6565017700197,
                12.770659446716252
              ],
              [
                79.6595230102539,
                12.764180183410645
              ],
              [
                79.64599609375017,
                12.761440277099553
              ],
              [
                79.64794921875006,
                12.756940841674805
              ],
              [
                79.64315795898455,
                12.75060081481945
              ],
              [
                79.63970184326189,
                12.754590988159293
              ],
              [
                79.63613891601568,
                12.760351181030217
              ],
              [
                79.63675689697277,
                12.769232749939022
              ],
              [
                79.62613677978516,
                12.772199630737305
              ],
              [
                79.62465667724626,
                12.77446079254156
              ],
              [
                79.62806701660173,
                12.777961730957031
              ],
              [
                79.63085937500028,
                12.784250259399528
              ],
              [
                79.63138580322271,
                12.794271469116325
              ],
              [
                79.62667846679716,
                12.80322074890148
              ],
              [
                79.618896484375,
                12.80697059631342
              ],
              [
                79.60941314697271,
                12.809110641479549
              ],
              [
                79.59967041015642,
                12.813780784606877
              ],
              [
                79.58358001709013,
                12.816821098327694
              ],
              [
                79.57492065429693,
                12.820660591125488
              ],
              [
                79.56942749023449,
                12.82781124114996
              ],
              [
                79.54725646972662,
                12.83671092987072
              ],
              [
                79.55208587646513,
                12.840069770812988
              ],
              [
                79.55462646484392,
                12.8434801101684
              ],
              [
                79.55422973632812,
                12.848702430725211
              ],
              [
                79.55027008056658,
                12.856120109558333
              ],
              [
                79.54662322998064,
                12.86079025268566
              ],
              [
                79.5477523803711,
                12.867561340332145
              ],
              [
                79.55320739746105,
                12.873179435729924
              ],
              [
                79.55995178222656,
                12.886610031127873
              ],
              [
                79.57028961181658,
                12.88782978057884
              ],
              [
                79.57964324951189,
                12.890170097351017
              ],
              [
                79.58999633789068,
                12.894149780273438
              ],
              [
                79.59998321533232,
                12.895760536193904
              ],
              [
                79.60872650146513,
                12.899291038513184
              ],
              [
                79.62622070312506,
                12.909231185913143
              ],
              [
                79.64895629882824,
                12.91661071777338
              ],
              [
                79.64779663085943,
                12.935270309448242
              ],
              [
                79.66728210449247,
                12.942959785461653
              ],
              [
                79.66960906982416,
                12.947001457214299
              ],
              [
                79.67758178710966,
                12.954421997070312
              ],
              [
                79.69330596923845,
                12.9621000289917
              ],
              [
                79.71327972412138,
                12.967800140380973
              ],
              [
                79.72177124023443,
                12.971891403198242
              ],
              [
                79.72947692871122,
                12.978960990905989
              ],
              [
                79.73703765869146,
                12.987209320068416
              ],
              [
                79.747611999512,
                12.997289657592773
              ],
              [
                79.7570419311524,
                13.002870559692326
              ],
              [
                79.77249908447271,
                13.00899982452404
              ],
              [
                79.78527069091803,
                13.013401031494084
              ],
              [
                79.78591156005871,
                13.006941795349235
              ],
              [
                79.7880172729495,
                13.001620292663574
              ],
              [
                79.79586791992216,
                13.003591537475586
              ],
              [
                79.80626678466803,
                12.986998558044434
              ],
              [
                79.8060073852539,
                12.98015117645275
              ],
              [
                79.80134582519537,
                12.977030754089412
              ],
              [
                79.80343627929693,
                12.973580360412654
              ],
              [
                79.80903625488276,
                12.974721908569279
              ],
              [
                79.8070068359375,
                12.97172927856468
              ],
              [
                79.80895996093756,
                12.953500747680664
              ],
              [
                79.81067657470709,
                12.949991226196403
              ],
              [
                79.82375335693376,
                12.95041942596447
              ],
              [
                79.82229614257818,
                12.945550918579329
              ],
              [
                79.83278656005865,
                12.943671226501408
              ],
              [
                79.83731842041033,
                12.941500663757324
              ],
              [
                79.83931732177746,
                12.936731338500977
              ],
              [
                79.85027313232439,
                12.934970855713004
              ],
              [
                79.8812103271485,
                12.932951927185172
              ],
              [
                79.88508605957043,
                12.943431854248047
              ],
              [
                79.88886260986334,
                12.947071075439453
              ],
              [
                79.8953704833985,
                12.949660301208553
              ],
              [
                79.89801788330084,
                12.953961372375488
              ],
              [
                79.89840698242193,
                12.959410667419661
              ],
              [
                79.90249633789057,
                12.963530540466309
              ],
              [
                79.88688659667986,
                12.974740028381404
              ],
              [
                79.88012695312511,
                12.977101325988997
              ],
              [
                79.88318634033214,
                12.9813108444215
              ],
              [
                79.8878479003908,
                12.981189727783203
              ],
              [
                79.89406585693388,
                12.98670959472679
              ],
              [
                79.89859771728521,
                12.989690780639705
              ],
              [
                79.90087127685553,
                12.986689567565918
              ],
              [
                79.90154266357416,
                12.98525142669672
              ],
              [
                79.91506958007841,
                12.977201461791935
              ],
              [
                79.9241027832033,
                12.979459762573356
              ],
              [
                79.92652130126982,
                12.981189727783203
              ],
              [
                79.92920684814447,
                12.986592292785645
              ],
              [
                79.92948150634771,
                12.986579895019645
              ],
              [
                79.92988586425787,
                12.989510536193848
              ],
              [
                79.92945861816406,
                12.993419647216797
              ],
              [
                79.9180526733399,
                12.99850177764904
              ],
              [
                79.91001129150396,
                13.001041412353516
              ],
              [
                79.90806579589861,
                13.005720138549862
              ],
              [
                79.90178680419939,
                13.002519607543945
              ],
              [
                79.89708709716803,
                13.002981185913086
              ],
              [
                79.8908996582033,
                13.001510620117188
              ],
              [
                79.88949584960966,
                13.007910728454704
              ],
              [
                79.88945007324224,
                13.016241073608455
              ],
              [
                79.88387298583984,
                13.021069526672363
              ],
              [
                79.88987731933622,
                13.037380218505973
              ],
              [
                79.90072631835949,
                13.034550666809196
              ],
              [
                79.90766906738281,
                13.034648895263729
              ],
              [
                79.90730285644548,
                13.023841857910156
              ],
              [
                79.91168212890642,
                13.021670341491756
              ],
              [
                79.92247772216808,
                13.01997184753418
              ],
              [
                79.93200683593761,
                13.019919395446891
              ],
              [
                79.94847869873047,
                13.026149749755973
              ],
              [
                79.9569702148438,
                13.024709701538029
              ],
              [
                79.95842742919939,
                13.026082038879395
              ],
              [
                79.95717620849615,
                13.030060768127555
              ],
              [
                79.95707702636736,
                13.033861160278548
              ],
              [
                79.962646484375,
                13.039422035217399
              ],
              [
                79.97502136230486,
                13.043351173400936
              ],
              [
                79.97870635986334,
                13.038249969482422
              ],
              [
                79.96866607666044,
                13.034289360046444
              ],
              [
                79.96469116210938,
                13.026350975036848
              ],
              [
                79.9647827148438,
                13.02295970916748
              ],
              [
                79.9701614379884,
                13.019089698791504
              ],
              [
                79.97743988037138,
                13.017792701721248
              ],
              [
                79.9802703857423,
                13.021559715271053
              ],
              [
                79.98264312744158,
                13.028830528259505
              ],
              [
                79.98391723632841,
                13.038311958313045
              ],
              [
                79.9793167114259,
                13.045440673828182
              ],
              [
                79.97318267822271,
                13.049591064453125
              ],
              [
                79.96601867675776,
                13.051858901977653
              ],
              [
                79.9667510986331,
                13.05858039855957
              ],
              [
                79.9689559936524,
                13.06816196441656
              ],
              [
                79.97328186035156,
                13.073402404785156
              ],
              [
                79.97399139404325,
                13.077830314636344
              ],
              [
                79.98256683349638,
                13.083081245422363
              ],
              [
                79.98671722412115,
                13.079980850219727
              ],
              [
                79.98935699462896,
                13.083430290222168
              ],
              [
                79.98789215087902,
                13.08644962310791
              ],
              [
                79.99069213867193,
                13.086920738220215
              ],
              [
                79.99672698974604,
                13.090280532836914
              ],
              [
                79.99923706054705,
                13.093860626220817
              ],
              [
                79.99637603759783,
                13.10532093048107
              ],
              [
                79.99804687500028,
                13.107380867004451
              ],
              [
                80.00293731689459,
                13.106732368469238
              ],
              [
                80.00093078613281,
                13.11266040802002
              ],
              [
                80.0004272460938,
                13.118011474609318
              ],
              [
                80.016372680664,
                13.116530418395996
              ],
              [
                80.02430725097662,
                13.117441177368278
              ],
              [
                80.02964019775396,
                13.119589805603027
              ],
              [
                80.02852630615246,
                13.124361038207951
              ],
              [
                80.04119873046892,
                13.124190330505428
              ],
              [
                80.04595947265642,
                13.121621131897086
              ],
              [
                80.0654525756836,
                13.128911972045898
              ],
              [
                80.07343292236345,
                13.127040863037223
              ],
              [
                80.07965850830107,
                13.122019767761287
              ]
            ]
          ]
        ]
      }
    },
    {
      "type": "Feature",
      "properties": {
        "district": "Tiruvallur",
        "state": "Tamil Nadu",
        "country": "India",
        "source": "Survey of India / Census / OSM"
      },
      "geometry": {
        "type": "MultiPolygon",
        "coordinates": [
          [
            [
              [
                80.3229064941408,
                13.438470840454215
              ],
              [
                80.3229064941408,
                13.437919616699219
              ],
              [
                80.32347106933611,
                13.437919616699219
              ],
              [
                80.32347106933611,
                13.437639236450252
              ],
              [
                80.32375335693365,
                13.437639236450252
              ],
              [
                80.32375335693365,
                13.437360763550032
              ],
              [
                80.3243026733399,
                13.437360763550032
              ],
              [
                80.3243026733399,
                13.437089920044002
              ],
              [
                80.32457733154325,
                13.437089920044002
              ],
              [
                80.32457733154325,
                13.436532020568961
              ],
              [
                80.3248519897461,
                13.436532020568961
              ],
              [
                80.3248519897461,
                13.4359712600708
              ],
              [
                80.32514190673857,
                13.435973167419604
              ],
              [
                80.32514190673857,
                13.435138702392749
              ],
              [
                80.3248519897461,
                13.435140609741325
              ],
              [
                80.3248519897461,
                13.434311866760254
              ],
              [
                80.32347106933611,
                13.434311866760254
              ],
              [
                80.32347106933611,
                13.434030532837141
              ],
              [
                80.3229064941408,
                13.434030532837141
              ],
              [
                80.3229064941408,
                13.434311866760254
              ],
              [
                80.32208251953153,
                13.434305191039982
              ],
              [
                80.32208251953153,
                13.434582710266284
              ],
              [
                80.32152557373075,
                13.434582710266284
              ],
              [
                80.32152557373075,
                13.434861183166447
              ],
              [
                80.3212509155274,
                13.434861183166447
              ],
              [
                80.3212509155274,
                13.436809539795036
              ],
              [
                80.32152557373075,
                13.436804771423397
              ],
              [
                80.32152557373075,
                13.438195228576888
              ],
              [
                80.32208251953153,
                13.438191413879338
              ],
              [
                80.32208251953153,
                13.438470840454215
              ],
              [
                80.3229064941408,
                13.438470840454215
              ]
            ]
          ],
          [
            [
              [
                80.07582092285168,
                13.526760101318416
              ],
              [
                80.07627868652344,
                13.526120185851994
              ],
              [
                80.07943725585943,
                13.5293607711792
              ],
              [
                80.086723327637,
                13.527240753173771
              ],
              [
                80.08766937255888,
                13.526610374450684
              ],
              [
                80.08793640136736,
                13.525959968566895
              ],
              [
                80.08866882324219,
                13.525529861450195
              ],
              [
                80.09377288818388,
                13.513560295105037
              ],
              [
                80.09565734863293,
                13.509840011596907
              ],
              [
                80.09670257568376,
                13.508210182189998
              ],
              [
                80.0994262695313,
                13.506310462951717
              ],
              [
                80.10035705566406,
                13.505200386047363
              ],
              [
                80.10504913330107,
                13.503631591796989
              ],
              [
                80.10691070556652,
                13.50394153594982
              ],
              [
                80.1208114624024,
                13.502360343933162
              ],
              [
                80.12789154052746,
                13.49895000457775
              ],
              [
                80.12861633300787,
                13.498551368713322
              ],
              [
                80.12889099121122,
                13.497639656066951
              ],
              [
                80.12950897216814,
                13.49732971191412
              ],
              [
                80.1306991577149,
                13.497078895568848
              ],
              [
                80.13271331787104,
                13.495919227600098
              ],
              [
                80.13540649414062,
                13.493090629577637
              ],
              [
                80.1354598999024,
                13.492180824280013
              ],
              [
                80.13616180419922,
                13.491971969604606
              ],
              [
                80.13761138916021,
                13.491150856018066
              ],
              [
                80.14457702636736,
                13.485610961914062
              ],
              [
                80.14465332031256,
                13.484689712524414
              ],
              [
                80.14742279052734,
                13.482821464538574
              ],
              [
                80.1506576538086,
                13.479981422424373
              ],
              [
                80.15209960937506,
                13.478879928588867
              ],
              [
                80.15416717529303,
                13.47894191741949
              ],
              [
                80.15650177001964,
                13.478889465331974
              ],
              [
                80.15837860107428,
                13.478322029113826
              ],
              [
                80.1631469726563,
                13.47755241394043
              ],
              [
                80.16459655761736,
                13.477861404418945
              ],
              [
                80.16510009765653,
                13.47797107696556
              ],
              [
                80.16581726074224,
                13.477769851684684
              ],
              [
                80.17569732666016,
                13.478951454162598
              ],
              [
                80.17942810058622,
                13.478281021118391
              ],
              [
                80.18176269531267,
                13.477769851684684
              ],
              [
                80.19406127929693,
                13.476229667663631
              ],
              [
                80.20369720459001,
                13.478041648864803
              ],
              [
                80.20944213867205,
                13.481801986694563
              ],
              [
                80.2117767333985,
                13.482310295105208
              ],
              [
                80.21624755859403,
                13.481831550598258
              ],
              [
                80.2220458984375,
                13.48032093048107
              ],
              [
                80.23033142089872,
                13.476849555969295
              ],
              [
                80.23500823974626,
                13.47387981414795
              ],
              [
                80.24090576171892,
                13.470150947571028
              ],
              [
                80.24224090576189,
                13.468710899353312
              ],
              [
                80.243637084961,
                13.4677991867066
              ],
              [
                80.24417114257812,
                13.46703052520752
              ],
              [
                80.2458572387697,
                13.465749740600586
              ],
              [
                80.2463989257812,
                13.46538066864025
              ],
              [
                80.2472000122072,
                13.463601112366007
              ],
              [
                80.25058746337885,
                13.460580825805948
              ],
              [
                80.2506408691408,
                13.4596719741823
              ],
              [
                80.2520370483399,
                13.45885086059593
              ],
              [
                80.25360870361357,
                13.4557399749757
              ],
              [
                80.25578308105486,
                13.4540309906007
              ],
              [
                80.25834655761724,
                13.449290275573958
              ],
              [
                80.25988769531278,
                13.447361946106128
              ],
              [
                80.26342010498064,
                13.439351081848315
              ],
              [
                80.26457977294922,
                13.435610771179483
              ],
              [
                80.26494598388689,
                13.428290367126579
              ],
              [
                80.26534271240234,
                13.421111106872559
              ],
              [
                80.26608276367205,
                13.41797924041748
              ],
              [
                80.26799774169939,
                13.41434192657465
              ],
              [
                80.27160644531267,
                13.413180351257495
              ],
              [
                80.27789306640642,
                13.407531738281364
              ],
              [
                80.27999877929705,
                13.40205097198509
              ],
              [
                80.28015899658197,
                13.400260925293253
              ],
              [
                80.2798461914063,
                13.399580001831282
              ],
              [
                80.27894592285162,
                13.399060249328727
              ],
              [
                80.27722167968756,
                13.39921092987072
              ],
              [
                80.27629089355497,
                13.399399757385424
              ],
              [
                80.27493286132818,
                13.398871421814022
              ],
              [
                80.27414703369146,
                13.398371696472225
              ],
              [
                80.27391815185564,
                13.397690773010254
              ],
              [
                80.27597045898438,
                13.389142036438102
              ],
              [
                80.27733612060564,
                13.388261795044002
              ],
              [
                80.27922058105486,
                13.387361526489371
              ],
              [
                80.28214263916021,
                13.385531425476074
              ],
              [
                80.29313659667969,
                13.383420944214151
              ],
              [
                80.29692077636747,
                13.381251335144327
              ],
              [
                80.30179595947271,
                13.377919197082463
              ],
              [
                80.30645751953153,
                13.37476921081543
              ],
              [
                80.30670928955095,
                13.374580383300952
              ],
              [
                80.30760192871122,
                13.373511314392147
              ],
              [
                80.31212615966803,
                13.369380950927734
              ],
              [
                80.3153686523438,
                13.371451377868766
              ],
              [
                80.31497955322271,
                13.374591827392635
              ],
              [
                80.31548309326189,
                13.375520706176871
              ],
              [
                80.31649780273443,
                13.376372337341365
              ],
              [
                80.31526184082031,
                13.379731178283635
              ],
              [
                80.31478881835943,
                13.391762733459643
              ],
              [
                80.31450653076189,
                13.39921092987072
              ],
              [
                80.31278228759766,
                13.405929565429744
              ],
              [
                80.31163787841797,
                13.418080329895247
              ],
              [
                80.311508178711,
                13.421760559082088
              ],
              [
                80.31204986572283,
                13.422459602356184
              ],
              [
                80.31278991699236,
                13.42615032196062
              ],
              [
                80.31273651123075,
                13.426271438598746
              ],
              [
                80.3129959106447,
                13.42791557312006
              ],
              [
                80.3137512207033,
                13.42791557312006
              ],
              [
                80.3137512207033,
                13.428194999694938
              ],
              [
                80.315971374512,
                13.428194999694938
              ],
              [
                80.315971374512,
                13.428473472595329
              ],
              [
                80.31625366210955,
                13.428473472595329
              ],
              [
                80.31625366210955,
                13.428194999694938
              ],
              [
                80.31652832031261,
                13.428194999694938
              ],
              [
                80.31652832031261,
                13.427359580993596
              ],
              [
                80.3168029785158,
                13.427359580993596
              ],
              [
                80.3168029785158,
                13.427082061767692
              ],
              [
                80.31652832031261,
                13.427082061767692
              ],
              [
                80.31652832031261,
                13.4262504577639
              ],
              [
                80.3168029785158,
                13.4262504577639
              ],
              [
                80.3168029785158,
                13.425970077514762
              ],
              [
                80.31708526611334,
                13.425971984863509
              ],
              [
                80.31708526611334,
                13.425694465637264
              ],
              [
                80.31791687011713,
                13.425694465637264
              ],
              [
                80.31791687011713,
                13.42513847351097
              ],
              [
                80.31764221191412,
                13.425151824951456
              ],
              [
                80.31764221191412,
                13.424579620361612
              ],
              [
                80.3173599243164,
                13.42458438873291
              ],
              [
                80.3173599243164,
                13.423472404480151
              ],
              [
                80.31708526611334,
                13.423472404480151
              ],
              [
                80.31708526611334,
                13.422916412353459
              ],
              [
                80.3173599243164,
                13.422921180725325
              ],
              [
                80.3173599243164,
                13.422639846801871
              ],
              [
                80.31791687011713,
                13.422639846801871
              ],
              [
                80.31791687011713,
                13.422360420226994
              ],
              [
                80.31846618652372,
                13.422360420226994
              ],
              [
                80.31846618652372,
                13.422639846801871
              ],
              [
                80.3187484741211,
                13.422639846801871
              ],
              [
                80.3187484741211,
                13.421811103820971
              ],
              [
                80.31846618652372,
                13.421811103820971
              ],
              [
                80.31846618652372,
                13.42125034332281
              ],
              [
                80.31819152832037,
                13.42125034332281
              ],
              [
                80.31819152832037,
                13.42069244384777
              ],
              [
                80.31847381591825,
                13.420694351196346
              ],
              [
                80.31847381591825,
                13.420140266418457
              ],
              [
                80.3187484741211,
                13.420140266418457
              ],
              [
                80.3187484741211,
                13.419578552246037
              ],
              [
                80.31903076171903,
                13.419584274291992
              ],
              [
                80.31903076171903,
                13.419305801391602
              ],
              [
                80.31931304931658,
                13.41930961608898
              ],
              [
                80.31931304931658,
                13.419020652770996
              ],
              [
                80.31958007812511,
                13.419028282165527
              ],
              [
                80.31958007812511,
                13.418472290039062
              ],
              [
                80.31986236572283,
                13.418472290039062
              ],
              [
                80.31986236572283,
                13.417916297912598
              ],
              [
                80.32013702392584,
                13.417920112610147
              ],
              [
                80.32013702392584,
                13.417360305786133
              ],
              [
                80.32041931152361,
                13.41736221313488
              ],
              [
                80.32041931152361,
                13.416527748108024
              ],
              [
                80.32068634033209,
                13.4165296554566
              ],
              [
                80.32068634033209,
                13.414861679077376
              ],
              [
                80.32041931152361,
                13.414861679077376
              ],
              [
                80.32041931152361,
                13.414581298828239
              ],
              [
                80.32013702392584,
                13.414584159851131
              ],
              [
                80.32013702392584,
                13.414304733276424
              ],
              [
                80.31986236572283,
                13.41431045532238
              ],
              [
                80.31986236572283,
                13.414031982421818
              ],
              [
                80.31958007812511,
                13.414031982421818
              ],
              [
                80.31958007812511,
                13.413751602172852
              ],
              [
                80.3187484741211,
                13.413751602172852
              ],
              [
                80.3187484741211,
                13.413471221924055
              ],
              [
                80.31847381591825,
                13.413471221924055
              ],
              [
                80.31847381591825,
                13.413195610046387
              ],
              [
                80.31819152832037,
                13.413195610046387
              ],
              [
                80.31819152832037,
                13.412918090820483
              ],
              [
                80.31764221191412,
                13.412921905517635
              ],
              [
                80.31764221191412,
                13.412638664245605
              ],
              [
                80.3173599243164,
                13.412638664245605
              ],
              [
                80.3173599243164,
                13.412080764770565
              ],
              [
                80.31725311279303,
                13.41208267211914
              ],
              [
                80.31708526611334,
                13.41208267211914
              ],
              [
                80.31708526611334,
                13.411805152893066
              ],
              [
                80.31732940673857,
                13.411809921264876
              ],
              [
                80.3173599243164,
                13.411529541015739
              ],
              [
                80.31764221191412,
                13.411529541015739
              ],
              [
                80.31764221191412,
                13.411809921264876
              ],
              [
                80.31847381591825,
                13.411805152893066
              ],
              [
                80.31847381591825,
                13.41208267211914
              ],
              [
                80.31930541992205,
                13.41208267211914
              ],
              [
                80.31930541992205,
                13.412361145019531
              ],
              [
                80.31958007812511,
                13.412359237671126
              ],
              [
                80.31958007812511,
                13.412638664245605
              ],
              [
                80.31986236572283,
                13.412638664245605
              ],
              [
                80.31986236572283,
                13.412921905517635
              ],
              [
                80.32041931152361,
                13.412918090820483
              ],
              [
                80.32041931152361,
                13.413195610046387
              ],
              [
                80.32096862792963,
                13.413195610046387
              ],
              [
                80.32096862792963,
                13.412918090820483
              ],
              [
                80.32153320312528,
                13.412921905517635
              ],
              [
                80.32153320312528,
                13.411251068115348
              ],
              [
                80.32180786132818,
                13.411251068115348
              ],
              [
                80.32180786132818,
                13.409860610962028
              ],
              [
                80.32208251953153,
                13.409860610962028
              ],
              [
                80.32208251953153,
                13.40958118438715
              ],
              [
                80.32236480712908,
                13.409583091736124
              ],
              [
                80.32236480712908,
                13.409304618835563
              ],
              [
                80.32263946533232,
                13.409310340881518
              ],
              [
                80.32263946533232,
                13.407921791076774
              ],
              [
                80.3229064941408,
                13.407921791076774
              ],
              [
                80.3229064941408,
                13.407361030578613
              ],
              [
                80.32319641113287,
                13.407361030578613
              ],
              [
                80.32319641113287,
                13.40681171417242
              ],
              [
                80.32347106933611,
                13.40681171417242
              ],
              [
                80.32347106933611,
                13.406531333923624
              ],
              [
                80.32375335693365,
                13.406531333923624
              ],
              [
                80.32375335693365,
                13.40625095367426
              ],
              [
                80.32402801513666,
                13.40625095367426
              ],
              [
                80.32402801513666,
                13.405970573425293
              ],
              [
                80.3243026733399,
                13.405973434448185
              ],
              [
                80.3243026733399,
                13.405694961547795
              ],
              [
                80.32458496093778,
                13.405694961547795
              ],
              [
                80.32458496093778,
                13.405417442321891
              ],
              [
                80.3248519897461,
                13.40542125701927
              ],
              [
                80.3248519897461,
                13.405140876770304
              ],
              [
                80.32514190673857,
                13.405140876770304
              ],
              [
                80.32514190673857,
                13.404020309448526
              ],
              [
                80.32485961914068,
                13.404028892517147
              ],
              [
                80.32485961914068,
                13.402916908264388
              ],
              [
                80.32457733154325,
                13.402920722961596
              ],
              [
                80.32457733154325,
                13.402360916137923
              ],
              [
                80.3243026733399,
                13.402360916137923
              ],
              [
                80.3243026733399,
                13.40207958221447
              ],
              [
                80.32375335693365,
                13.402082443237532
              ],
              [
                80.32375335693365,
                13.401526451111067
              ],
              [
                80.32402801513666,
                13.401531219482536
              ],
              [
                80.32402801513666,
                13.401252746581974
              ],
              [
                80.3243026733399,
                13.401252746581974
              ],
              [
                80.3243026733399,
                13.400981903076115
              ],
              [
                80.3248519897461,
                13.400981903076115
              ],
              [
                80.3248519897461,
                13.400690078735636
              ],
              [
                80.32514190673857,
                13.400694847106934
              ],
              [
                80.32514190673857,
                13.400416374206543
              ],
              [
                80.32541656494158,
                13.400421142578182
              ],
              [
                80.32541656494158,
                13.400140762329215
              ],
              [
                80.32569122314482,
                13.400140762329215
              ],
              [
                80.32569122314482,
                13.399860382080078
              ],
              [
                80.32624816894537,
                13.399860382080078
              ],
              [
                80.32624816894537,
                13.39902782440197
              ],
              [
                80.32653045654314,
                13.399030685425032
              ],
              [
                80.32653045654314,
                13.395970344543514
              ],
              [
                80.32624816894537,
                13.395972251892317
              ],
              [
                80.32624816894537,
                13.395693778991927
              ],
              [
                80.32597351074236,
                13.395693778991927
              ],
              [
                80.32597351074236,
                13.394862174987963
              ],
              [
                80.32569122314482,
                13.394862174987963
              ],
              [
                80.32569122314482,
                13.392359733581486
              ],
              [
                80.32541656494158,
                13.392359733581486
              ],
              [
                80.32541656494158,
                13.39207935333252
              ],
              [
                80.32458496093778,
                13.392084121704158
              ],
              [
                80.32458496093778,
                13.391805648803768
              ],
              [
                80.3243026733399,
                13.391810417175463
              ],
              [
                80.3243026733399,
                13.39153003692627
              ],
              [
                80.32375335693365,
                13.39153003692627
              ],
              [
                80.32375335693365,
                13.391249656677303
              ],
              [
                80.3229064941408,
                13.391249656677303
              ],
              [
                80.3229064941408,
                13.3906888961792
              ],
              [
                80.32263946533232,
                13.390693664550838
              ],
              [
                80.32263946533232,
                13.390137672424544
              ],
              [
                80.32235717773455,
                13.39013957977295
              ],
              [
                80.32235717773455,
                13.389859199523983
              ],
              [
                80.32319641113287,
                13.389859199523983
              ],
              [
                80.32319641113287,
                13.39013957977295
              ],
              [
                80.32402801513666,
                13.39013957977295
              ],
              [
                80.32402801513666,
                13.390419960021916
              ],
              [
                80.32458496093778,
                13.39041805267334
              ],
              [
                80.32458496093778,
                13.390693664550838
              ],
              [
                80.32514190673857,
                13.390693664550838
              ],
              [
                80.32514190673857,
                13.39041805267334
              ],
              [
                80.32569122314482,
                13.390419960021916
              ],
              [
                80.32569122314482,
                13.39013957977295
              ],
              [
                80.32596588134783,
                13.39013957977295
              ],
              [
                80.32596588134783,
                13.389859199523983
              ],
              [
                80.32624816894537,
                13.389862060546875
              ],
              [
                80.32624816894537,
                13.389583587646484
              ],
              [
                80.32680511474615,
                13.389583587646484
              ],
              [
                80.32680511474615,
                13.38930606842041
              ],
              [
                80.32707977294916,
                13.389311790466365
              ],
              [
                80.32707977294916,
                13.389040946960677
              ],
              [
                80.32736206054693,
                13.389040946960677
              ],
              [
                80.32736206054693,
                13.388751983642692
              ],
              [
                80.32791900634771,
                13.388751983642692
              ],
              [
                80.32791900634771,
                13.388470649719238
              ],
              [
                80.32819366455107,
                13.388470649719238
              ],
              [
                80.32819366455107,
                13.388193130493164
              ],
              [
                80.32847595214844,
                13.388193130493164
              ],
              [
                80.32847595214844,
                13.387918472290153
              ],
              [
                80.32875061035185,
                13.3879203796389
              ],
              [
                80.32875061035185,
                13.387641906738338
              ],
              [
                80.32930755615246,
                13.387641906738338
              ],
              [
                80.32930755615246,
                13.387361526489371
              ],
              [
                80.32958221435564,
                13.387361526489371
              ],
              [
                80.32958221435564,
                13.387084007263297
              ],
              [
                80.32986450195318,
                13.387084007263297
              ],
              [
                80.32986450195318,
                13.384860992431868
              ],
              [
                80.33013916015625,
                13.384860992431868
              ],
              [
                80.33013916015625,
                13.38042163848894
              ],
              [
                80.3304061889649,
                13.38042163848894
              ],
              [
                80.3304061889649,
                13.377919197082463
              ],
              [
                80.33013916015625,
                13.377919197082463
              ],
              [
                80.33013916015625,
                13.377640724182072
              ],
              [
                80.32985687255865,
                13.377640724182072
              ],
              [
                80.32985687255865,
                13.377079963684139
              ],
              [
                80.32958221435564,
                13.377082824707031
              ],
              [
                80.32958221435564,
                13.376805305480957
              ],
              [
                80.32930755615246,
                13.376811027527083
              ],
              [
                80.32930755615246,
                13.376530647278116
              ],
              [
                80.32903289794939,
                13.376530647278116
              ],
              [
                80.32903289794939,
                13.376251220703239
              ],
              [
                80.32875061035185,
                13.376251220703239
              ],
              [
                80.32875061035185,
                13.375972747802848
              ],
              [
                80.32847595214844,
                13.375972747802848
              ],
              [
                80.32847595214844,
                13.375420570373763
              ],
              [
                80.32818603515653,
                13.375420570373763
              ],
              [
                80.32818603515653,
                13.375141143799055
              ],
              [
                80.32791900634771,
                13.375141143799055
              ],
              [
                80.32791900634771,
                13.374857902526855
              ],
              [
                80.32763671875028,
                13.374859809875431
              ],
              [
                80.32763671875028,
                13.374582290649528
              ],
              [
                80.32736206054693,
                13.374582290649528
              ],
              [
                80.32736206054693,
                13.3743066787722
              ],
              [
                80.32681274414068,
                13.374311447143498
              ],
              [
                80.32681274414068,
                13.374039649963379
              ],
              [
                80.32653045654314,
                13.374039649963379
              ],
              [
                80.32653045654314,
                13.373750686645735
              ],
              [
                80.32624816894537,
                13.373750686645735
              ],
              [
                80.32624816894537,
                13.373189926147631
              ],
              [
                80.32597351074236,
                13.373193740844783
              ],
              [
                80.32597351074236,
                13.372637748718489
              ],
              [
                80.32569122314482,
                13.372640609741211
              ],
              [
                80.32569122314482,
                13.372360229492244
              ],
              [
                80.32541656494158,
                13.372360229492244
              ],
              [
                80.32541656494158,
                13.37180423736595
              ],
              [
                80.32514190673857,
                13.371810913085994
              ],
              [
                80.32514190673857,
                13.371530532837028
              ],
              [
                80.3248519897461,
                13.371530532837028
              ],
              [
                80.3248519897461,
                13.370969772339095
              ],
              [
                80.32458496093778,
                13.3709716796875
              ],
              [
                80.32458496093778,
                13.370694160461596
              ],
              [
                80.3243026733399,
                13.370694160461596
              ],
              [
                80.3243026733399,
                13.370415687561035
              ],
              [
                80.32457733154325,
                13.370421409607161
              ],
              [
                80.32457733154325,
                13.370140075683707
              ],
              [
                80.3248519897461,
                13.370140075683707
              ],
              [
                80.3248519897461,
                13.36985969543474
              ],
              [
                80.32514190673857,
                13.36985969543474
              ],
              [
                80.32514190673857,
                13.369580268859863
              ],
              [
                80.32541656494158,
                13.36958217620844
              ],
              [
                80.32541656494158,
                13.369305610656852
              ],
              [
                80.32569122314482,
                13.369311332702807
              ],
              [
                80.32569122314482,
                13.369029998779524
              ],
              [
                80.32596588134783,
                13.369029998779524
              ],
              [
                80.32596588134783,
                13.368749618530387
              ],
              [
                80.32624816894537,
                13.368749618530387
              ],
              [
                80.32624816894537,
                13.36847019195551
              ],
              [
                80.32653045654314,
                13.368472099304483
              ],
              [
                80.32653045654314,
                13.368193626404093
              ],
              [
                80.32680511474615,
                13.368193626404093
              ],
              [
                80.32680511474615,
                13.367916107177791
              ],
              [
                80.32707977294916,
                13.367916107177791
              ],
              [
                80.32707977294916,
                13.367637634277628
              ],
              [
                80.32736206054693,
                13.367639541626033
              ],
              [
                80.32736206054693,
                13.36736202240013
              ],
              [
                80.32763671875028,
                13.36736202240013
              ],
              [
                80.32763671875028,
                13.367081642150936
              ],
              [
                80.32819366455107,
                13.367083549499739
              ],
              [
                80.32819366455107,
                13.366806030273438
              ],
              [
                80.32847595214844,
                13.366810798645304
              ],
              [
                80.32847595214844,
                13.36653041839594
              ],
              [
                80.32903289794939,
                13.36653041839594
              ],
              [
                80.32903289794939,
                13.367639541626033
              ],
              [
                80.32875061035185,
                13.367637634277628
              ],
              [
                80.32875061035185,
                13.368472099304483
              ],
              [
                80.32847595214844,
                13.36847019195551
              ],
              [
                80.32847595214844,
                13.368749618530387
              ],
              [
                80.32818603515653,
                13.368749618530387
              ],
              [
                80.32818603515653,
                13.369029998779524
              ],
              [
                80.32791900634771,
                13.369029998779524
              ],
              [
                80.32791900634771,
                13.369311332702807
              ],
              [
                80.32736206054693,
                13.369305610656852
              ],
              [
                80.32736206054693,
                13.36958217620844
              ],
              [
                80.32707977294916,
                13.369580268859863
              ],
              [
                80.32707977294916,
                13.370140075683707
              ],
              [
                80.32736206054693,
                13.370138168335131
              ],
              [
                80.32736206054693,
                13.3709716796875
              ],
              [
                80.32763671875028,
                13.370969772339095
              ],
              [
                80.32763671875028,
                13.371810913085994
              ],
              [
                80.32791900634771,
                13.371810913085994
              ],
              [
                80.32791900634771,
                13.372920989990348
              ],
              [
                80.32819366455107,
                13.37291622161888
              ],
              [
                80.32819366455107,
                13.373193740844783
              ],
              [
                80.32847595214844,
                13.373193740844783
              ],
              [
                80.32847595214844,
                13.373473167419661
              ],
              [
                80.32875061035185,
                13.373470306396598
              ],
              [
                80.32875061035185,
                13.373750686645735
              ],
              [
                80.32903289794939,
                13.373750686645735
              ],
              [
                80.32903289794939,
                13.374039649963379
              ],
              [
                80.32930755615246,
                13.374039649963379
              ],
              [
                80.32930755615246,
                13.374311447143498
              ],
              [
                80.32958221435564,
                13.3743066787722
              ],
              [
                80.32958221435564,
                13.374582290649528
              ],
              [
                80.32986450195318,
                13.374582290649528
              ],
              [
                80.32986450195318,
                13.374859809875431
              ],
              [
                80.33013916015625,
                13.374857902526855
              ],
              [
                80.33013916015625,
                13.375141143799055
              ],
              [
                80.3304061889649,
                13.375141143799055
              ],
              [
                80.3304061889649,
                13.375420570373763
              ],
              [
                80.33069610595697,
                13.375416755676383
              ],
              [
                80.33069610595697,
                13.375695228576774
              ],
              [
                80.33097076416021,
                13.375695228576774
              ],
              [
                80.33097076416021,
                13.376251220703239
              ],
              [
                80.3312530517581,
                13.376251220703239
              ],
              [
                80.3312530517581,
                13.376530647278116
              ],
              [
                80.33152770996094,
                13.376528739929142
              ],
              [
                80.33152770996094,
                13.379583358764705
              ],
              [
                80.33180236816435,
                13.37958145141613
              ],
              [
                80.33180236816435,
                13.383750915527344
              ],
              [
                80.33152770996094,
                13.383750915527344
              ],
              [
                80.33152770996094,
                13.38542175292963
              ],
              [
                80.3312530517581,
                13.38542175292963
              ],
              [
                80.3312530517581,
                13.3879203796389
              ],
              [
                80.33097839355474,
                13.3879203796389
              ],
              [
                80.33097839355474,
                13.391249656677303
              ],
              [
                80.33069610595697,
                13.391249656677303
              ],
              [
                80.33069610595697,
                13.3929195404055
              ],
              [
                80.33041381835943,
                13.392915725707951
              ],
              [
                80.33041381835943,
                13.393471717834416
              ],
              [
                80.33013916015625,
                13.39346981048584
              ],
              [
                80.33013916015625,
                13.394029617309684
              ],
              [
                80.32986450195318,
                13.394027709961108
              ],
              [
                80.32986450195318,
                13.394583702087573
              ],
              [
                80.32958221435564,
                13.39458179473877
              ],
              [
                80.32958221435564,
                13.395139694213867
              ],
              [
                80.32930755615246,
                13.395137786865462
              ],
              [
                80.32930755615246,
                13.395693778991927
              ],
              [
                80.32903289794939,
                13.395691871643123
              ],
              [
                80.32903289794939,
                13.396249771118221
              ],
              [
                80.32875061035185,
                13.396249771118221
              ],
              [
                80.32875061035185,
                13.396810531616325
              ],
              [
                80.32847595214844,
                13.396805763244856
              ],
              [
                80.32847595214844,
                13.397359848022575
              ],
              [
                80.32819366455107,
                13.397359848022575
              ],
              [
                80.32819366455107,
                13.398471832275504
              ],
              [
                80.32791900634771,
                13.398469924926928
              ],
              [
                80.32791900634771,
                13.400140762329215
              ],
              [
                80.32763671875028,
                13.400140762329215
              ],
              [
                80.32763671875028,
                13.401531219482536
              ],
              [
                80.32736206054693,
                13.401526451111067
              ],
              [
                80.32736206054693,
                13.403195381164778
              ],
              [
                80.32707977294916,
                13.403195381164778
              ],
              [
                80.32707977294916,
                13.404582977295036
              ],
              [
                80.32681274414068,
                13.404580116271973
              ],
              [
                80.32681274414068,
                13.40542125701927
              ],
              [
                80.32653045654314,
                13.405417442321891
              ],
              [
                80.32653045654314,
                13.405973434448185
              ],
              [
                80.32624816894537,
                13.405970573425293
              ],
              [
                80.32624816894537,
                13.406531333923624
              ],
              [
                80.32597351074236,
                13.406526565551758
              ],
              [
                80.32597351074236,
                13.40708255767845
              ],
              [
                80.32569122314482,
                13.407080650329647
              ],
              [
                80.32569122314482,
                13.407641410827807
              ],
              [
                80.32541656494158,
                13.407641410827807
              ],
              [
                80.32541656494158,
                13.407921791076774
              ],
              [
                80.32514190673857,
                13.407917022705305
              ],
              [
                80.32514190673857,
                13.40819454193121
              ],
              [
                80.32485961914068,
                13.40819454193121
              ],
              [
                80.32485961914068,
                13.40847301483177
              ],
              [
                80.32457733154325,
                13.408471107482967
              ],
              [
                80.32457733154325,
                13.408750534057845
              ],
              [
                80.3243026733399,
                13.408750534057845
              ],
              [
                80.3243026733399,
                13.409031867981128
              ],
              [
                80.32402801513666,
                13.409031867981128
              ],
              [
                80.32402801513666,
                13.409310340881518
              ],
              [
                80.32375335693365,
                13.409304618835563
              ],
              [
                80.32375335693365,
                13.409860610962028
              ],
              [
                80.32347106933611,
                13.409860610962028
              ],
              [
                80.32347106933611,
                13.410150527954102
              ],
              [
                80.32375335693365,
                13.410150527954102
              ],
              [
                80.32375335693365,
                13.411251068115348
              ],
              [
                80.32402801513666,
                13.411249160766772
              ],
              [
                80.32402801513666,
                13.412361145019531
              ],
              [
                80.32375335693365,
                13.412361145019531
              ],
              [
                80.32375335693365,
                13.413195610046387
              ],
              [
                80.32347106933611,
                13.413195610046387
              ],
              [
                80.32347106933611,
                13.413471221924055
              ],
              [
                80.32375335693365,
                13.413471221924055
              ],
              [
                80.32375335693365,
                13.41431045532238
              ],
              [
                80.32402801513666,
                13.414304733276424
              ],
              [
                80.32402801513666,
                13.414584159851131
              ],
              [
                80.32375335693365,
                13.414581298828239
              ],
              [
                80.32375335693365,
                13.415419578552246
              ],
              [
                80.32402801513666,
                13.41541767120367
              ],
              [
                80.32402801513666,
                13.415971755981559
              ],
              [
                80.32375335693365,
                13.415960311889648
              ],
              [
                80.32375335693365,
                13.4165296554566
              ],
              [
                80.32347106933611,
                13.416527748108024
              ],
              [
                80.32347106933611,
                13.41736221313488
              ],
              [
                80.32319641113287,
                13.417360305786133
              ],
              [
                80.32319641113287,
                13.417639732360783
              ],
              [
                80.32291412353533,
                13.417639732360783
              ],
              [
                80.32291412353533,
                13.418472290039062
              ],
              [
                80.32263946533232,
                13.418472290039062
              ],
              [
                80.32263946533232,
                13.419028282165527
              ],
              [
                80.3229064941408,
                13.419020652770996
              ],
              [
                80.3229064941408,
                13.41930961608898
              ],
              [
                80.32263946533232,
                13.41930961608898
              ],
              [
                80.32263946533232,
                13.419861793518294
              ],
              [
                80.32235717773455,
                13.419861793518294
              ],
              [
                80.32235717773455,
                13.420140266418457
              ],
              [
                80.32152557373075,
                13.420140266418457
              ],
              [
                80.32152557373075,
                13.420694351196346
              ],
              [
                80.3212509155274,
                13.42069244384777
              ],
              [
                80.3212509155274,
                13.42125034332281
              ],
              [
                80.32096862792963,
                13.42125034332281
              ],
              [
                80.32096862792963,
                13.421811103820971
              ],
              [
                80.32069396972662,
                13.421806335449503
              ],
              [
                80.32069396972662,
                13.422362327575968
              ],
              [
                80.32041931152361,
                13.422360420226994
              ],
              [
                80.32041931152361,
                13.422921180725325
              ],
              [
                80.32013702392584,
                13.422916412353459
              ],
              [
                80.32013702392584,
                13.423472404480151
              ],
              [
                80.31986236572283,
                13.423469543457259
              ],
              [
                80.31986236572283,
                13.423749923706055
              ],
              [
                80.31931304931658,
                13.423749923706055
              ],
              [
                80.31931304931658,
                13.424031257629679
              ],
              [
                80.31958007812511,
                13.424028396606616
              ],
              [
                80.31958007812511,
                13.42458438873291
              ],
              [
                80.31986236572283,
                13.424579620361612
              ],
              [
                80.31986236572283,
                13.426530838012695
              ],
              [
                80.32013702392584,
                13.426530838012695
              ],
              [
                80.32013702392584,
                13.426811218261662
              ],
              [
                80.32041931152361,
                13.42680740356468
              ],
              [
                80.32041931152361,
                13.427082061767692
              ],
              [
                80.32069396972662,
                13.427082061767692
              ],
              [
                80.32069396972662,
                13.427359580993596
              ],
              [
                80.32153320312528,
                13.427359580993596
              ],
              [
                80.32153320312528,
                13.42764091491722
              ],
              [
                80.32263946533232,
                13.42764091491722
              ],
              [
                80.32263946533232,
                13.427359580993596
              ],
              [
                80.32291412353533,
                13.427359580993596
              ],
              [
                80.32291412353533,
                13.42680740356468
              ],
              [
                80.32319641113287,
                13.426811218261662
              ],
              [
                80.32319641113287,
                13.425689697265796
              ],
              [
                80.32347106933611,
                13.425694465637264
              ],
              [
                80.32347106933611,
                13.427082061767692
              ],
              [
                80.32375335693365,
                13.427082061767692
              ],
              [
                80.32375335693365,
                13.427359580993596
              ],
              [
                80.32402801513666,
                13.427359580993596
              ],
              [
                80.32402801513666,
                13.42764091491722
              ],
              [
                80.32457733154325,
                13.42764091491722
              ],
              [
                80.32457733154325,
                13.427921295166016
              ],
              [
                80.32485961914068,
                13.42791557312006
              ],
              [
                80.32485961914068,
                13.428194999694938
              ],
              [
                80.32514190673857,
                13.428194999694938
              ],
              [
                80.32514190673857,
                13.428473472595329
              ],
              [
                80.32541656494158,
                13.42846965789795
              ],
              [
                80.32541656494158,
                13.42903137207037
              ],
              [
                80.32569122314482,
                13.42903137207037
              ],
              [
                80.32569122314482,
                13.429308891296444
              ],
              [
                80.32596588134783,
                13.429308891296444
              ],
              [
                80.32596588134783,
                13.429861068725586
              ],
              [
                80.32624816894537,
                13.429861068725586
              ],
              [
                80.32624816894537,
                13.43125057220459
              ],
              [
                80.32596588134783,
                13.43125057220459
              ],
              [
                80.32597351074236,
                13.432360649108944
              ],
              [
                80.32569122314482,
                13.432360649108944
              ],
              [
                80.32569122314482,
                13.434582710266284
              ],
              [
                80.32541656494158,
                13.43458080291748
              ],
              [
                80.32541656494158,
                13.436250686645508
              ],
              [
                80.32514190673857,
                13.436250686645508
              ],
              [
                80.32514190673857,
                13.437919616699219
              ],
              [
                80.3248519897461,
                13.437919616699219
              ],
              [
                80.3248519897461,
                13.439029693603743
              ],
              [
                80.32457733154325,
                13.439029693603743
              ],
              [
                80.32457733154325,
                13.442361831665039
              ],
              [
                80.3248519897461,
                13.442361831665039
              ],
              [
                80.3248519897461,
                13.44264030456543
              ],
              [
                80.32514190673857,
                13.44264030456543
              ],
              [
                80.32514190673857,
                13.443194389343319
              ],
              [
                80.32541656494158,
                13.44319057464594
              ],
              [
                80.32541656494158,
                13.443750381469954
              ],
              [
                80.32569122314482,
                13.443750381469954
              ],
              [
                80.32569122314482,
                13.44319057464594
              ],
              [
                80.32597351074236,
                13.443194389343319
              ],
              [
                80.32597351074236,
                13.44264030456543
              ],
              [
                80.32624816894537,
                13.44264030456543
              ],
              [
                80.32624816894537,
                13.439580917358398
              ],
              [
                80.32653045654314,
                13.439582824707145
              ],
              [
                80.32653045654314,
                13.437916755676497
              ],
              [
                80.32681274414068,
                13.437919616699219
              ],
              [
                80.32681274414068,
                13.436250686645508
              ],
              [
                80.32707977294916,
                13.436250686645508
              ],
              [
                80.32707977294916,
                13.434311866760254
              ],
              [
                80.32736206054693,
                13.434311866760254
              ],
              [
                80.32736206054693,
                13.432641029358138
              ],
              [
                80.32763671875028,
                13.432641029358138
              ],
              [
                80.32763671875028,
                13.43125057220459
              ],
              [
                80.32791900634771,
                13.43125057220459
              ],
              [
                80.32791900634771,
                13.429861068725586
              ],
              [
                80.32818603515653,
                13.429861068725586
              ],
              [
                80.32818603515653,
                13.426811218261662
              ],
              [
                80.32791900634771,
                13.426811218261662
              ],
              [
                80.32791900634771,
                13.425689697265796
              ],
              [
                80.32819366455107,
                13.425694465637264
              ],
              [
                80.32819366455107,
                13.42513847351097
              ],
              [
                80.32847595214844,
                13.425151824951456
              ],
              [
                80.32847595214844,
                13.422090530395451
              ],
              [
                80.32818603515653,
                13.422090530395451
              ],
              [
                80.32818603515653,
                13.42153263092041
              ],
              [
                80.32791900634771,
                13.42153263092041
              ],
              [
                80.32791900634771,
                13.420971870422647
              ],
              [
                80.32763671875028,
                13.420971870422647
              ],
              [
                80.32763671875028,
                13.420415878295955
              ],
              [
                80.32736206054693,
                13.420419692993164
              ],
              [
                80.32736206054693,
                13.420140266418457
              ],
              [
                80.32707977294916,
                13.420140266418457
              ],
              [
                80.32707977294916,
                13.419861793518294
              ],
              [
                80.32736206054693,
                13.419861793518294
              ],
              [
                80.32736206054693,
                13.41930961608898
              ],
              [
                80.32763671875028,
                13.41930961608898
              ],
              [
                80.32763671875028,
                13.419020652770996
              ],
              [
                80.32791900634771,
                13.419028282165527
              ],
              [
                80.32791900634771,
                13.418472290039062
              ],
              [
                80.32819366455107,
                13.418472290039062
              ],
              [
                80.32819366455107,
                13.416806221008414
              ],
              [
                80.32847595214844,
                13.416810035705794
              ],
              [
                80.32847595214844,
                13.414581298828239
              ],
              [
                80.32875061035185,
                13.414584159851131
              ],
              [
                80.32875061035185,
                13.40847301483177
              ],
              [
                80.32902526855486,
                13.40847301483177
              ],
              [
                80.32902526855486,
                13.40708255767845
              ],
              [
                80.32875061035185,
                13.40708255767845
              ],
              [
                80.32875061035185,
                13.406805038452148
              ],
              [
                80.32903289794939,
                13.40681171417242
              ],
              [
                80.32903289794939,
                13.404861450195426
              ],
              [
                80.32930755615246,
                13.404861450195426
              ],
              [
                80.32930755615246,
                13.404582977295036
              ],
              [
                80.32958221435564,
                13.404582977295036
              ],
              [
                80.32958221435564,
                13.404305458068961
              ],
              [
                80.32985687255865,
                13.404309272766113
              ],
              [
                80.32985687255865,
                13.403751373291243
              ],
              [
                80.32958221435564,
                13.403751373291243
              ],
              [
                80.32958221435564,
                13.402360916137923
              ],
              [
                80.32985687255865,
                13.402360916137923
              ],
              [
                80.32985687255865,
                13.401252746581974
              ],
              [
                80.32958221435564,
                13.401252746581974
              ],
              [
                80.32958221435564,
                13.400140762329215
              ],
              [
                80.32985687255865,
                13.400140762329215
              ],
              [
                80.32985687255865,
                13.399860382080078
              ],
              [
                80.33013916015625,
                13.399860382080078
              ],
              [
                80.33013916015625,
                13.398471832275504
              ],
              [
                80.33041381835943,
                13.398471832275504
              ],
              [
                80.33041381835943,
                13.397638320923136
              ],
              [
                80.33069610595697,
                13.397640228271712
              ],
              [
                80.33069610595697,
                13.396531105041674
              ],
              [
                80.33097839355474,
                13.396531105041674
              ],
              [
                80.33097839355474,
                13.395139694213867
              ],
              [
                80.3312530517581,
                13.395139694213867
              ],
              [
                80.3312530517581,
                13.394850730896223
              ],
              [
                80.33097076416021,
                13.394862174987963
              ],
              [
                80.33097076416021,
                13.394306182861271
              ],
              [
                80.3312530517581,
                13.394310951233138
              ],
              [
                80.3312530517581,
                13.39346981048584
              ],
              [
                80.33152770996094,
                13.393471717834416
              ],
              [
                80.33152770996094,
                13.392359733581486
              ],
              [
                80.33180236816435,
                13.392359733581486
              ],
              [
                80.33180236816435,
                13.391249656677303
              ],
              [
                80.33207702636736,
                13.391249656677303
              ],
              [
                80.33207702636736,
                13.39013957977295
              ],
              [
                80.33235931396496,
                13.39013957977295
              ],
              [
                80.33235931396496,
                13.389040946960677
              ],
              [
                80.33264160156267,
                13.389040946960677
              ],
              [
                80.33264160156267,
                13.3879203796389
              ],
              [
                80.33291625976568,
                13.3879203796389
              ],
              [
                80.33291625976568,
                13.386810302734375
              ],
              [
                80.33319091796875,
                13.386810302734375
              ],
              [
                80.33319091796875,
                13.385690689087085
              ],
              [
                80.33347320556646,
                13.38569641113304
              ],
              [
                80.33347320556646,
                13.384583473205794
              ],
              [
                80.33374786376947,
                13.384583473205794
              ],
              [
                80.33374786376947,
                13.38347339630144
              ],
              [
                80.33403015136724,
                13.38347339630144
              ],
              [
                80.33403015136724,
                13.382361412048283
              ],
              [
                80.3343048095706,
                13.382361412048283
              ],
              [
                80.3343048095706,
                13.381251335144327
              ],
              [
                80.33458709716803,
                13.381251335144327
              ],
              [
                80.33458709716803,
                13.380141258239973
              ],
              [
                80.33486175537138,
                13.380141258239973
              ],
              [
                80.33486175537138,
                13.37903118133562
              ],
              [
                80.33513641357439,
                13.37903118133562
              ],
              [
                80.33513641357439,
                13.377919197082463
              ],
              [
                80.33541870117216,
                13.377919197082463
              ],
              [
                80.33541870117216,
                13.376811027527083
              ],
              [
                80.33569335937517,
                13.376811027527083
              ],
              [
                80.33569335937517,
                13.375972747802848
              ],
              [
                80.3359832763673,
                13.375972747802848
              ],
              [
                80.33597564697271,
                13.374859809875431
              ],
              [
                80.33625030517595,
                13.374859809875431
              ],
              [
                80.33625030517595,
                13.373750686645735
              ],
              [
                80.33651733398443,
                13.373750686645735
              ],
              [
                80.33651733398443,
                13.372640609741211
              ],
              [
                80.3368072509765,
                13.372640609741211
              ],
              [
                80.3368072509765,
                13.371810913085994
              ],
              [
                80.33651733398443,
                13.371810913085994
              ],
              [
                80.33651733398443,
                13.370690345764217
              ],
              [
                80.3368072509765,
                13.370694160461596
              ],
              [
                80.3368072509765,
                13.3709716796875
              ],
              [
                80.33708190917974,
                13.3709716796875
              ],
              [
                80.33708190917974,
                13.370694160461596
              ],
              [
                80.33736419677763,
                13.370694160461596
              ],
              [
                80.33736419677763,
                13.36958217620844
              ],
              [
                80.33763885498053,
                13.36958217620844
              ],
              [
                80.33763885498053,
                13.368472099304483
              ],
              [
                80.33791351318388,
                13.368472099304483
              ],
              [
                80.33791351318388,
                13.36736202240013
              ],
              [
                80.33819580078142,
                13.36736202240013
              ],
              [
                80.33819580078142,
                13.36653041839594
              ],
              [
                80.33847045898466,
                13.36653041839594
              ],
              [
                80.33847045898466,
                13.365420341491983
              ],
              [
                80.3387527465822,
                13.365420341491983
              ],
              [
                80.3387527465822,
                13.36431026458763
              ],
              [
                80.33902740478521,
                13.36431026458763
              ],
              [
                80.33902740478521,
                13.363750457763786
              ],
              [
                80.3387527465822,
                13.363750457763786
              ],
              [
                80.3387527465822,
                13.363471984863395
              ],
              [
                80.33902740478521,
                13.363471984863395
              ],
              [
                80.33902740478521,
                13.362361907959212
              ],
              [
                80.33930206298845,
                13.362361907959212
              ],
              [
                80.33930206298845,
                13.362080574035588
              ],
              [
                80.339584350586,
                13.362084388732967
              ],
              [
                80.339584350586,
                13.360971450805891
              ],
              [
                80.339859008789,
                13.360971450805891
              ],
              [
                80.339859008789,
                13.360415458679256
              ],
              [
                80.33957672119146,
                13.360420227050895
              ],
              [
                80.33957672119146,
                13.359862327575854
              ],
              [
                80.339859008789,
                13.359862327575854
              ],
              [
                80.339859008789,
                13.357639312744254
              ],
              [
                80.3401489257813,
                13.357639312744254
              ],
              [
                80.3401489257813,
                13.357081413268986
              ],
              [
                80.34041595459013,
                13.35708332061796
              ],
              [
                80.34041595459013,
                13.356248855591105
              ],
              [
                80.34069061279303,
                13.35625076293968
              ],
              [
                80.34069824218756,
                13.355682373046818
              ],
              [
                80.34097290039091,
                13.355694770813045
              ],
              [
                80.34097290039091,
                13.35513877868675
              ],
              [
                80.34124755859392,
                13.355140686035156
              ],
              [
                80.34124755859392,
                13.352931022644043
              ],
              [
                80.34152984619169,
                13.352931022644043
              ],
              [
                80.34152984619169,
                13.352360725402775
              ],
              [
                80.34179687500017,
                13.352360725402775
              ],
              [
                80.34179687500017,
                13.350971221923942
              ],
              [
                80.34152984619169,
                13.350973129272518
              ],
              [
                80.34152984619169,
                13.350138664245662
              ],
              [
                80.34179687500017,
                13.350140571594238
              ],
              [
                80.34179687500017,
                13.349869728088606
              ],
              [
                80.3420867919923,
                13.349869728088606
              ],
              [
                80.3420867919923,
                13.349031448364371
              ],
              [
                80.34236145019548,
                13.349031448364371
              ],
              [
                80.34236145019548,
                13.347359657287598
              ],
              [
                80.3426361083985,
                13.347359657287598
              ],
              [
                80.3426361083985,
                13.345141410827864
              ],
              [
                80.3429183959961,
                13.345141410827864
              ],
              [
                80.3429183959961,
                13.34431076049816
              ],
              [
                80.34319305419928,
                13.34431076049816
              ],
              [
                80.34319305419928,
                13.342639923095703
              ],
              [
                80.34348297119135,
                13.342639923095703
              ],
              [
                80.34348297119135,
                13.342082023620605
              ],
              [
                80.34375,
                13.342082023620605
              ],
              [
                80.34375,
                13.341806411743107
              ],
              [
                80.34401702880888,
                13.341811180114973
              ],
              [
                80.34401702880888,
                13.340422630310059
              ],
              [
                80.34375,
                13.340422630310059
              ],
              [
                80.34375,
                13.339859962463322
              ],
              [
                80.34401702880888,
                13.339859962463322
              ],
              [
                80.34401702880888,
                13.339030265808105
              ],
              [
                80.34430694580078,
                13.339030265808105
              ],
              [
                80.34430694580078,
                13.337931632995662
              ],
              [
                80.34458160400419,
                13.337931632995662
              ],
              [
                80.34458160400419,
                13.337639808654785
              ],
              [
                80.34430694580078,
                13.337639808654785
              ],
              [
                80.34430694580078,
                13.336250305175781
              ],
              [
                80.34458160400419,
                13.336250305175781
              ],
              [
                80.34458160400419,
                13.335691452026424
              ],
              [
                80.34486389160173,
                13.335694313049487
              ],
              [
                80.34486389160173,
                13.335417747497672
              ],
              [
                80.34458160400419,
                13.335419654846248
              ],
              [
                80.34458160400419,
                13.334309577941895
              ],
              [
                80.3448562622072,
                13.334309577941895
              ],
              [
                80.3448562622072,
                13.33180141448969
              ],
              [
                80.34458160400419,
                13.331805229187069
              ],
              [
                80.34458160400419,
                13.331526756286848
              ],
              [
                80.34401702880888,
                13.33152961730957
              ],
              [
                80.34401702880888,
                13.331249237060774
              ],
              [
                80.34458160400419,
                13.331249237060774
              ],
              [
                80.34458160400419,
                13.330970764160213
              ],
              [
                80.3451385498048,
                13.330970764160213
              ],
              [
                80.3451385498048,
                13.330142021179483
              ],
              [
                80.34541320800798,
                13.330142021179483
              ],
              [
                80.34541320800798,
                13.327640533447493
              ],
              [
                80.34570312500006,
                13.327640533447493
              ],
              [
                80.34570312500006,
                13.325970649719295
              ],
              [
                80.3459701538086,
                13.325972557068098
              ],
              [
                80.3459701538086,
                13.325416564941406
              ],
              [
                80.34570312500006,
                13.325421333313272
              ],
              [
                80.34570312500006,
                13.321810722351245
              ],
              [
                80.34541320800798,
                13.321810722351245
              ],
              [
                80.34541320800798,
                13.320690155029467
              ],
              [
                80.34569549560553,
                13.320694923400936
              ],
              [
                80.34569549560553,
                13.320417404175032
              ],
              [
                80.345962524414,
                13.320421218872184
              ],
              [
                80.345962524414,
                13.31986045837408
              ],
              [
                80.3462524414063,
                13.31986045837408
              ],
              [
                80.3462524414063,
                13.31958198547386
              ],
              [
                80.3459701538086,
                13.31958198547386
              ],
              [
                80.3459701538086,
                13.319028854370288
              ],
              [
                80.34570312500006,
                13.319030761718864
              ],
              [
                80.34570312500006,
                13.31764125824003
              ],
              [
                80.345962524414,
                13.31764125824003
              ],
              [
                80.345962524414,
                13.315421104431323
              ],
              [
                80.3462524414063,
                13.315421104431323
              ],
              [
                80.3462524414063,
                13.313471794128418
              ],
              [
                80.34652709960932,
                13.313471794128418
              ],
              [
                80.34652709960932,
                13.313188552856388
              ],
              [
                80.34680175781256,
                13.313194274902344
              ],
              [
                80.34680175781256,
                13.3118057250976
              ],
              [
                80.34652709960932,
                13.31180953979515
              ],
              [
                80.34652709960932,
                13.311249732971135
              ],
              [
                80.34680175781256,
                13.311249732971135
              ],
              [
                80.34680175781256,
                13.308471679687727
              ],
              [
                80.34652709960932,
                13.308471679687727
              ],
              [
                80.34652709960932,
                13.307640075683594
              ],
              [
                80.3462524414063,
                13.307640075683594
              ],
              [
                80.3462524414063,
                13.307361602783203
              ],
              [
                80.3459701538086,
                13.307361602783203
              ],
              [
                80.345962524414,
                13.305138587951774
              ],
              [
                80.3462524414063,
                13.305138587951774
              ],
              [
                80.3462524414063,
                13.30457019805931
              ],
              [
                80.34652709960932,
                13.304582595825309
              ],
              [
                80.34652709960932,
                13.304026603698844
              ],
              [
                80.34570312500006,
                13.304030418395996
              ],
              [
                80.34570312500006,
                13.303750991821516
              ],
              [
                80.34541320800798,
                13.303750991821516
              ],
              [
                80.34541320800798,
                13.30264186859148
              ],
              [
                80.3462524414063,
                13.30264186859148
              ],
              [
                80.3462524414063,
                13.30182075500511
              ],
              [
                80.34652709960932,
                13.30182075500511
              ],
              [
                80.34652709960932,
                13.300141334533976
              ],
              [
                80.345962524414,
                13.300141334533976
              ],
              [
                80.345962524414,
                13.299311637878588
              ],
              [
                80.3462524414063,
                13.299311637878588
              ],
              [
                80.3462524414063,
                13.296809196472111
              ],
              [
                80.345962524414,
                13.296809196472111
              ],
              [
                80.345962524414,
                13.295969963073787
              ],
              [
                80.3462524414063,
                13.29597282409668
              ],
              [
                80.3462524414063,
                13.29486083984375
              ],
              [
                80.345962524414,
                13.294862747192496
              ],
              [
                80.345962524414,
                13.2934703826906
              ],
              [
                80.3462524414063,
                13.293473243713663
              ],
              [
                80.3462524414063,
                13.292360305786246
              ],
              [
                80.34652709960932,
                13.292360305786246
              ],
              [
                80.34652709960932,
                13.291527748108138
              ],
              [
                80.3462524414063,
                13.29153060913086
              ],
              [
                80.3462524414063,
                13.291250228881893
              ],
              [
                80.34569549560553,
                13.291250228881893
              ],
              [
                80.34569549560553,
                13.290694236755598
              ],
              [
                80.3459701538086,
                13.290694236755598
              ],
              [
                80.3459701538086,
                13.290415763855037
              ],
              [
                80.34570312500006,
                13.290420532226676
              ],
              [
                80.34570312500006,
                13.289859771728743
              ],
              [
                80.3459701538086,
                13.289859771728743
              ],
              [
                80.345962524414,
                13.28931140899681
              ],
              [
                80.34570312500006,
                13.28931140899681
              ],
              [
                80.34570312500006,
                13.288470268249512
              ],
              [
                80.34541320800798,
                13.288472175598088
              ],
              [
                80.34541320800798,
                13.287916183471623
              ],
              [
                80.3448562622072,
                13.287920951843489
              ],
              [
                80.3448562622072,
                13.287639617920036
              ],
              [
                80.34348297119135,
                13.287639617920036
              ],
              [
                80.34348297119135,
                13.286529541015682
              ],
              [
                80.34319305419928,
                13.286529541015682
              ],
              [
                80.34319305419928,
                13.284310340881632
              ],
              [
                80.34348297119135,
                13.284310340881632
              ],
              [
                80.34348297119135,
                13.280420303344727
              ],
              [
                80.34319305419928,
                13.280420303344727
              ],
              [
                80.34319305419928,
                13.280141830444336
              ],
              [
                80.34348297119135,
                13.280141830444336
              ],
              [
                80.34348297119135,
                13.279581069946403
              ],
              [
                80.34375,
                13.279583930969466
              ],
              [
                80.34375,
                13.279026985168684
              ],
              [
                80.34458160400419,
                13.279031753540153
              ],
              [
                80.34458160400419,
                13.278470993042049
              ],
              [
                80.34430694580078,
                13.278470993042049
              ],
              [
                80.34430694580078,
                13.27791690826416
              ],
              [
                80.34401702880888,
                13.277919769287223
              ],
              [
                80.34401702880888,
                13.27765083312994
              ],
              [
                80.34375,
                13.27765083312994
              ],
              [
                80.34375,
                13.277360916137695
              ],
              [
                80.34347534179682,
                13.277360916137695
              ],
              [
                80.34347534179682,
                13.277083396911792
              ],
              [
                80.34319305419928,
                13.277083396911792
              ],
              [
                80.34319305419928,
                13.275973320007608
              ],
              [
                80.3429183959961,
                13.275973320007608
              ],
              [
                80.3429183959961,
                13.275694847107047
              ],
              [
                80.3426361083985,
                13.275694847107047
              ],
              [
                80.3426361083985,
                13.275417327881144
              ],
              [
                80.3429183959961,
                13.275420188903809
              ],
              [
                80.3429183959961,
                13.275140762329329
              ],
              [
                80.34319305419928,
                13.275140762329329
              ],
              [
                80.34319305419928,
                13.274861335754451
              ],
              [
                80.34402465820341,
                13.274861335754451
              ],
              [
                80.34402465820341,
                13.274582862854288
              ],
              [
                80.34458160400419,
                13.274589538574332
              ],
              [
                80.34458160400419,
                13.274312019348258
              ],
              [
                80.3448562622072,
                13.274312019348258
              ],
              [
                80.3448562622072,
                13.27319145202648
              ],
              [
                80.34458160400419,
                13.273195266723633
              ],
              [
                80.34458160400419,
                13.272916793823242
              ],
              [
                80.34401702880888,
                13.272921562195108
              ],
              [
                80.34401702880888,
                13.272641181945744
              ],
              [
                80.34348297119135,
                13.272641181945744
              ],
              [
                80.34348297119135,
                13.272360801696777
              ],
              [
                80.34319305419928,
                13.272360801696777
              ],
              [
                80.34319305419928,
                13.272083282470703
              ],
              [
                80.3429183959961,
                13.272083282470703
              ],
              [
                80.3429183959961,
                13.271804809570312
              ],
              [
                80.3418045043947,
                13.271804809570312
              ],
              [
                80.3418045043947,
                13.272083282470703
              ],
              [
                80.34152984619169,
                13.272083282470703
              ],
              [
                80.34152984619169,
                13.273195266723633
              ],
              [
                80.34124755859392,
                13.273195266723633
              ],
              [
                80.34124755859392,
                13.272916793823242
              ],
              [
                80.34097290039091,
                13.272921562195108
              ],
              [
                80.34097290039091,
                13.272641181945744
              ],
              [
                80.34069824218756,
                13.272641181945744
              ],
              [
                80.34069061279303,
                13.271812438964844
              ],
              [
                80.34041595459013,
                13.271812438964844
              ],
              [
                80.34041595459013,
                13.270971298217773
              ],
              [
                80.34014129638678,
                13.27097320556652
              ],
              [
                80.34014129638678,
                13.270417213440055
              ],
              [
                80.339859008789,
                13.270421028137434
              ],
              [
                80.339859008789,
                13.26986122131359
              ],
              [
                80.339584350586,
                13.26986122131359
              ],
              [
                80.339584350586,
                13.269305229187125
              ],
              [
                80.33930206298845,
                13.26931095123308
              ],
              [
                80.33930206298845,
                13.26792144775402
              ],
              [
                80.3387527465822,
                13.26792144775402
              ],
              [
                80.3387527465822,
                13.267641067504883
              ],
              [
                80.33847045898466,
                13.267641067504883
              ],
              [
                80.33847045898466,
                13.26708030700712
              ],
              [
                80.33902740478521,
                13.267082214355696
              ],
              [
                80.33902740478521,
                13.266529083252124
              ],
              [
                80.3387527465822,
                13.2665309906007
              ],
              [
                80.3387527465822,
                13.2656898498538
              ],
              [
                80.33847045898466,
                13.265693664550781
              ],
              [
                80.33847045898466,
                13.265416145324707
              ],
              [
                80.3387527465822,
                13.265420913696516
              ],
              [
                80.3387527465822,
                13.26514053344738
              ],
              [
                80.33847045898466,
                13.26514053344738
              ],
              [
                80.33847045898466,
                13.264579772949446
              ],
              [
                80.33819580078142,
                13.264584541320914
              ],
              [
                80.33819580078142,
                13.263750076294059
              ],
              [
                80.33790588378935,
                13.263750076294059
              ],
              [
                80.33790588378935,
                13.262921333313159
              ],
              [
                80.33763885498053,
                13.262921333313159
              ],
              [
                80.33763885498053,
                13.26235961914091
              ],
              [
                80.33736419677763,
                13.262361526489485
              ],
              [
                80.33736419677763,
                13.261249542236555
              ],
              [
                80.33708190917974,
                13.261249542236555
              ],
              [
                80.33708190917974,
                13.254030227661246
              ],
              [
                80.3373565673831,
                13.254030227661246
              ],
              [
                80.3373565673831,
                13.252641677856673
              ],
              [
                80.33708190917974,
                13.252641677856673
              ],
              [
                80.33708190917974,
                13.252080917358569
              ],
              [
                80.3368072509765,
                13.252082824707145
              ],
              [
                80.3368072509765,
                13.250970840454215
              ],
              [
                80.33651733398443,
                13.250970840454215
              ],
              [
                80.33651733398443,
                13.250139236450423
              ],
              [
                80.33625030517595,
                13.250139236450423
              ],
              [
                80.33625030517595,
                13.249309539795036
              ],
              [
                80.3359832763673,
                13.249309539795036
              ],
              [
                80.3359832763673,
                13.248750686645508
              ],
              [
                80.33569335937517,
                13.248750686645508
              ],
              [
                80.33569335937517,
                13.247921943664778
              ],
              [
                80.33541870117216,
                13.247921943664778
              ],
              [
                80.33541870117216,
                13.246530532837141
              ],
              [
                80.33513641357439,
                13.246530532837141
              ],
              [
                80.33513641357439,
                13.245422363281193
              ],
              [
                80.33486175537138,
                13.245422363281193
              ],
              [
                80.33486175537138,
                13.244860649108944
              ],
              [
                80.33458709716803,
                13.244860649108944
              ],
              [
                80.33458709716803,
                13.244309425353947
              ],
              [
                80.33429718017607,
                13.244309425353947
              ],
              [
                80.33429718017607,
                13.244030952453556
              ],
              [
                80.33458709716803,
                13.244030952453556
              ],
              [
                80.33458709716803,
                13.24375057220459
              ],
              [
                80.33429718017607,
                13.24375057220459
              ],
              [
                80.33429718017607,
                13.242079734802473
              ],
              [
                80.33403015136724,
                13.242082595825195
              ],
              [
                80.33403015136724,
                13.241806983947868
              ],
              [
                80.33429718017607,
                13.241808891296444
              ],
              [
                80.33429718017607,
                13.241521835327433
              ],
              [
                80.33403015136724,
                13.24152660369873
              ],
              [
                80.33403015136724,
                13.240416526794547
              ],
              [
                80.33374786376947,
                13.240421295166016
              ],
              [
                80.33374786376947,
                13.24014091491722
              ],
              [
                80.33402252197271,
                13.24014091491722
              ],
              [
                80.33402252197271,
                13.239859580993766
              ],
              [
                80.33374786376947,
                13.239859580993766
              ],
              [
                80.33374786376947,
                13.23930740356468
              ],
              [
                80.33347320556646,
                13.239311218261832
              ],
              [
                80.33347320556646,
                13.238751411437988
              ],
              [
                80.33291625976568,
                13.238751411437988
              ],
              [
                80.33291625976568,
                13.238482475280762
              ],
              [
                80.33264160156267,
                13.238482475280762
              ],
              [
                80.33264160156267,
                13.238189697265568
              ],
              [
                80.33235931396496,
                13.238194465637434
              ],
              [
                80.33235931396496,
                13.237915992736873
              ],
              [
                80.33180236816435,
                13.237920761108512
              ],
              [
                80.33180236816435,
                13.236810684204329
              ],
              [
                80.33152770996094,
                13.236810684204329
              ],
              [
                80.33152770996094,
                13.236249923706225
              ],
              [
                80.3312530517581,
                13.236249923706225
              ],
              [
                80.3312530517581,
                13.235969543457259
              ],
              [
                80.33097076416021,
                13.235972404479924
              ],
              [
                80.33097076416021,
                13.23569393157976
              ],
              [
                80.33041381835943,
                13.23569393157976
              ],
              [
                80.33041381835943,
                13.235416412353459
              ],
              [
                80.32958221435564,
                13.235421180725325
              ],
              [
                80.32958221435564,
                13.235139846801871
              ],
              [
                80.32903289794939,
                13.235139846801871
              ],
              [
                80.32903289794939,
                13.235421180725325
              ],
              [
                80.32875061035185,
                13.235421180725325
              ],
              [
                80.32875061035185,
                13.235139846801871
              ],
              [
                80.32818603515653,
                13.235139846801871
              ],
              [
                80.32818603515653,
                13.235421180725325
              ],
              [
                80.32791900634771,
                13.235421180725325
              ],
              [
                80.32791900634771,
                13.235139846801871
              ],
              [
                80.32763671875028,
                13.235139846801871
              ],
              [
                80.32763671875028,
                13.234860420226994
              ],
              [
                80.32680511474615,
                13.234862327575968
              ],
              [
                80.32680511474615,
                13.234581947326603
              ],
              [
                80.32624816894537,
                13.234581947326603
              ],
              [
                80.32624816894537,
                13.234306335449276
              ],
              [
                80.32569122314482,
                13.234311103820971
              ],
              [
                80.32569122314482,
                13.234029769897518
              ],
              [
                80.32541656494158,
                13.234029769897518
              ],
              [
                80.32541656494158,
                13.23375034332281
              ],
              [
                80.32514190673857,
                13.23375034332281
              ],
              [
                80.32514190673857,
                13.23347187042242
              ],
              [
                80.32485961914068,
                13.23347187042242
              ],
              [
                80.32485961914068,
                13.233194351196346
              ],
              [
                80.32402801513666,
                13.233194351196346
              ],
              [
                80.32402801513666,
                13.232915878295955
              ],
              [
                80.3229064941408,
                13.232919692993164
              ],
              [
                80.3229064941408,
                13.232640266418457
              ],
              [
                80.32208251953153,
                13.232640266418457
              ],
              [
                80.32208251953153,
                13.232351303100643
              ],
              [
                80.32153320312528,
                13.232351303100643
              ],
              [
                80.32153320312528,
                13.232640266418457
              ],
              [
                80.3212509155274,
                13.232640266418457
              ],
              [
                80.3212509155274,
                13.232351303100643
              ],
              [
                80.32041931152361,
                13.23235988616949
              ],
              [
                80.32041931152361,
                13.232084274291992
              ],
              [
                80.31981658935575,
                13.232084274291992
              ],
              [
                80.31903076171903,
                13.232084274291992
              ],
              [
                80.31903076171903,
                13.231805801391602
              ],
              [
                80.3187484741211,
                13.231810569763468
              ],
              [
                80.3187484741211,
                13.231530189514103
              ],
              [
                80.31819152832037,
                13.231530189514103
              ],
              [
                80.31819152832037,
                13.231249809265137
              ],
              [
                80.31708526611334,
                13.231249809265137
              ],
              [
                80.31708526611334,
                13.23235988616949
              ],
              [
                80.3168029785158,
                13.23235988616949
              ],
              [
                80.3168029785158,
                13.233194351196346
              ],
              [
                80.31652832031261,
                13.23318862915039
              ],
              [
                80.31652832031261,
                13.234029769897518
              ],
              [
                80.31625366210955,
                13.234027862549112
              ],
              [
                80.31625366210955,
                13.234862327575968
              ],
              [
                80.31597900390653,
                13.234860420226994
              ],
              [
                80.31597900390653,
                13.236249923706225
              ],
              [
                80.31624603271501,
                13.236249923706225
              ],
              [
                80.31624603271501,
                13.238482475280762
              ],
              [
                80.31652832031261,
                13.238482475280762
              ],
              [
                80.31652832031261,
                13.239311218261832
              ],
              [
                80.3168029785158,
                13.23930740356468
              ],
              [
                80.3168029785158,
                13.239859580993766
              ],
              [
                80.31709289550787,
                13.239859580993766
              ],
              [
                80.31709289550787,
                13.240421295166016
              ],
              [
                80.3168029785158,
                13.240421295166016
              ],
              [
                80.3168029785158,
                13.241250991821403
              ],
              [
                80.31652832031261,
                13.241250991821403
              ],
              [
                80.31652832031261,
                13.2429208755496
              ],
              [
                80.31624603271501,
                13.2429208755496
              ],
              [
                80.31624603271501,
                13.244309425353947
              ],
              [
                80.315971374512,
                13.244304656982479
              ],
              [
                80.315971374512,
                13.24458312988304
              ],
              [
                80.3156967163086,
                13.244581222534293
              ],
              [
                80.3156967163086,
                13.244860649108944
              ],
              [
                80.31540679931669,
                13.244860649108944
              ],
              [
                80.31540679931669,
                13.24514102935791
              ],
              [
                80.31513977050787,
                13.24514102935791
              ],
              [
                80.31513977050787,
                13.245422363281193
              ],
              [
                80.31485748291044,
                13.245416641235408
              ],
              [
                80.31485748291044,
                13.245695114135799
              ],
              [
                80.31458282470709,
                13.245695114135799
              ],
              [
                80.31458282470709,
                13.2459726333621
              ],
              [
                80.3143081665039,
                13.245970726013127
              ],
              [
                80.3143081665039,
                13.246530532837141
              ],
              [
                80.3137512207033,
                13.246530532837141
              ],
              [
                80.3137512207033,
                13.24514102935791
              ],
              [
                80.3140258789063,
                13.24514102935791
              ],
              [
                80.3140258789063,
                13.244309425353947
              ],
              [
                80.31458282470709,
                13.244309425353947
              ],
              [
                80.31458282470709,
                13.244030952453556
              ],
              [
                80.31513977050787,
                13.244030952453556
              ],
              [
                80.31513977050787,
                13.242361068725586
              ],
              [
                80.31540679931669,
                13.242361068725586
              ],
              [
                80.31540679931669,
                13.239311218261832
              ],
              [
                80.31513977050787,
                13.239311218261832
              ],
              [
                80.31513977050787,
                13.238751411437988
              ],
              [
                80.31485748291044,
                13.238751411437988
              ],
              [
                80.31485748291044,
                13.236249923706225
              ],
              [
                80.31458282470709,
                13.236249923706225
              ],
              [
                80.31458282470709,
                13.235421180725325
              ],
              [
                80.3143081665039,
                13.235421180725325
              ],
              [
                80.3143081665039,
                13.234311103820971
              ],
              [
                80.3140258789063,
                13.234311103820971
              ],
              [
                80.3140258789063,
                13.23318862915039
              ],
              [
                80.3137512207033,
                13.233194351196346
              ],
              [
                80.3137512207033,
                13.232640266418457
              ],
              [
                80.31346893310553,
                13.232640266418457
              ],
              [
                80.31346893310553,
                13.232351303100643
              ],
              [
                80.31319427490251,
                13.23235988616949
              ],
              [
                80.31319427490251,
                13.231528282165527
              ],
              [
                80.31346893310553,
                13.231530189514103
              ],
              [
                80.31346893310553,
                13.231249809265137
              ],
              [
                80.3137512207033,
                13.231249809265137
              ],
              [
                80.3137512207033,
                13.230970382690657
              ],
              [
                80.3140258789063,
                13.230972290039062
              ],
              [
                80.3140258789063,
                13.230693817138672
              ],
              [
                80.3143081665039,
                13.230693817138672
              ],
              [
                80.3143081665039,
                13.230416297912598
              ],
              [
                80.31458282470709,
                13.23042011260992
              ],
              [
                80.31458282470709,
                13.230139732360783
              ],
              [
                80.31485748291044,
                13.230139732360783
              ],
              [
                80.31485748291044,
                13.229581832885742
              ],
              [
                80.31513977050787,
                13.229583740234489
              ],
              [
                80.31513977050787,
                13.229306221008414
              ],
              [
                80.31540679931669,
                13.229310035705566
              ],
              [
                80.31540679931669,
                13.2290296554566
              ],
              [
                80.3156967163086,
                13.2290296554566
              ],
              [
                80.3156967163086,
                13.228468894958496
              ],
              [
                80.315971374512,
                13.228471755981559
              ],
              [
                80.315971374512,
                13.228194236755655
              ],
              [
                80.31625366210955,
                13.228194236755655
              ],
              [
                80.31625366210955,
                13.227640151977596
              ],
              [
                80.31652832031261,
                13.227640151977596
              ],
              [
                80.31652832031261,
                13.227361679077376
              ],
              [
                80.3168029785158,
                13.227361679077376
              ],
              [
                80.3168029785158,
                13.227081298828239
              ],
              [
                80.31708526611334,
                13.227084159851302
              ],
              [
                80.31708526611334,
                13.22680568695074
              ],
              [
                80.3173599243164,
                13.22681045532238
              ],
              [
                80.3173599243164,
                13.226540565490836
              ],
              [
                80.31764221191412,
                13.226540565490836
              ],
              [
                80.31764221191412,
                13.225971221923885
              ],
              [
                80.3168029785158,
                13.225971221923885
              ],
              [
                80.3168029785158,
                13.225695610046387
              ],
              [
                80.3156967163086,
                13.225695610046387
              ],
              [
                80.3156967163086,
                13.225418090820483
              ],
              [
                80.31485748291044,
                13.225419998169059
              ],
              [
                80.31485748291044,
                13.225139617920092
              ],
              [
                80.3137512207033,
                13.225139617920092
              ],
              [
                80.3137512207033,
                13.224859237671126
              ],
              [
                80.31346893310553,
                13.224861145019531
              ],
              [
                80.31346893310553,
                13.22458267211914
              ],
              [
                80.31319427490251,
                13.22458267211914
              ],
              [
                80.31319427490251,
                13.224305152893237
              ],
              [
                80.31263732910173,
                13.224309921264876
              ],
              [
                80.31263732910173,
                13.224029541015739
              ],
              [
                80.31236267089872,
                13.224029541015739
              ],
              [
                80.31236267089872,
                13.223480224609489
              ],
              [
                80.31208038330084,
                13.223480224609489
              ],
              [
                80.31208038330084,
                13.222920417785645
              ],
              [
                80.31153106689459,
                13.222920417785645
              ],
              [
                80.31153106689459,
                13.222641944885481
              ],
              [
                80.31069183349626,
                13.222641944885481
              ],
              [
                80.31069183349626,
                13.221250534057674
              ],
              [
                80.31096649169928,
                13.221250534057674
              ],
              [
                80.31096649169928,
                13.220690727234
              ],
              [
                80.31124877929682,
                13.22069454193138
              ],
              [
                80.31124877929682,
                13.219861030578613
              ],
              [
                80.31096649169928,
                13.219861030578613
              ],
              [
                80.31096649169928,
                13.219031333923624
              ],
              [
                80.31069183349626,
                13.219031333923624
              ],
              [
                80.31069183349626,
                13.21875095367426
              ],
              [
                80.31041717529303,
                13.21875095367426
              ],
              [
                80.31041717529303,
                13.218470573425293
              ],
              [
                80.31014251709001,
                13.218473434448356
              ],
              [
                80.31014251709001,
                13.218194961547795
              ],
              [
                80.30986022949247,
                13.218194961547795
              ],
              [
                80.30986022949247,
                13.217917442321891
              ],
              [
                80.3095932006836,
                13.217919349670467
              ],
              [
                80.3095932006836,
                13.217640876770076
              ],
              [
                80.30930328369169,
                13.217640876770076
              ],
              [
                80.30930328369169,
                13.217351913452092
              ],
              [
                80.30874633789091,
                13.217361450195426
              ],
              [
                80.30874633789091,
                13.217082977295036
              ],
              [
                80.30847167968756,
                13.217082977295036
              ],
              [
                80.30847167968756,
                13.216805458068961
              ],
              [
                80.30790710449224,
                13.216809272766113
              ],
              [
                80.30790710449224,
                13.216528892517147
              ],
              [
                80.307357788086,
                13.216528892517147
              ],
              [
                80.307357788086,
                13.216251373291243
              ],
              [
                80.30708312988298,
                13.216251373291243
              ],
              [
                80.30708312988298,
                13.215970993042106
              ],
              [
                80.30680847167997,
                13.215972900390852
              ],
              [
                80.30680847167997,
                13.215416908264388
              ],
              [
                80.3065261840822,
                13.215420722961369
              ],
              [
                80.3065261840822,
                13.215141296386719
              ],
              [
                80.30625152587919,
                13.215141296386719
              ],
              [
                80.30625152587919,
                13.214860916137752
              ],
              [
                80.3065261840822,
                13.214860916137752
              ],
              [
                80.3065261840822,
                13.214600563049316
              ],
              [
                80.3065261840822,
                13.214306831359863
              ],
              [
                80.3068084716798,
                13.214310646057243
              ],
              [
                80.3068084716798,
                13.212360382080078
              ],
              [
                80.30708312988298,
                13.212360382080078
              ],
              [
                80.30708312988298,
                13.211804389953613
              ],
              [
                80.307357788086,
                13.211811065673828
              ],
              [
                80.307357788086,
                13.211250305175895
              ],
              [
                80.30819702148432,
                13.211250305175895
              ],
              [
                80.30819702148432,
                13.212640762329215
              ],
              [
                80.30790710449224,
                13.212640762329215
              ],
              [
                80.30790710449224,
                13.214310646057243
              ],
              [
                80.3076400756836,
                13.214310646057243
              ],
              [
                80.3076400756836,
                13.214860916137752
              ],
              [
                80.30790710449224,
                13.214860916137752
              ],
              [
                80.30790710449224,
                13.215141296386719
              ],
              [
                80.30819702148432,
                13.215139389038143
              ],
              [
                80.30819702148432,
                13.215459823608398
              ],
              [
                80.30819702148432,
                13.215695381164608
              ],
              [
                80.30847167968756,
                13.215695381164608
              ],
              [
                80.30847167968756,
                13.215972900390852
              ],
              [
                80.30874633789091,
                13.215970993042106
              ],
              [
                80.30874633789091,
                13.216251373291243
              ],
              [
                80.30902862548834,
                13.216251373291243
              ],
              [
                80.30902862548834,
                13.216809272766113
              ],
              [
                80.30930328369169,
                13.216805458068961
              ],
              [
                80.30930328369169,
                13.217082977295036
              ],
              [
                80.31041717529303,
                13.217082977295036
              ],
              [
                80.31041717529303,
                13.216641426086483
              ],
              [
                80.31041717529303,
                13.215416908264388
              ],
              [
                80.3109741210938,
                13.215416908264388
              ],
              [
                80.3109741210938,
                13.215695381164608
              ],
              [
                80.31124877929682,
                13.215695381164608
              ],
              [
                80.31124877929682,
                13.215972900390852
              ],
              [
                80.31153106689459,
                13.215970993042106
              ],
              [
                80.31153106689459,
                13.216251373291243
              ],
              [
                80.31181335449213,
                13.216251373291243
              ],
              [
                80.31181335449213,
                13.216528892517147
              ],
              [
                80.31208038330084,
                13.216528892517147
              ],
              [
                80.31208038330084,
                13.216809272766113
              ],
              [
                80.31236267089872,
                13.216805458068961
              ],
              [
                80.31236267089872,
                13.217082977295036
              ],
              [
                80.31263732910173,
                13.217082977295036
              ],
              [
                80.31263732910173,
                13.217361450195426
              ],
              [
                80.3129119873048,
                13.217351913452092
              ],
              [
                80.3129119873048,
                13.217640876770076
              ],
              [
                80.31319427490251,
                13.2176389694215
              ],
              [
                80.31319427490251,
                13.218194961547795
              ],
              [
                80.3129119873048,
                13.218190193176497
              ],
              [
                80.3129119873048,
                13.21931171417242
              ],
              [
                80.31319427490251,
                13.219305038452148
              ],
              [
                80.31319427490251,
                13.220417022705078
              ],
              [
                80.31346893310553,
                13.220417022705078
              ],
              [
                80.31346893310553,
                13.222083091735954
              ],
              [
                80.3140258789063,
                13.22208118438715
              ],
              [
                80.3140258789063,
                13.222360610962028
              ],
              [
                80.3143081665039,
                13.222360610962028
              ],
              [
                80.3143081665039,
                13.22264194488531
              ],
              [
                80.31485748291044,
                13.22264194488531
              ],
              [
                80.31485748291044,
                13.222920417785645
              ],
              [
                80.31541442871122,
                13.222916603088493
              ],
              [
                80.31541442871122,
                13.22319316864008
              ],
              [
                80.3156967163086,
                13.223191261291504
              ],
              [
                80.3156967163086,
                13.223480224609489
              ],
              [
                80.31624603271501,
                13.223480224609489
              ],
              [
                80.31624603271501,
                13.223752021789664
              ],
              [
                80.31652832031261,
                13.223752021789664
              ],
              [
                80.31652832031261,
                13.224029541015739
              ],
              [
                80.31709289550787,
                13.224029541015739
              ],
              [
                80.31709289550787,
                13.223752021789664
              ],
              [
                80.3174667358399,
                13.223752021789664
              ],
              [
                80.31791687011713,
                13.223752021789664
              ],
              [
                80.31791687011713,
                13.22181034088129
              ],
              [
                80.31764221191412,
                13.22181034088129
              ],
              [
                80.31764221191412,
                13.221531867980957
              ],
              [
                80.3173599243164,
                13.221531867980957
              ],
              [
                80.3173599243164,
                13.221250534057674
              ],
              [
                80.31709289550787,
                13.221250534057674
              ],
              [
                80.31709289550787,
                13.220690727234
              ],
              [
                80.3168029785158,
                13.22069454193121
              ],
              [
                80.3168029785158,
                13.220417022705078
              ],
              [
                80.31652832031261,
                13.220417022705078
              ],
              [
                80.31652832031261,
                13.220138549804744
              ],
              [
                80.31624603271501,
                13.22014141082758
              ],
              [
                80.31624603271501,
                13.219861030578613
              ],
              [
                80.3156967163086,
                13.219861030578613
              ],
              [
                80.3156967163086,
                13.219580650329647
              ],
              [
                80.31513977050787,
                13.219582557678223
              ],
              [
                80.31513977050787,
                13.219305038452148
              ],
              [
                80.31346893310553,
                13.21931171417242
              ],
              [
                80.31346893310553,
                13.219031333923454
              ],
              [
                80.3137512207033,
                13.219031333923454
              ],
              [
                80.3137512207033,
                13.218470573425293
              ],
              [
                80.31388854980497,
                13.218470573425293
              ],
              [
                80.3140258789063,
                13.218473434448356
              ],
              [
                80.3140258789063,
                13.217361450195426
              ],
              [
                80.3137512207033,
                13.217361450195426
              ],
              [
                80.3137512207033,
                13.216251373291243
              ],
              [
                80.31346893310553,
                13.216251373291243
              ],
              [
                80.31346893310553,
                13.215689659118652
              ],
              [
                80.31319427490251,
                13.215695381164608
              ],
              [
                80.31319427490251,
                13.215139389038143
              ],
              [
                80.3129119873048,
                13.215141296386719
              ],
              [
                80.3129119873048,
                13.21457958221447
              ],
              [
                80.31263732910173,
                13.214583396911678
              ],
              [
                80.31263732910173,
                13.214026451110897
              ],
              [
                80.31236267089872,
                13.214031219482536
              ],
              [
                80.31236267089872,
                13.213190078735465
              ],
              [
                80.31208038330084,
                13.213194847106934
              ],
              [
                80.31208038330084,
                13.212360382080078
              ],
              [
                80.31180572509794,
                13.212360382080078
              ],
              [
                80.31180572509794,
                13.211804389953613
              ],
              [
                80.31153106689459,
                13.211811065673828
              ],
              [
                80.31153106689459,
                13.210969924926758
              ],
              [
                80.31124877929682,
                13.210971832275504
              ],
              [
                80.31124877929682,
                13.210138320922965
              ],
              [
                80.31096649169928,
                13.2101411819458
              ],
              [
                80.31096649169928,
                13.209580421447868
              ],
              [
                80.3106918334961,
                13.209584236145076
              ],
              [
                80.3106918334961,
                13.209028244018612
              ],
              [
                80.31153106689459,
                13.209031105041447
              ],
              [
                80.31153106689459,
                13.209310531616325
              ],
              [
                80.31180572509794,
                13.209305763244686
              ],
              [
                80.31180572509794,
                13.209859848022575
              ],
              [
                80.31208038330084,
                13.209859848022575
              ],
              [
                80.31208038330084,
                13.2101411819458
              ],
              [
                80.31236267089872,
                13.210138320922965
              ],
              [
                80.31236267089872,
                13.21069431304943
              ],
              [
                80.31263732910173,
                13.210689544677734
              ],
              [
                80.31263732910173,
                13.211250305175895
              ],
              [
                80.3129119873048,
                13.211250305175895
              ],
              [
                80.3129119873048,
                13.211811065673828
              ],
              [
                80.31318664550798,
                13.211811065673828
              ],
              [
                80.31318664550798,
                13.212640762329215
              ],
              [
                80.31346893310553,
                13.212637901306152
              ],
              [
                80.31346893310553,
                13.213194847106934
              ],
              [
                80.3137512207033,
                13.213190078735465
              ],
              [
                80.3137512207033,
                13.214031219482536
              ],
              [
                80.3140258789063,
                13.214026451110897
              ],
              [
                80.3140258789063,
                13.214583396911678
              ],
              [
                80.3143081665039,
                13.21457958221447
              ],
              [
                80.3143081665039,
                13.215141296386719
              ],
              [
                80.31458282470709,
                13.215139389038143
              ],
              [
                80.31458282470709,
                13.215695381164608
              ],
              [
                80.31485748291044,
                13.215689659118652
              ],
              [
                80.31485748291044,
                13.216251373291243
              ],
              [
                80.31513977050787,
                13.216251373291243
              ],
              [
                80.31513977050787,
                13.217082977295036
              ],
              [
                80.31540679931669,
                13.217080116271973
              ],
              [
                80.31540679931669,
                13.217919349670467
              ],
              [
                80.3156967163086,
                13.217917442321891
              ],
              [
                80.3156967163086,
                13.218473434448356
              ],
              [
                80.31597900390653,
                13.218470573425293
              ],
              [
                80.31597900390653,
                13.21875095367426
              ],
              [
                80.31613159179693,
                13.21875095367426
              ],
              [
                80.31624603271501,
                13.21875095367426
              ],
              [
                80.31624603271501,
                13.219031333923454
              ],
              [
                80.31652832031261,
                13.219031333923454
              ],
              [
                80.31652832031261,
                13.21931171417242
              ],
              [
                80.3168029785158,
                13.219305038452148
              ],
              [
                80.3168029785158,
                13.219582557678223
              ],
              [
                80.31708526611334,
                13.219582557678223
              ],
              [
                80.31708526611334,
                13.219861030578613
              ],
              [
                80.3173599243164,
                13.219861030578613
              ],
              [
                80.3173599243164,
                13.220417022705078
              ],
              [
                80.31764221191412,
                13.220417022705078
              ],
              [
                80.31764221191412,
                13.220971107482967
              ],
              [
                80.31791687011713,
                13.220971107482967
              ],
              [
                80.31791687011713,
                13.221250534057674
              ],
              [
                80.3187484741211,
                13.221250534057674
              ],
              [
                80.3187484741211,
                13.22181034088129
              ],
              [
                80.31903839111357,
                13.22181034088129
              ],
              [
                80.31903839111357,
                13.222920417785645
              ],
              [
                80.31931304931658,
                13.222920417785645
              ],
              [
                80.31931304931658,
                13.224029541015739
              ],
              [
                80.31958007812511,
                13.224029541015739
              ],
              [
                80.31958007812511,
                13.225139617919922
              ],
              [
                80.31986236572283,
                13.225139617919922
              ],
              [
                80.31986236572283,
                13.225695610046387
              ],
              [
                80.32013702392584,
                13.225695610046387
              ],
              [
                80.32013702392584,
                13.225971221923885
              ],
              [
                80.32041931152344,
                13.225971221923885
              ],
              [
                80.32041931152344,
                13.226540565490836
              ],
              [
                80.32096862792963,
                13.226540565490836
              ],
              [
                80.32096862792963,
                13.22681045532238
              ],
              [
                80.3212509155274,
                13.22681045532238
              ],
              [
                80.3212509155274,
                13.227361679077376
              ],
              [
                80.32153320312528,
                13.227361679077376
              ],
              [
                80.32153320312528,
                13.227640151977596
              ],
              [
                80.32180786132818,
                13.227640151977596
              ],
              [
                80.32180786132818,
                13.227919578552246
              ],
              [
                80.32208251953153,
                13.22791767120384
              ],
              [
                80.32208251953153,
                13.228194236755485
              ],
              [
                80.32263946533214,
                13.228194236755485
              ],
              [
                80.32263946533214,
                13.228471755981559
              ],
              [
                80.32319641113287,
                13.228468894958496
              ],
              [
                80.32319641113287,
                13.2290296554566
              ],
              [
                80.3243026733399,
                13.2290296554566
              ],
              [
                80.3243026733399,
                13.229310035705566
              ],
              [
                80.32458496093778,
                13.229306221008414
              ],
              [
                80.32458496093778,
                13.229583740234489
              ],
              [
                80.32514190673857,
                13.229583740234489
              ],
              [
                80.32514190673857,
                13.22986221313488
              ],
              [
                80.32569122314464,
                13.229860305786133
              ],
              [
                80.32569122314464,
                13.230139732360783
              ],
              [
                80.32736206054693,
                13.230139732360783
              ],
              [
                80.32736206054693,
                13.23042011260992
              ],
              [
                80.32763671875028,
                13.230416297912598
              ],
              [
                80.32763671875028,
                13.230693817138672
              ],
              [
                80.32791900634771,
                13.230693817138672
              ],
              [
                80.32791900634771,
                13.230972290039062
              ],
              [
                80.32818603515653,
                13.230970382690487
              ],
              [
                80.32818603515653,
                13.231530189514103
              ],
              [
                80.32875061035185,
                13.231530189514103
              ],
              [
                80.32875061035185,
                13.231810569763297
              ],
              [
                80.32902526855486,
                13.231805801391602
              ],
              [
                80.32902526855486,
                13.232084274291992
              ],
              [
                80.32958221435564,
                13.232084274291992
              ],
              [
                80.32958221435564,
                13.23235988616949
              ],
              [
                80.32985687255865,
                13.232351303100643
              ],
              [
                80.32985687255865,
                13.232640266418457
              ],
              [
                80.3304061889649,
                13.232640266418457
              ],
              [
                80.3304061889649,
                13.232919692993164
              ],
              [
                80.33069610595697,
                13.232915878295955
              ],
              [
                80.33069610595697,
                13.233194351196346
              ],
              [
                80.33097076416021,
                13.233194351196346
              ],
              [
                80.33097076416021,
                13.23347187042242
              ],
              [
                80.3312530517581,
                13.23347187042242
              ],
              [
                80.3312530517581,
                13.23375034332281
              ],
              [
                80.33097839355474,
                13.23375034332281
              ],
              [
                80.33097839355474,
                13.235139846801871
              ],
              [
                80.33180236816435,
                13.235139846801871
              ],
              [
                80.33180236816435,
                13.235421180725154
              ],
              [
                80.33347320556646,
                13.235421180725154
              ],
              [
                80.33347320556646,
                13.235139846801871
              ],
              [
                80.33374786376947,
                13.235139846801871
              ],
              [
                80.33374786376947,
                13.234860420226994
              ],
              [
                80.33347320556646,
                13.234862327575797
              ],
              [
                80.33347320556646,
                13.234306335449276
              ],
              [
                80.33319091796875,
                13.2343111038208
              ],
              [
                80.33319091796875,
                13.234029769897518
              ],
              [
                80.33264160156267,
                13.234029769897518
              ],
              [
                80.33264160156267,
                13.23375034332281
              ],
              [
                80.33207702636736,
                13.23375034332281
              ],
              [
                80.33207702636736,
                13.23347187042242
              ],
              [
                80.33152770996094,
                13.23347187042242
              ],
              [
                80.33152770996094,
                13.231805801391602
              ],
              [
                80.3312530517581,
                13.231810569763297
              ],
              [
                80.3312530517581,
                13.231249809265137
              ],
              [
                80.33097839355474,
                13.231249809265137
              ],
              [
                80.33097839355474,
                13.23042011260992
              ],
              [
                80.33069610595697,
                13.23042011260992
              ],
              [
                80.33069610595697,
                13.229581832885742
              ],
              [
                80.33041381835943,
                13.229583740234489
              ],
              [
                80.33041381835943,
                13.229306221008414
              ],
              [
                80.33013916015625,
                13.229310035705566
              ],
              [
                80.33013916015625,
                13.22875022888195
              ],
              [
                80.32985687255865,
                13.22875022888195
              ],
              [
                80.32985687255865,
                13.228468894958496
              ],
              [
                80.32958221435564,
                13.228471755981559
              ],
              [
                80.32958221435564,
                13.228194236755485
              ],
              [
                80.32930755615246,
                13.228194236755485
              ],
              [
                80.32930755615246,
                13.227640151977596
              ],
              [
                80.32958221435564,
                13.227640151977596
              ],
              [
                80.32958221435564,
                13.226540565490836
              ],
              [
                80.32985687255865,
                13.226540565490836
              ],
              [
                80.32985687255865,
                13.226251602172852
              ],
              [
                80.32958221435564,
                13.226251602172852
              ],
              [
                80.32958221435564,
                13.225419998169059
              ],
              [
                80.32930755615246,
                13.225419998169059
              ],
              [
                80.32930755615246,
                13.225139617919922
              ],
              [
                80.32875061035185,
                13.225139617919922
              ],
              [
                80.32875061035185,
                13.224580764770565
              ],
              [
                80.32847595214844,
                13.22458267211914
              ],
              [
                80.32847595214844,
                13.224026679992676
              ],
              [
                80.32818603515653,
                13.224029541015739
              ],
              [
                80.32818603515653,
                13.222360610962028
              ],
              [
                80.32847595214844,
                13.222360610962028
              ],
              [
                80.32847595214844,
                13.221250534057674
              ],
              [
                80.32791900634771,
                13.221250534057674
              ],
              [
                80.32791900634771,
                13.220690727234
              ],
              [
                80.32763671875028,
                13.22069454193121
              ],
              [
                80.32763671875028,
                13.219861030578613
              ],
              [
                80.32736206054693,
                13.219861030578613
              ],
              [
                80.32736206054693,
                13.218190193176497
              ],
              [
                80.32707977294916,
                13.218194961547795
              ],
              [
                80.32707977294916,
                13.217917442321891
              ],
              [
                80.32681274414068,
                13.217919349670467
              ],
              [
                80.32681274414068,
                13.216251373291243
              ],
              [
                80.32653045654314,
                13.216251373291243
              ],
              [
                80.32653045654314,
                13.215689659118652
              ],
              [
                80.32624816894537,
                13.215695381164608
              ],
              [
                80.32624816894537,
                13.214583396911678
              ],
              [
                80.32597351074236,
                13.214583396911678
              ],
              [
                80.32597351074236,
                13.214306831359863
              ],
              [
                80.32569122314464,
                13.214310646057243
              ],
              [
                80.32569122314464,
                13.214031219482536
              ],
              [
                80.32541656494158,
                13.214031219482536
              ],
              [
                80.32541656494158,
                13.213750839233398
              ],
              [
                80.32514190673857,
                13.213750839233398
              ],
              [
                80.32514190673857,
                13.211811065673828
              ],
              [
                80.3248519897461,
                13.211811065673828
              ],
              [
                80.3248519897461,
                13.211540222167969
              ],
              [
                80.32457733154325,
                13.211540222167969
              ],
              [
                80.32457733154325,
                13.210969924926758
              ],
              [
                80.3243026733399,
                13.210971832275504
              ],
              [
                80.3243026733399,
                13.21041584014904
              ],
              [
                80.32402801513666,
                13.210420608520508
              ],
              [
                80.32402801513666,
                13.209859848022575
              ],
              [
                80.32375335693365,
                13.209859848022575
              ],
              [
                80.32375335693365,
                13.209584236145076
              ],
              [
                80.32347106933594,
                13.209584236145076
              ],
              [
                80.32347106933594,
                13.209305763244686
              ],
              [
                80.32263946533214,
                13.209310531616325
              ],
              [
                80.32263946533214,
                13.208470344543514
              ],
              [
                80.32291412353533,
                13.20847225189209
              ],
              [
                80.32291412353533,
                13.208193778991756
              ],
              [
                80.32319641113287,
                13.208193778991756
              ],
              [
                80.32319641113287,
                13.207916259765625
              ],
              [
                80.32347106933594,
                13.20792102813732
              ],
              [
                80.32347106933594,
                13.207639694213867
              ],
              [
                80.32375335693365,
                13.207639694213867
              ],
              [
                80.32375335693365,
                13.206810951232967
              ],
              [
                80.32347106933594,
                13.206810951232967
              ],
              [
                80.32347106933594,
                13.206250190734806
              ],
              [
                80.3229064941408,
                13.206250190734806
              ],
              [
                80.3229064941408,
                13.20596981048584
              ],
              [
                80.32263946533214,
                13.205971717834416
              ],
              [
                80.32263946533214,
                13.204859733581657
              ],
              [
                80.3229064941408,
                13.204859733581657
              ],
              [
                80.3229064941408,
                13.20457935333252
              ],
              [
                80.32263946533214,
                13.204584121704158
              ],
              [
                80.32263946533214,
                13.204305648803768
              ],
              [
                80.3229064941408,
                13.204310417175236
              ],
              [
                80.3229064941408,
                13.203469276428336
              ],
              [
                80.32319641113287,
                13.2034721374514
              ],
              [
                80.32319641113287,
                13.203193664551009
              ],
              [
                80.32347106933594,
                13.203193664551009
              ],
              [
                80.32347106933594,
                13.20291805267334
              ],
              [
                80.32319641113287,
                13.202919960021916
              ],
              [
                80.32319641113287,
                13.20263957977295
              ],
              [
                80.3229064941408,
                13.20263957977295
              ],
              [
                80.3229064941408,
                13.202370643615723
              ],
              [
                80.32263946533214,
                13.202370643615723
              ],
              [
                80.32263946533214,
                13.202081680297908
              ],
              [
                80.32236480712908,
                13.202083587646484
              ],
              [
                80.32236480712908,
                13.20152759552002
              ],
              [
                80.32208251953153,
                13.201530456543082
              ],
              [
                80.32208251953153,
                13.200971603393555
              ],
              [
                80.32180786132818,
                13.200971603393555
              ],
              [
                80.32180786132818,
                13.20069408416748
              ],
              [
                80.32152557373075,
                13.20069408416748
              ],
              [
                80.32152557373075,
                13.200414657592773
              ],
              [
                80.3212509155274,
                13.2004203796389
              ],
              [
                80.3212509155274,
                13.200141906738509
              ],
              [
                80.32096862792963,
                13.200141906738509
              ],
              [
                80.32096862792963,
                13.199581146240234
              ],
              [
                80.3212509155274,
                13.199584007263297
              ],
              [
                80.3212509155274,
                13.199305534362907
              ],
              [
                80.32153320312528,
                13.199310302734375
              ],
              [
                80.32153320312528,
                13.198471069336051
              ],
              [
                80.3212509155274,
                13.198471069336051
              ],
              [
                80.3212509155274,
                13.197360992431697
              ],
              [
                80.32096862792963,
                13.197360992431697
              ],
              [
                80.32096862792963,
                13.196809768676871
              ],
              [
                80.32068634033209,
                13.196809768676871
              ],
              [
                80.32068634033209,
                13.196530342101994
              ],
              [
                80.32041931152344,
                13.196530342101994
              ],
              [
                80.32041931152344,
                13.195970535278377
              ],
              [
                80.32013702392584,
                13.19597339630127
              ],
              [
                80.32013702392584,
                13.195694923400879
              ],
              [
                80.31986236572283,
                13.19569110870367
              ],
              [
                80.31986236572283,
                13.195417404174748
              ],
              [
                80.31958007812511,
                13.19542026519781
              ],
              [
                80.31958007812511,
                13.194861412048283
              ],
              [
                80.31930541992205,
                13.194861412048283
              ],
              [
                80.31930541992205,
                13.194305419921818
              ],
              [
                80.31903839111357,
                13.194310188293457
              ],
              [
                80.31903839111357,
                13.191811561584586
              ],
              [
                80.3187484741211,
                13.191811561584586
              ],
              [
                80.3187484741211,
                13.19124889373802
              ],
              [
                80.31846618652372,
                13.19124889373802
              ],
              [
                80.31846618652372,
                13.190690040588493
              ],
              [
                80.31819152832037,
                13.190694808959961
              ],
              [
                80.31819152832037,
                13.189582824707031
              ],
              [
                80.31791687011713,
                13.189582824707031
              ],
              [
                80.31791687011713,
                13.189305305480957
              ],
              [
                80.31764221191412,
                13.189311981201172
              ],
              [
                80.31764221191412,
                13.186250686645565
              ],
              [
                80.3173599243164,
                13.186250686645565
              ],
              [
                80.3173599243164,
                13.184860229492244
              ],
              [
                80.31708526611334,
                13.184860229492244
              ],
              [
                80.31708526611334,
                13.18375015258789
              ],
              [
                80.3168029785158,
                13.18375015258789
              ],
              [
                80.3168029785158,
                13.182080268859863
              ],
              [
                80.31652832031261,
                13.18208217620844
              ],
              [
                80.31652832031261,
                13.181249618530387
              ],
              [
                80.31625366210955,
                13.181249618530387
              ],
              [
                80.31625366210955,
                13.180972099304256
              ],
              [
                80.315971374512,
                13.180972099304256
              ],
              [
                80.315971374512,
                13.1801376342774
              ],
              [
                80.3156967163086,
                13.180139541626033
              ],
              [
                80.3156967163086,
                13.179860115051326
              ],
              [
                80.31540679931669,
                13.179860115051326
              ],
              [
                80.31540679931669,
                13.17957973480236
              ],
              [
                80.31513977050787,
                13.179583549499569
              ],
              [
                80.31513977050787,
                13.179306030273438
              ],
              [
                80.31485748291044,
                13.179310798645133
              ],
              [
                80.31485748291044,
                13.178750038146973
              ],
              [
                80.31458282470709,
                13.178750038146973
              ],
              [
                80.31458282470709,
                13.177920341491756
              ],
              [
                80.3143081665039,
                13.177920341491756
              ],
              [
                80.3143081665039,
                13.177359580993652
              ],
              [
                80.31458282470709,
                13.177362442016715
              ],
              [
                80.31458282470709,
                13.177083969116325
              ],
              [
                80.3143081665039,
                13.177083969116325
              ],
              [
                80.3143081665039,
                13.17652797698986
              ],
              [
                80.3140258789063,
                13.176531791687069
              ],
              [
                80.3140258789063,
                13.176250457763786
              ],
              [
                80.3137512207033,
                13.176250457763786
              ],
              [
                80.3137512207033,
                13.175971984863395
              ],
              [
                80.31346893310553,
                13.175971984863395
              ],
              [
                80.31346893310553,
                13.174028396606502
              ],
              [
                80.31318664550798,
                13.174030303955078
              ],
              [
                80.31318664550798,
                13.173191070556754
              ],
              [
                80.3129196166995,
                13.173195838928223
              ],
              [
                80.3129196166995,
                13.172362327575627
              ],
              [
                80.31263732910173,
                13.172362327575627
              ],
              [
                80.31263732910173,
                13.171249389648438
              ],
              [
                80.31236267089872,
                13.171249389648438
              ],
              [
                80.31236267089872,
                13.170419692993221
              ],
              [
                80.31208038330084,
                13.170419692993221
              ],
              [
                80.31208038330084,
                13.16875076293951
              ],
              [
                80.31181335449213,
                13.16875076293951
              ],
              [
                80.31181335449213,
                13.167640686035156
              ],
              [
                80.31153106689459,
                13.167640686035156
              ],
              [
                80.31153106689459,
                13.16736125946045
              ],
              [
                80.31124877929682,
                13.16736125946045
              ],
              [
                80.31124877929682,
                13.166805267333984
              ],
              [
                80.31096649169928,
                13.166811943054256
              ],
              [
                80.31096649169928,
                13.165970802307129
              ],
              [
                80.3106918334961,
                13.165970802307129
              ],
              [
                80.3106918334961,
                13.16569519042963
              ],
              [
                80.31041717529303,
                13.16569519042963
              ],
              [
                80.31041717529303,
                13.164583206176871
              ],
              [
                80.31014251709001,
                13.164583206176871
              ],
              [
                80.31014251709001,
                13.163194656372127
              ],
              [
                80.3095932006836,
                13.163199424743596
              ],
              [
                80.3095932006836,
                13.162920951843205
              ],
              [
                80.30930328369169,
                13.162920951843205
              ],
              [
                80.30930328369169,
                13.162361145019588
              ],
              [
                80.30874633789091,
                13.162361145019588
              ],
              [
                80.30874633789091,
                13.160972595214844
              ],
              [
                80.30819702148432,
                13.160972595214844
              ],
              [
                80.30819702148432,
                13.159860610961914
              ],
              [
                80.30791473388678,
                13.159860610961914
              ],
              [
                80.30791473388678,
                13.159306526184196
              ],
              [
                80.3076400756836,
                13.159311294555664
              ],
              [
                80.3076400756836,
                13.158470153808594
              ],
              [
                80.307357788086,
                13.158473014831657
              ],
              [
                80.307357788086,
                13.157916069030875
              ],
              [
                80.30708312988298,
                13.157920837402344
              ],
              [
                80.30708312988298,
                13.157641410827637
              ],
              [
                80.307357788086,
                13.157641410827637
              ],
              [
                80.307357788086,
                13.15736007690441
              ],
              [
                80.30708312988298,
                13.15736007690441
              ],
              [
                80.30708312988298,
                13.15681076049816
              ],
              [
                80.3068084716798,
                13.15681076049816
              ],
              [
                80.3068084716798,
                13.15625
              ],
              [
                80.3065261840822,
                13.15625
              ],
              [
                80.3065261840822,
                13.155690193176383
              ],
              [
                80.30625152587919,
                13.155694007873592
              ],
              [
                80.30625152587919,
                13.155415534973201
              ],
              [
                80.30596923828125,
                13.155421257019157
              ],
              [
                80.30596923828125,
                13.155139923095703
              ],
              [
                80.30568695068388,
                13.155139923095703
              ],
              [
                80.30568695068388,
                13.154582023620605
              ],
              [
                80.30541992187506,
                13.154582023620605
              ],
              [
                80.30541992187506,
                13.154027938842717
              ],
              [
                80.30513763427729,
                13.154032707214412
              ],
              [
                80.30513763427729,
                13.153750419616642
              ],
              [
                80.30486297607428,
                13.153750419616642
              ],
              [
                80.30486297607428,
                13.152359962463493
              ],
              [
                80.30513763427729,
                13.152359962463493
              ],
              [
                80.30513763427729,
                13.152079582214355
              ],
              [
                80.30486297607428,
                13.152084350585994
              ],
              [
                80.30486297607428,
                13.151805877685604
              ],
              [
                80.30458068847656,
                13.151810646057072
              ],
              [
                80.30458068847656,
                13.150691986084098
              ],
              [
                80.3043060302735,
                13.150693893432845
              ],
              [
                80.3043060302735,
                13.1504163742066
              ],
              [
                80.30374908447277,
                13.150420188903752
              ],
              [
                80.30374908447277,
                13.150139808654785
              ],
              [
                80.30346679687517,
                13.150139808654785
              ],
              [
                80.30346679687517,
                13.149310111999569
              ],
              [
                80.30319213867216,
                13.149310111999569
              ],
              [
                80.30319213867216,
                13.148750305175781
              ],
              [
                80.30291748046875,
                13.148750305175781
              ],
              [
                80.30291748046875,
                13.147640228271598
              ],
              [
                80.30264282226591,
                13.147640228271598
              ],
              [
                80.30264282226591,
                13.147358894348145
              ],
              [
                80.30236053466803,
                13.147361755371207
              ],
              [
                80.30236053466803,
                13.146805763244743
              ],
              [
                80.30208587646479,
                13.146809577941895
              ],
              [
                80.30208587646479,
                13.146251678467024
              ],
              [
                80.30179595947271,
                13.146251678467024
              ],
              [
                80.30179595947271,
                13.145971298217887
              ],
              [
                80.30152893066406,
                13.145971298217887
              ],
              [
                80.30152893066406,
                13.145415306091422
              ],
              [
                80.30124664306646,
                13.14542007446289
              ],
              [
                80.30124664306646,
                13.14513015747076
              ],
              [
                80.30097198486345,
                13.145139694213924
              ],
              [
                80.30097198486345,
                13.144582748413313
              ],
              [
                80.30069732666027,
                13.144582748413313
              ],
              [
                80.30069732666027,
                13.144026756286678
              ],
              [
                80.3004226684572,
                13.14402961730957
              ],
              [
                80.3004226684572,
                13.143470764160213
              ],
              [
                80.30014038085966,
                13.143473625183105
              ],
              [
                80.30014038085966,
                13.143193244934082
              ],
              [
                80.29985809326189,
                13.143193244934082
              ],
              [
                80.29985809326189,
                13.142916679382324
              ],
              [
                80.30014038085966,
                13.142919540405387
              ],
              [
                80.30014038085966,
                13.142642021179313
              ],
              [
                80.29985809326189,
                13.142642021179313
              ],
              [
                80.29985809326189,
                13.140421867370605
              ],
              [
                80.29957580566435,
                13.140421867370605
              ],
              [
                80.29957580566435,
                13.140140533447322
              ],
              [
                80.29930877685553,
                13.140140533447322
              ],
              [
                80.29930877685553,
                13.1393213272097
              ],
              [
                80.2990264892581,
                13.1393213272097
              ],
              [
                80.2990264892581,
                13.138751029968262
              ],
              [
                80.29985809326189,
                13.138751029968262
              ],
              [
                80.29985809326189,
                13.137640953063908
              ],
              [
                80.29957580566435,
                13.137640953063908
              ],
              [
                80.29957580566435,
                13.136530876159725
              ],
              [
                80.29930877685553,
                13.136530876159725
              ],
              [
                80.29930877685553,
                13.135689735412825
              ],
              [
                80.29875183105474,
                13.13569545745861
              ],
              [
                80.29875183105474,
                13.13458347320568
              ],
              [
                80.29930877685553,
                13.13458347320568
              ],
              [
                80.29930877685553,
                13.134306907654036
              ],
              [
                80.29985809326189,
                13.134310722351017
              ],
              [
                80.29985809326189,
                13.13319015502924
              ],
              [
                80.30014038085966,
                13.133194923400936
              ],
              [
                80.30014038085966,
                13.132917404174805
              ],
              [
                80.3004226684572,
                13.132921218872184
              ],
              [
                80.3004226684572,
                13.132640838623047
              ],
              [
                80.30069732666027,
                13.132640838623047
              ],
              [
                80.30069732666027,
                13.13236045837408
              ],
              [
                80.30041503906267,
                13.13236045837408
              ],
              [
                80.30041503906267,
                13.13208198547369
              ],
              [
                80.29763793945318,
                13.13208198547369
              ],
              [
                80.29763793945318,
                13.130971908569336
              ],
              [
                80.29792022705095,
                13.130971908569336
              ],
              [
                80.29792022705095,
                13.130694389343262
              ],
              [
                80.29819488525396,
                13.130694389343262
              ],
              [
                80.29819488525396,
                13.130415916442871
              ],
              [
                80.29846954345697,
                13.13042068481468
              ],
              [
                80.29846954345697,
                13.130130767822209
              ],
              [
                80.29875183105474,
                13.13013839721674
              ],
              [
                80.29875183105474,
                13.129305839538688
              ],
              [
                80.29846954345697,
                13.129310607910156
              ],
              [
                80.29846954345697,
                13.12763977050787
              ],
              [
                80.29818725585943,
                13.12763977050787
              ],
              [
                80.29818725585943,
                13.127360343933162
              ],
              [
                80.29792022705095,
                13.127362251281738
              ],
              [
                80.29792022705095,
                13.126806259155273
              ],
              [
                80.29763793945318,
                13.12681102752697
              ],
              [
                80.29763793945318,
                13.126619338989371
              ],
              [
                80.29196166992216,
                13.126960754394645
              ],
              [
                80.29012298584001,
                13.127129554748592
              ],
              [
                80.27487182617205,
                13.128649711608887
              ],
              [
                80.26728057861334,
                13.127729415893555
              ],
              [
                80.26257324218778,
                13.125151634216536
              ],
              [
                80.24967956542986,
                13.126361846923828
              ],
              [
                80.24591827392584,
                13.127590179443416
              ],
              [
                80.24575042724615,
                13.133801460266113
              ],
              [
                80.24002075195318,
                13.133521080017147
              ],
              [
                80.23657226562506,
                13.13165187835699
              ],
              [
                80.2333374023438,
                13.1281099319458
              ],
              [
                80.22917938232433,
                13.12733268737793
              ],
              [
                80.2300033569336,
                13.113300323486442
              ],
              [
                80.21138000488287,
                13.11234092712408
              ],
              [
                80.21129608154291,
                13.1154403686524
              ],
              [
                80.19680023193354,
                13.11393070220953
              ],
              [
                80.1896591186524,
                13.111901283264274
              ],
              [
                80.1895294189456,
                13.104360580444393
              ],
              [
                80.18403625488281,
                13.095009803771973
              ],
              [
                80.18007659912126,
                13.0903701782226
              ],
              [
                80.18138885498064,
                13.088479995727653
              ],
              [
                80.18118286132812,
                13.086130142212141
              ],
              [
                80.18276977539068,
                13.083830833435172
              ],
              [
                80.18121337890642,
                13.076351165771428
              ],
              [
                80.18338775634771,
                13.074419975280705
              ],
              [
                80.18033599853521,
                13.068929672241325
              ],
              [
                80.17311859130888,
                13.060700416564941
              ],
              [
                80.17473602294939,
                13.054559707641545
              ],
              [
                80.17413330078142,
                13.049831390380803
              ],
              [
                80.17276000976591,
                13.047750473022575
              ],
              [
                80.17179107666044,
                13.043320655822754
              ],
              [
                80.16964721679693,
                13.033582687378157
              ],
              [
                80.1705932617188,
                13.029161453247184
              ],
              [
                80.17295074462919,
                13.02521133422863
              ],
              [
                80.17291259765636,
                13.018610954284725
              ],
              [
                80.17430114746088,
                13.014476776123104
              ],
              [
                80.169921875,
                13.01221084594738
              ],
              [
                80.15849304199236,
                13.015801429748478
              ],
              [
                80.15274047851557,
                13.016880989074707
              ],
              [
                80.15184783935564,
                13.012840270996321
              ],
              [
                80.14832305908232,
                13.013681411743278
              ],
              [
                80.14713287353521,
                13.016901969909725
              ],
              [
                80.13379669189459,
                13.016341209411564
              ],
              [
                80.13220977783203,
                13.02308273315441
              ],
              [
                80.13625335693365,
                13.023441314697322
              ],
              [
                80.13401031494169,
                13.027300834655705
              ],
              [
                80.12677001953153,
                13.034481048584212
              ],
              [
                80.12684631347673,
                13.03794002532959
              ],
              [
                80.1161270141601,
                13.036922454833984
              ],
              [
                80.11740875244152,
                13.04407119750988
              ],
              [
                80.11032867431646,
                13.046299934387207
              ],
              [
                80.11123657226568,
                13.051711082458553
              ],
              [
                80.11155700683594,
                13.064160346984806
              ],
              [
                80.1085281372072,
                13.078021049499625
              ],
              [
                80.1126861572265,
                13.08093166351324
              ],
              [
                80.11329650878923,
                13.08662033081066
              ],
              [
                80.1121826171875,
                13.093870162963924
              ],
              [
                80.1093368530274,
                13.101902008056584
              ],
              [
                80.10515594482428,
                13.110602378845215
              ],
              [
                80.09850311279303,
                13.118391990661621
              ],
              [
                80.08891296386719,
                13.119440078735352
              ],
              [
                80.07965850830107,
                13.122019767761287
              ],
              [
                80.07343292236345,
                13.127040863037223
              ],
              [
                80.0654525756836,
                13.128911972045898
              ],
              [
                80.04595947265642,
                13.121621131897086
              ],
              [
                80.04119873046892,
                13.124190330505428
              ],
              [
                80.02852630615246,
                13.124361038207951
              ],
              [
                80.02964019775396,
                13.119589805603027
              ],
              [
                80.02430725097662,
                13.117441177368278
              ],
              [
                80.016372680664,
                13.116530418395996
              ],
              [
                80.0004272460938,
                13.118011474609318
              ],
              [
                80.00093078613281,
                13.11266040802002
              ],
              [
                80.00293731689459,
                13.106732368469238
              ],
              [
                79.99804687500028,
                13.107380867004451
              ],
              [
                79.99637603759783,
                13.10532093048107
              ],
              [
                79.99923706054705,
                13.093860626220817
              ],
              [
                79.99672698974604,
                13.090280532836914
              ],
              [
                79.99069213867193,
                13.086920738220215
              ],
              [
                79.98789215087902,
                13.08644962310791
              ],
              [
                79.98935699462896,
                13.083430290222168
              ],
              [
                79.98671722412115,
                13.079980850219727
              ],
              [
                79.98256683349638,
                13.083081245422363
              ],
              [
                79.97399139404325,
                13.077830314636344
              ],
              [
                79.97328186035156,
                13.073402404785156
              ],
              [
                79.9689559936524,
                13.06816196441656
              ],
              [
                79.9667510986331,
                13.05858039855957
              ],
              [
                79.96601867675776,
                13.051858901977653
              ],
              [
                79.97318267822271,
                13.049591064453125
              ],
              [
                79.9793167114259,
                13.045440673828182
              ],
              [
                79.98391723632841,
                13.038311958313045
              ],
              [
                79.98264312744158,
                13.028830528259505
              ],
              [
                79.9802703857423,
                13.021559715271053
              ],
              [
                79.97743988037138,
                13.017792701721248
              ],
              [
                79.9701614379884,
                13.019089698791504
              ],
              [
                79.9647827148438,
                13.02295970916748
              ],
              [
                79.96469116210938,
                13.026350975036848
              ],
              [
                79.96866607666044,
                13.034289360046444
              ],
              [
                79.97870635986334,
                13.038249969482422
              ],
              [
                79.97502136230486,
                13.043351173400936
              ],
              [
                79.962646484375,
                13.039422035217399
              ],
              [
                79.95707702636736,
                13.033861160278548
              ],
              [
                79.95717620849615,
                13.030060768127555
              ],
              [
                79.95842742919939,
                13.026082038879395
              ],
              [
                79.9569702148438,
                13.024709701538029
              ],
              [
                79.94847869873047,
                13.026149749755973
              ],
              [
                79.93200683593761,
                13.019919395446891
              ],
              [
                79.92247772216808,
                13.01997184753418
              ],
              [
                79.91168212890642,
                13.021670341491756
              ],
              [
                79.90730285644548,
                13.023841857910156
              ],
              [
                79.90766906738281,
                13.034648895263729
              ],
              [
                79.90072631835949,
                13.034550666809196
              ],
              [
                79.88987731933622,
                13.037380218505973
              ],
              [
                79.88387298583984,
                13.021069526672363
              ],
              [
                79.88945007324224,
                13.016241073608455
              ],
              [
                79.88949584960966,
                13.007910728454704
              ],
              [
                79.8908996582033,
                13.001510620117188
              ],
              [
                79.89708709716803,
                13.002981185913086
              ],
              [
                79.90178680419939,
                13.002519607543945
              ],
              [
                79.90806579589861,
                13.005720138549862
              ],
              [
                79.91001129150396,
                13.001041412353516
              ],
              [
                79.9180526733399,
                12.99850177764904
              ],
              [
                79.92945861816406,
                12.993419647216797
              ],
              [
                79.92988586425787,
                12.989510536193848
              ],
              [
                79.92948150634771,
                12.986579895019645
              ],
              [
                79.92920684814447,
                12.986592292785645
              ],
              [
                79.92652130126982,
                12.981189727783203
              ],
              [
                79.9241027832033,
                12.979459762573356
              ],
              [
                79.91506958007841,
                12.977201461791935
              ],
              [
                79.90154266357416,
                12.98525142669672
              ],
              [
                79.90087127685553,
                12.986689567565918
              ],
              [
                79.89859771728521,
                12.989690780639705
              ],
              [
                79.89406585693388,
                12.98670959472679
              ],
              [
                79.8878479003908,
                12.981189727783203
              ],
              [
                79.88318634033214,
                12.9813108444215
              ],
              [
                79.88012695312511,
                12.977101325988997
              ],
              [
                79.88688659667986,
                12.974740028381404
              ],
              [
                79.90249633789057,
                12.963530540466309
              ],
              [
                79.89840698242193,
                12.959410667419661
              ],
              [
                79.89801788330084,
                12.953961372375488
              ],
              [
                79.8953704833985,
                12.949660301208553
              ],
              [
                79.88886260986334,
                12.947071075439453
              ],
              [
                79.88508605957043,
                12.943431854248047
              ],
              [
                79.8812103271485,
                12.932951927185172
              ],
              [
                79.85027313232439,
                12.934970855713004
              ],
              [
                79.83931732177746,
                12.936731338500977
              ],
              [
                79.83731842041033,
                12.941500663757324
              ],
              [
                79.83278656005865,
                12.943671226501408
              ],
              [
                79.82229614257818,
                12.945550918579329
              ],
              [
                79.82375335693376,
                12.95041942596447
              ],
              [
                79.81067657470709,
                12.949991226196403
              ],
              [
                79.80895996093756,
                12.953500747680664
              ],
              [
                79.8070068359375,
                12.97172927856468
              ],
              [
                79.80903625488276,
                12.974721908569279
              ],
              [
                79.80343627929693,
                12.973580360412654
              ],
              [
                79.80134582519537,
                12.977030754089412
              ],
              [
                79.8060073852539,
                12.98015117645275
              ],
              [
                79.80626678466803,
                12.986998558044434
              ],
              [
                79.79586791992216,
                13.003591537475586
              ],
              [
                79.7880172729495,
                13.001620292663574
              ],
              [
                79.78591156005871,
                13.006941795349235
              ],
              [
                79.78527069091803,
                13.013401031494084
              ],
              [
                79.77249908447271,
                13.00899982452404
              ],
              [
                79.77310180664068,
                13.016011238098372
              ],
              [
                79.77282714843767,
                13.02666091918968
              ],
              [
                79.77677917480497,
                13.033399581909237
              ],
              [
                79.77378082275408,
                13.039409637451172
              ],
              [
                79.7652359008789,
                13.04193115234375
              ],
              [
                79.76346588134766,
                13.045241355896223
              ],
              [
                79.75818634033209,
                13.046099662780989
              ],
              [
                79.74848175048834,
                13.038910865783691
              ],
              [
                79.73583984375017,
                13.037220001220817
              ],
              [
                79.72133636474626,
                13.04625034332281
              ],
              [
                79.71385955810541,
                13.04023075103754
              ],
              [
                79.7079467773437,
                13.040699958801213
              ],
              [
                79.70658111572294,
                13.044180870056096
              ],
              [
                79.71122741699236,
                13.047911643982161
              ],
              [
                79.71357727050787,
                13.053980827331657
              ],
              [
                79.72135925292986,
                13.053851127624512
              ],
              [
                79.72603607177763,
                13.056489944458008
              ],
              [
                79.72762298584001,
                13.061299324035588
              ],
              [
                79.71939086914057,
                13.082269668579102
              ],
              [
                79.7140426635745,
                13.084050178527832
              ],
              [
                79.69940948486345,
                13.084739685058821
              ],
              [
                79.68881988525402,
                13.086871147155762
              ],
              [
                79.69071197509771,
                13.093761444091797
              ],
              [
                79.6958618164063,
                13.094909667968864
              ],
              [
                79.70378875732439,
                13.09193134307867
              ],
              [
                79.70929718017578,
                13.094009399414062
              ],
              [
                79.71338653564459,
                13.101941108703613
              ],
              [
                79.7217025756836,
                13.103399276733455
              ],
              [
                79.72432708740263,
                13.111770629882812
              ],
              [
                79.72682952880854,
                13.123580932617188
              ],
              [
                79.72656250000006,
                13.138371467590332
              ],
              [
                79.72303009033203,
                13.151579856872559
              ],
              [
                79.7156066894533,
                13.151261329650879
              ],
              [
                79.705093383789,
                13.148680686950797
              ],
              [
                79.69098663330078,
                13.147410392761344
              ],
              [
                79.68752288818388,
                13.143250465393066
              ],
              [
                79.68296051025385,
                13.146349906921387
              ],
              [
                79.6795730590822,
                13.151799201965389
              ],
              [
                79.67935943603516,
                13.162310600280875
              ],
              [
                79.68473815917986,
                13.16726112365734
              ],
              [
                79.68757629394548,
                13.17469120025629
              ],
              [
                79.67973327636719,
                13.176980972290153
              ],
              [
                79.67012023925787,
                13.172651290893612
              ],
              [
                79.65831756591825,
                13.168769836425781
              ],
              [
                79.6568679809572,
                13.174079895019645
              ],
              [
                79.65814971923857,
                13.188098907470817
              ],
              [
                79.6424407958985,
                13.19569110870367
              ],
              [
                79.63978576660162,
                13.189631462097168
              ],
              [
                79.63527679443354,
                13.183930397033748
              ],
              [
                79.6329193115235,
                13.1739501953125
              ],
              [
                79.63259887695341,
                13.165619850158748
              ],
              [
                79.61972808837896,
                13.156270980835075
              ],
              [
                79.6192169189456,
                13.148690223693904
              ],
              [
                79.62343597412138,
                13.134840011596737
              ],
              [
                79.61683654785173,
                13.130951881408748
              ],
              [
                79.606185913086,
                13.130210876464957
              ],
              [
                79.59606933593756,
                13.130660057067928
              ],
              [
                79.58142089843756,
                13.13283920288086
              ],
              [
                79.57932281494146,
                13.1298189163208
              ],
              [
                79.58368682861334,
                13.123331069946346
              ],
              [
                79.58637237548834,
                13.116750717163143
              ],
              [
                79.58249664306658,
                13.109650611877385
              ],
              [
                79.57182312011736,
                13.108499526977653
              ],
              [
                79.55895233154325,
                13.108989715576172
              ],
              [
                79.5565185546875,
                13.115340232849121
              ],
              [
                79.55716705322271,
                13.121430397033805
              ],
              [
                79.54306793212896,
                13.124180793762264
              ],
              [
                79.53835296630888,
                13.120950698852539
              ],
              [
                79.5164031982423,
                13.123661041259766
              ],
              [
                79.51000976562517,
                13.128170967102108
              ],
              [
                79.50447082519548,
                13.130299568176383
              ],
              [
                79.49247741699236,
                13.124340057373104
              ],
              [
                79.48052215576178,
                13.124410629272575
              ],
              [
                79.46988677978544,
                13.125729560852164
              ],
              [
                79.46932983398466,
                13.118430137634277
              ],
              [
                79.46687316894531,
                13.114441871643066
              ],
              [
                79.46153259277344,
                13.113680839538688
              ],
              [
                79.46261596679699,
                13.108780860900936
              ],
              [
                79.46308898925798,
                13.10050010681158
              ],
              [
                79.46109771728544,
                13.094650268554744
              ],
              [
                79.45358276367193,
                13.095319747924805
              ],
              [
                79.45089721679705,
                13.092120170593375
              ],
              [
                79.44964599609386,
                13.08489131927496
              ],
              [
                79.44782257080095,
                13.083009719848633
              ],
              [
                79.44072723388666,
                13.079870223999023
              ],
              [
                79.43945312500017,
                13.081879615783748
              ],
              [
                79.42984008789091,
                13.096949577331543
              ],
              [
                79.41961669921892,
                13.100860595703068
              ],
              [
                79.41882324218767,
                13.10581111907959
              ],
              [
                79.42884826660168,
                13.105991363525447
              ],
              [
                79.44126892089872,
                13.108160972595272
              ],
              [
                79.44032287597685,
                13.113739967346248
              ],
              [
                79.43062591552729,
                13.111710548400993
              ],
              [
                79.42453002929688,
                13.112880706787337
              ],
              [
                79.41176605224626,
                13.132281303405819
              ],
              [
                79.40615081787121,
                13.136309623718489
              ],
              [
                79.39974212646484,
                13.123451232910213
              ],
              [
                79.40030670166016,
                13.117609977722225
              ],
              [
                79.40001678466803,
                13.107900619506836
              ],
              [
                79.39540100097656,
                13.10272026062006
              ],
              [
                79.38981628417969,
                13.09375190734886
              ],
              [
                79.39663696289091,
                13.089321136474553
              ],
              [
                79.40615081787121,
                13.090470314025936
              ],
              [
                79.40915679931646,
                13.085790634155273
              ],
              [
                79.40721130371111,
                13.077930450439453
              ],
              [
                79.40441131591803,
                13.07072067260765
              ],
              [
                79.3812561035158,
                13.068949699401855
              ],
              [
                79.37018585205095,
                13.066479682922363
              ],
              [
                79.33470916748064,
                13.04839038848877
              ],
              [
                79.32557678222673,
                13.051651954650993
              ],
              [
                79.31919097900419,
                13.060628890991211
              ],
              [
                79.31018829345709,
                13.067219734191838
              ],
              [
                79.29397583007818,
                13.072050094604492
              ],
              [
                79.28901672363287,
                13.077619552612362
              ],
              [
                79.28600311279325,
                13.08501052856451
              ],
              [
                79.2788696289063,
                13.096121788024902
              ],
              [
                79.27349090576189,
                13.10779953002941
              ],
              [
                79.27384948730469,
                13.120901107788086
              ],
              [
                79.27751922607439,
                13.119720458984489
              ],
              [
                79.28495025634783,
                13.12285041809082
              ],
              [
                79.28810119628935,
                13.118280410766602
              ],
              [
                79.29876708984386,
                13.11483192443842
              ],
              [
                79.29747009277372,
                13.097371101379395
              ],
              [
                79.3079376220706,
                13.09691143035883
              ],
              [
                79.31002807617199,
                13.099940299987907
              ],
              [
                79.30973052978533,
                13.106900215148926
              ],
              [
                79.31239318847673,
                13.113769531250114
              ],
              [
                79.3167266845706,
                13.119368553161621
              ],
              [
                79.3306884765625,
                13.121231079101676
              ],
              [
                79.33531951904297,
                13.127510070800895
              ],
              [
                79.33779144287126,
                13.123170852661246
              ],
              [
                79.34435272216808,
                13.1235609054566
              ],
              [
                79.35009765625028,
                13.125450134277287
              ],
              [
                79.35457611084001,
                13.12977123260498
              ],
              [
                79.34674835205095,
                13.134860992431754
              ],
              [
                79.34686279296903,
                13.140151023864746
              ],
              [
                79.3478393554687,
                13.143819808960188
              ],
              [
                79.34709167480469,
                13.153950691223258
              ],
              [
                79.34777069091803,
                13.163019180297908
              ],
              [
                79.35472106933594,
                13.161339759826603
              ],
              [
                79.3612060546875,
                13.15604114532482
              ],
              [
                79.36493682861334,
                13.160370826721305
              ],
              [
                79.36717224121094,
                13.165580749511719
              ],
              [
                79.37078094482439,
                13.168589591980094
              ],
              [
                79.36900329589872,
                13.17626094818121
              ],
              [
                79.3783569335937,
                13.1824312210083
              ],
              [
                79.38437652587896,
                13.184720993041935
              ],
              [
                79.392562866211,
                13.184461593627987
              ],
              [
                79.39791870117193,
                13.186422348022575
              ],
              [
                79.41329193115251,
                13.185849189758244
              ],
              [
                79.4205932617188,
                13.184461593627987
              ],
              [
                79.42378997802751,
                13.187460899353027
              ],
              [
                79.4215698242188,
                13.193181037902889
              ],
              [
                79.42315673828153,
                13.198910713195858
              ],
              [
                79.42315673828153,
                13.203800201416016
              ],
              [
                79.42163085937528,
                13.20853137969982
              ],
              [
                79.44550323486322,
                13.216771125793457
              ],
              [
                79.44544219970714,
                13.221720695495605
              ],
              [
                79.44245910644531,
                13.229180335998592
              ],
              [
                79.43609619140636,
                13.229831695556754
              ],
              [
                79.42690277099615,
                13.222740173339787
              ],
              [
                79.41816711425793,
                13.218461990356445
              ],
              [
                79.41699981689459,
                13.212201118469238
              ],
              [
                79.41084289550798,
                13.212162017822266
              ],
              [
                79.40865325927763,
                13.21959018707281
              ],
              [
                79.40968322753923,
                13.228150367736816
              ],
              [
                79.40734100341825,
                13.237661361694563
              ],
              [
                79.40866851806669,
                13.246741294860783
              ],
              [
                79.41230010986357,
                13.257510185241642
              ],
              [
                79.41902160644548,
                13.266339302062931
              ],
              [
                79.41799163818388,
                13.269061088562239
              ],
              [
                79.41837310791044,
                13.274589538574332
              ],
              [
                79.42502593994146,
                13.281340599060115
              ],
              [
                79.42177581787115,
                13.286660194396916
              ],
              [
                79.40542602539091,
                13.28541088104248
              ],
              [
                79.39897918701172,
                13.289151191711483
              ],
              [
                79.38562774658203,
                13.294700622558594
              ],
              [
                79.37460327148455,
                13.303039550781193
              ],
              [
                79.40139770507841,
                13.315751075744856
              ],
              [
                79.41732025146501,
                13.321958541870174
              ],
              [
                79.42887878417997,
                13.32356166839611
              ],
              [
                79.454643249512,
                13.324320793151855
              ],
              [
                79.47927856445312,
                13.321459770202637
              ],
              [
                79.48722839355497,
                13.316551208496207
              ],
              [
                79.4978103637697,
                13.31482124328636
              ],
              [
                79.50953674316418,
                13.314700126648063
              ],
              [
                79.52271270751982,
                13.315931320190543
              ],
              [
                79.53578186035156,
                13.311070442199934
              ],
              [
                79.53887176513678,
                13.300921440124739
              ],
              [
                79.53922271728521,
                13.289759635925236
              ],
              [
                79.5414428710937,
                13.278931617737044
              ],
              [
                79.54634094238293,
                13.274049758911246
              ],
              [
                79.54872894287126,
                13.267121315002498
              ],
              [
                79.55478668212885,
                13.259181022644157
              ],
              [
                79.56537628173834,
                13.249401092529297
              ],
              [
                79.57096099853544,
                13.24737930297863
              ],
              [
                79.5802612304688,
                13.245370864868221
              ],
              [
                79.58541870117193,
                13.247100830078239
              ],
              [
                79.58644866943354,
                13.253480911254826
              ],
              [
                79.58867645263678,
                13.26041126251232
              ],
              [
                79.59485626220703,
                13.263042449951286
              ],
              [
                79.60114288330072,
                13.267729759216252
              ],
              [
                79.60510253906278,
                13.267360687255916
              ],
              [
                79.61075592041021,
                13.264591217040959
              ],
              [
                79.61519622802746,
                13.260450363159123
              ],
              [
                79.62075805664091,
                13.258950233459586
              ],
              [
                79.62431335449224,
                13.262020111084041
              ],
              [
                79.62956237792963,
                13.260860443115291
              ],
              [
                79.63072204589844,
                13.268159866333121
              ],
              [
                79.6325073242188,
                13.273542404174862
              ],
              [
                79.638481140137,
                13.276189804077376
              ],
              [
                79.64376831054693,
                13.273359298706112
              ],
              [
                79.64862823486322,
                13.273359298706112
              ],
              [
                79.65338134765653,
                13.274568557739485
              ],
              [
                79.65740203857416,
                13.268480300903377
              ],
              [
                79.66256713867188,
                13.268141746520996
              ],
              [
                79.66590118408209,
                13.27327919006359
              ],
              [
                79.66853332519531,
                13.281930923461914
              ],
              [
                79.67932128906278,
                13.269331932067928
              ],
              [
                79.68161010742216,
                13.26555061340332
              ],
              [
                79.68430328369135,
                13.256679534912166
              ],
              [
                79.67376708984403,
                13.24702072143566
              ],
              [
                79.67111206054716,
                13.23584175109869
              ],
              [
                79.67331695556646,
                13.229490280151424
              ],
              [
                79.6806869506836,
                13.228370666504134
              ],
              [
                79.68456268310553,
                13.23384952545166
              ],
              [
                79.6919326782226,
                13.238529205322266
              ],
              [
                79.69603729248053,
                13.233890533447209
              ],
              [
                79.69574737548822,
                13.223760604858455
              ],
              [
                79.68943786621122,
                13.211250305175895
              ],
              [
                79.68875122070312,
                13.207409858703556
              ],
              [
                79.69243621826178,
                13.20753097534191
              ],
              [
                79.69963836669928,
                13.202680587768555
              ],
              [
                79.70568847656267,
                13.209231376648063
              ],
              [
                79.71142578125017,
                13.210479736328239
              ],
              [
                79.71570587158209,
                13.214400291442928
              ],
              [
                79.7185668945313,
                13.222591400146598
              ],
              [
                79.72283172607416,
                13.221851348877067
              ],
              [
                79.72651672363281,
                13.217380523681697
              ],
              [
                79.73252868652372,
                13.214961051941032
              ],
              [
                79.73368072509794,
                13.210231781005803
              ],
              [
                79.7375030517581,
                13.205520629882926
              ],
              [
                79.73826599121122,
                13.198259353637752
              ],
              [
                79.74437713623041,
                13.194911003112907
              ],
              [
                79.7518310546875,
                13.204779624938908
              ],
              [
                79.75772094726591,
                13.205571174621639
              ],
              [
                79.76333618164068,
                13.208850860595817
              ],
              [
                79.76716613769537,
                13.213339805603141
              ],
              [
                79.77356719970697,
                13.21751976013195
              ],
              [
                79.77733612060575,
                13.217191696166992
              ],
              [
                79.783256530762,
                13.217919349670467
              ],
              [
                79.784896850586,
                13.223480224609489
              ],
              [
                79.783256530762,
                13.228161811828727
              ],
              [
                79.77539062500006,
                13.234119415283203
              ],
              [
                79.75277709960932,
                13.243760108947754
              ],
              [
                79.74558258056658,
                13.248210906982422
              ],
              [
                79.73938751220732,
                13.25443077087408
              ],
              [
                79.72177886962896,
                13.265730857849348
              ],
              [
                79.72129058837919,
                13.272239685058821
              ],
              [
                79.72963714599621,
                13.275079727172852
              ],
              [
                79.74149322509794,
                13.27666187286377
              ],
              [
                79.74614715576189,
                13.280000686645451
              ],
              [
                79.74975585937517,
                13.2908811569215
              ],
              [
                79.75055694580084,
                13.298810005187988
              ],
              [
                79.75405883789074,
                13.302789688110408
              ],
              [
                79.7683563232423,
                13.289629936218262
              ],
              [
                79.77422332763678,
                13.28513145446783
              ],
              [
                79.77980041503918,
                13.282070159912166
              ],
              [
                79.78727722167997,
                13.284620285034293
              ],
              [
                79.79226684570312,
                13.291640281677303
              ],
              [
                79.7950057983399,
                13.29857063293457
              ],
              [
                79.80029296875017,
                13.304321289062614
              ],
              [
                79.80848693847656,
                13.30508041381836
              ],
              [
                79.82404327392584,
                13.30231952667242
              ],
              [
                79.83059692382807,
                13.3020601272583
              ],
              [
                79.83676910400396,
                13.302998542785645
              ],
              [
                79.83905792236334,
                13.303340911865234
              ],
              [
                79.85116577148466,
                13.303429603576603
              ],
              [
                79.85568237304693,
                13.308140754699707
              ],
              [
                79.85885620117205,
                13.313740730285872
              ],
              [
                79.8651962280274,
                13.31072998046875
              ],
              [
                79.87055206298834,
                13.311759948730582
              ],
              [
                79.8749618530274,
                13.317400932311955
              ],
              [
                79.88015747070341,
                13.320439338684139
              ],
              [
                79.88607788085966,
                13.32129192352295
              ],
              [
                79.89179229736357,
                13.324619293212947
              ],
              [
                79.8973617553711,
                13.329489707946891
              ],
              [
                79.90386199951189,
                13.333271026611271
              ],
              [
                79.90628814697294,
                13.33905124664318
              ],
              [
                79.91068267822294,
                13.34370040893566
              ],
              [
                79.91713714599621,
                13.341039657593
              ],
              [
                79.92550659179693,
                13.33594036102295
              ],
              [
                79.92872619628912,
                13.343530654907227
              ],
              [
                79.93998718261724,
                13.358111381530819
              ],
              [
                79.94064331054682,
                13.360980987548828
              ],
              [
                79.93974304199236,
                13.369100570678768
              ],
              [
                79.94803619384777,
                13.367220878601074
              ],
              [
                79.95358276367216,
                13.37411117553711
              ],
              [
                79.95028686523443,
                13.38197135925293
              ],
              [
                79.93562316894537,
                13.384849548339787
              ],
              [
                79.93557739257818,
                13.390590667724837
              ],
              [
                79.93247985839861,
                13.404371261596907
              ],
              [
                79.93595123291021,
                13.409571647644043
              ],
              [
                79.94426727294916,
                13.410781860351676
              ],
              [
                79.95085144042974,
                13.408120155334586
              ],
              [
                79.958480834961,
                13.412851333618391
              ],
              [
                79.96322631835943,
                13.417910575866813
              ],
              [
                79.96102142334013,
                13.42766094207758
              ],
              [
                79.96306610107428,
                13.440572738647461
              ],
              [
                79.96218872070341,
                13.44413852691656
              ],
              [
                79.96186065673845,
                13.451279640197754
              ],
              [
                79.96826934814482,
                13.456431388855094
              ],
              [
                79.98747253417974,
                13.461910247802791
              ],
              [
                79.99056243896496,
                13.462059974670467
              ],
              [
                79.99076080322277,
                13.459219932556096
              ],
              [
                79.99537658691435,
                13.459450721740666
              ],
              [
                80.0044021606447,
                13.478260040283203
              ],
              [
                80.00589752197266,
                13.48777103424078
              ],
              [
                80.01885223388666,
                13.486371994018612
              ],
              [
                80.02481842041033,
                13.486700057983398
              ],
              [
                80.0360412597658,
                13.484479904175032
              ],
              [
                80.03719329834001,
                13.492821693420524
              ],
              [
                80.03697967529297,
                13.499350547790584
              ],
              [
                80.03275299072294,
                13.501839637756348
              ],
              [
                80.02564239501959,
                13.503971099853459
              ],
              [
                80.01908874511736,
                13.501660346984977
              ],
              [
                80.01361846923834,
                13.503911972045955
              ],
              [
                80.0084228515625,
                13.508301734924316
              ],
              [
                80.00623321533232,
                13.515062332153377
              ],
              [
                80.0003967285158,
                13.512372016906852
              ],
              [
                79.9901733398438,
                13.510090827941838
              ],
              [
                79.98973846435553,
                13.51300144195568
              ],
              [
                79.98928070068354,
                13.519000053405875
              ],
              [
                79.98967742919922,
                13.526760101318416
              ],
              [
                79.99413299560553,
                13.529600143432617
              ],
              [
                80.00771331787115,
                13.53237247467041
              ],
              [
                80.01449584960955,
                13.528490066528434
              ],
              [
                80.01754760742205,
                13.525131225585994
              ],
              [
                80.02951049804716,
                13.523590087890625
              ],
              [
                80.03409576416044,
                13.521800994873104
              ],
              [
                80.0454177856447,
                13.521981239318961
              ],
              [
                80.0509872436524,
                13.530511856079158
              ],
              [
                80.05950927734392,
                13.532548904418945
              ],
              [
                80.06561279296892,
                13.534760475158805
              ],
              [
                80.06717681884771,
                13.535920143127555
              ],
              [
                80.06944274902361,
                13.537590980529842
              ],
              [
                80.07276153564459,
                13.53392124176031
              ],
              [
                80.07582092285168,
                13.526760101318416
              ]
            ]
          ]
        ]
      }
    }
  ]
}